/* http://srecord.sourceforge.net/ */
@00000000 00010117 17010113 00010197 7F818193 00000213 00000313 00000393
@00000007 00000413 00000493 00000593 00000613 00000693 00000713 00000793
@0000000E 00000813 00000893 00000913 00000993 00000A13 00000A93 00000B13
@00000015 00000B93 00000C13 00000C93 00000D13 00000D93 00000E13 00000E93
@0000001C 00000F13 00000F93 87018513 87018593 0C0000EF 1B000413 1B000493
@00000023 00947A63 00042283 000280E7 00440413 FE946AE3 00000297 08C28293
@0000002A 30529073 00010297 FB428293 0BADD537 00D50513 00A2A023 00000513
@00000031 00000593 00000097 02C08093 000080E7 00010297 F8C28293 00A2A023
@00000038 00050663 00100073 0080006F 08000073 0000006F 82018613 00010797
@0000003F F0878793 82018693 84018713 0007A787 0006A707 00E7F7D3 00F72027
@00000046 00478793 00468693 00470713 FEC792E3 FD1FF06F 00100073 0000006F
@0000004D 00000000 00000000 00000000 02B57063 00B562B3 0032F293 00029E63
@00000054 00052023 00450513 FEB56CE3 00008067 00B51463 00008067 00100073
@0000005B 02B57C63 00B562B3 00C2E2B3 0032F293 02029863 40C502B3 40A58333
@00000062 0262E263 00062283 00460613 00552023 00450513 FEB568E3 00008067
@00000069 00B51463 00008067 00100073 00000000 00000000 00000000 00000000
@00000070 00000000 00000000 00000000 00000000 00000000 00000000 00000000
@00000077 00000000 00000000 00000000 00000000 00000000 00000000 00000000
@0000007E 00000000 00000000 00000000 00000000 00000000 00000000 00000000
@00000085 00000000 00000000 00000000 00000000 00000000 00000000 00000000
@0000008C 00000000 00000000 00000000 00000000 00000000 00000000 00000000
@00000093 00000000 00000000 00000000 00000000 00000000 00000000 00000000
@0000009A 00000000 00000000 00000000 00000000 00000000 00000000 00000000
@000000A1 00000000 00000000 00000000 00000000 00000000 00000000 00000000
@000000A8 00000000 00000000 00000000 00000000 00000000 00000000 00000000
@000000AF 00000000 00000000 00000000 00000000 00000000 00000000 00000000
@000000B6 00000000 00000000 00000000 00000000 00000000 00000000 00000000
@000000BD 00000000 00000000 00000000 00000000 00000000 00000000 00000000
@000000C4 00000000 00000000 00000000 00000000 00000000 00000000 00000000
@000000CB 00000000 00000000 00000000 00000000 00000000 00000000 00000000
@000000D2 00000000 00000000 00000000 00000000 00000000 00000000 00000000
@000000D9 00000000 00000000 00000000 00000000 00000000 00000000 00000000
@000000E0 00000000 00000000 00000000 00000000 00000000 00000000 00000000
@000000E7 00000000 00000000 00000000 00000000 00000000 00000000 00000000
@000000EE 00000000 00000000 00000000 00000000 00000000 00000000 00000000
@000000F5 00000000 00000000 00000000 00000000 00000000 00000000 00000000
@000000FC 00000000 00000000 00000000 00000000 00000000 00000000 00000000
@00000103 00000000 00000000 00000000 00000000 00000000 00000000 00000000
@0000010A 00000000 00000000 00000000 00000000 00000000 00000000 00000000
@00000111 00000000 00000000 00000000 00000000 00000000 00000000 00000000
@00000118 00000000 00000000 00000000 00000000 00000000 00000000 00000000
@0000011F 00000000 00000000 00000000 00000000 00000000 00000000 00000000
@00000126 00000000 00000000 00000000 00000000 00000000 00000000 00000000
@0000012D 00000000 00000000 00000000 00000000 00000000 00000000 00000000
@00000134 00000000 00000000 00000000 00000000 00000000 00000000 00000000
@0000013B 00000000 00000000 00000000 00000000 00000000 00000000 00000000
@00000142 00000000 00000000 00000000 00000000 00000000 00000000 00000000
@00000149 00000000 00000000 00000000 00000000 00000000 00000000 00000000
@00000150 00000000 00000000 00000000 00000000 00000000 00000000 00000000
@00000157 00000000 00000000 00000000 00000000 00000000 00000000 00000000
@0000015E 00000000 00000000 00000000 00000000 00000000 00000000 00000000
@00000165 00000000 00000000 00000000 00000000 00000000 00000000 00000000
@0000016C 00000000 00000000 00000000 00000000 00000000 00000000 00000000
@00000173 00000000 00000000 00000000 00000000 00000000 00000000 00000000
@0000017A 00000000 00000000 00000000 00000000 00000000 00000000 00000000
@00000181 00000000 00000000 00000000 00000000 00000000 00000000 00000000
@00000188 00000000 00000000 00000000 00000000 00000000 00000000 00000000
@0000018F 00000000 00000000 00000000 00000000 00000000 00000000 00000000
@00000196 00000000 00000000 00000000 00000000 00000000 00000000 00000000
@0000019D 00000000 00000000 00000000 00000000 00000000 00000000 00000000
@000001A4 00000000 00000000 00000000 00000000 00000000 00000000 00000000
@000001AB 00000000 00000000 00000000 00000000 00000000 00000000 00000000
@000001B2 00000000 00000000 00000000 00000000 00000000 00000000 00000000
@000001B9 00000000 00000000 00000000 00000000 00000000 00000000 00000000
@000001C0 00000000 00000000 00000000 00000000 00000000 00000000 00000000
@000001C7 00000000 00000000 00000000 00000000 00000000 00000000 00000000
@000001CE 00000000 00000000 00000000 00000000 00000000 00000000 00000000
@000001D5 00000000 00000000 00000000 00000000 00000000 00000000 00000000
@000001DC 00000000 00000000 00000000 00000000 00000000 00000000 00000000
@000001E3 00000000 00000000 00000000 00000000 00000000 00000000 00000000
@000001EA 00000000 00000000 00000000 00000000 00000000 00000000 00000000
@000001F1 00000000 00000000 00000000 00000000 00000000 00000000 00000000
@000001F8 00000000 00000000 00000000 00000000 00000000 00000000 00000000
@000001FF 00000000 00000000 00000000 00000000 00000000 00000000 00000000
@00000206 00000000 00000000 00000000 00000000 00000000 00000000 00000000
@0000020D 00000000 00000000 00000000 00000000 00000000 00000000 00000000
@00000214 00000000 00000000 00000000 00000000 00000000 00000000 00000000
@0000021B 00000000 00000000 00000000 00000000 00000000 00000000 00000000
@00000222 00000000 00000000 00000000 00000000 00000000 00000000 00000000
@00000229 00000000 00000000 00000000 00000000 00000000 00000000 00000000
@00000230 00000000 00000000 00000000 00000000 00000000 00000000 00000000
@00000237 00000000 00000000 00000000 00000000 00000000 00000000 00000000
@0000023E 00000000 00000000 00000000 00000000 00000000 00000000 00000000
@00000245 00000000 00000000 00000000 00000000 00000000 00000000 00000000
@0000024C 00000000 00000000 00000000 00000000 00000000 00000000 00000000
@00000253 00000000 00000000 00000000 00000000 00000000 00000000 00000000
@0000025A 00000000 00000000 00000000 00000000 00000000 00000000 00000000
@00000261 00000000 00000000 00000000 00000000 00000000 00000000 00000000
@00000268 00000000 00000000 00000000 00000000 00000000 00000000 00000000
@0000026F 00000000 00000000 00000000 00000000 00000000 00000000 00000000
@00000276 00000000 00000000 00000000 00000000 00000000 00000000 00000000
@0000027D 00000000 00000000 00000000 00000000 00000000 00000000 00000000
@00000284 00000000 00000000 00000000 00000000 00000000 00000000 00000000
@0000028B 00000000 00000000 00000000 00000000 00000000 00000000 00000000
@00000292 00000000 00000000 00000000 00000000 00000000 00000000 00000000
@00000299 00000000 00000000 00000000 00000000 00000000 00000000 00000000
@000002A0 00000000 00000000 00000000 00000000 00000000 00000000 00000000
@000002A7 00000000 00000000 00000000 00000000 00000000 00000000 00000000
@000002AE 00000000 00000000 00000000 00000000 00000000 00000000 00000000
@000002B5 00000000 00000000 00000000 00000000 00000000 00000000 00000000
@000002BC 00000000 00000000 00000000 00000000 00000000 00000000 00000000
@000002C3 00000000 00000000 00000000 00000000 00000000 00000000 00000000
@000002CA 00000000 00000000 00000000 00000000 00000000 00000000 00000000
@000002D1 00000000 00000000 00000000 00000000 00000000 00000000 00000000
@000002D8 00000000 00000000 00000000 00000000 00000000 00000000 00000000
@000002DF 00000000 00000000 00000000 00000000 00000000 00000000 00000000
@000002E6 00000000 00000000 00000000 00000000 00000000 00000000 00000000
@000002ED 00000000 00000000 00000000 00000000 00000000 00000000 00000000
@000002F4 00000000 00000000 00000000 00000000 00000000 00000000 00000000
@000002FB 00000000 00000000 00000000 00000000 00000000 00000000 00000000
@00000302 00000000 00000000 00000000 00000000 00000000 00000000 00000000
@00000309 00000000 00000000 00000000 00000000 00000000 00000000 00000000
@00000310 00000000 00000000 00000000 00000000 00000000 00000000 00000000
@00000317 00000000 00000000 00000000 00000000 00000000 00000000 00000000
@0000031E 00000000 00000000 00000000 00000000 00000000 00000000 00000000
@00000325 00000000 00000000 00000000 00000000 00000000 00000000 00000000
@0000032C 00000000 00000000 00000000 00000000 00000000 00000000 00000000
@00000333 00000000 00000000 00000000 00000000 00000000 00000000 00000000
@0000033A 00000000 00000000 00000000 00000000 00000000 00000000 00000000
@00000341 00000000 00000000 00000000 00000000 00000000 00000000 00000000
@00000348 00000000 00000000 00000000 00000000 00000000 00000000 00000000
@0000034F 00000000 00000000 00000000 00000000 00000000 00000000 00000000
@00000356 00000000 00000000 00000000 00000000 00000000 00000000 00000000
@0000035D 00000000 00000000 00000000 00000000 00000000 00000000 00000000
@00000364 00000000 00000000 00000000 00000000 00000000 00000000 00000000
@0000036B 00000000 00000000 00000000 00000000 00000000 00000000 00000000
@00000372 00000000 00000000 00000000 00000000 00000000 00000000 00000000
@00000379 00000000 00000000 00000000 00000000 00000000 00000000 00000000
@00000380 00000000 00000000 00000000 00000000 00000000 00000000 00000000
@00000387 00000000 00000000 00000000 00000000 00000000 00000000 00000000
@0000038E 00000000 00000000 00000000 00000000 00000000 00000000 00000000
@00000395 00000000 00000000 00000000 00000000 00000000 00000000 00000000
@0000039C 00000000 00000000 00000000 00000000 00000000 00000000 00000000
@000003A3 00000000 00000000 00000000 00000000 00000000 00000000 00000000
@000003AA 00000000 00000000 00000000 00000000 00000000 00000000 00000000
@000003B1 00000000 00000000 00000000 00000000 00000000 00000000 00000000
@000003B8 00000000 00000000 00000000 00000000 00000000 00000000 00000000
@000003BF 00000000 00000000 00000000 00000000 00000000 00000000 00000000
@000003C6 00000000 00000000 00000000 00000000 00000000 00000000 00000000
@000003CD 00000000 00000000 00000000 00000000 00000000 00000000 00000000
@000003D4 00000000 00000000 00000000 00000000 00000000 00000000 00000000
@000003DB 00000000 00000000 00000000 00000000 00000000 00000000 00000000
@000003E2 00000000 00000000 00000000 00000000 00000000 00000000 00000000
@000003E9 00000000 00000000 00000000 00000000 00000000 00000000 00000000
@000003F0 00000000 00000000 00000000 00000000 00000000 00000000 00000000
@000003F7 00000000 00000000 00000000 00000000 00000000 00000000 00000000
@000003FE 00000000 00000000 00000000 00000000 00000000 00000000 00000000
@00000405 00000000 00000000 00000000 00000000 00000000 00000000 00000000
@0000040C 00000000 00000000 00000000 00000000 00000000 00000000 00000000
@00000413 00000000 00000000 00000000 00000000 00000000 00000000 00000000
@0000041A 00000000 00000000 00000000 00000000 00000000 00000000 00000000
@00000421 00000000 00000000 00000000 00000000 00000000 00000000 00000000
@00000428 00000000 00000000 00000000 00000000 00000000 00000000 00000000
@0000042F 00000000 00000000 00000000 00000000 00000000 00000000 00000000
@00000436 00000000 00000000 00000000 00000000 00000000 00000000 00000000
@0000043D 00000000 00000000 00000000 00000000 00000000 00000000 00000000
@00000444 00000000 00000000 00000000 00000000 00000000 00000000 00000000
@0000044B 00000000 00000000 00000000 00000000 00000000 00000000 00000000
@00000452 00000000 00000000 00000000 00000000 00000000 00000000 00000000
@00000459 00000000 00000000 00000000 00000000 00000000 00000000 00000000
@00000460 00000000 00000000 00000000 00000000 00000000 00000000 00000000
@00000467 00000000 00000000 00000000 00000000 00000000 00000000 00000000
@0000046E 00000000 00000000 00000000 00000000 00000000 00000000 00000000
@00000475 00000000 00000000 00000000 00000000 00000000 00000000 00000000
@0000047C 00000000 00000000 00000000 00000000 00000000 00000000 00000000
@00000483 00000000 00000000 00000000 00000000 00000000 00000000 00000000
@0000048A 00000000 00000000 00000000 00000000 00000000 00000000 00000000
@00000491 00000000 00000000 00000000 00000000 00000000 00000000 00000000
@00000498 00000000 00000000 00000000 00000000 00000000 00000000 00000000
@0000049F 00000000 00000000 00000000 00000000 00000000 00000000 00000000
@000004A6 00000000 00000000 00000000 00000000 00000000 00000000 00000000
@000004AD 00000000 00000000 00000000 00000000 00000000 00000000 00000000
@000004B4 00000000 00000000 00000000 00000000 00000000 00000000 00000000
@000004BB 00000000 00000000 00000000 00000000 00000000 00000000 00000000
@000004C2 00000000 00000000 00000000 00000000 00000000 00000000 00000000
@000004C9 00000000 00000000 00000000 00000000 00000000 00000000 00000000
@000004D0 00000000 00000000 00000000 00000000 00000000 00000000 00000000
@000004D7 00000000 00000000 00000000 00000000 00000000 00000000 00000000
@000004DE 00000000 00000000 00000000 00000000 00000000 00000000 00000000
@000004E5 00000000 00000000 00000000 00000000 00000000 00000000 00000000
@000004EC 00000000 00000000 00000000 00000000 00000000 00000000 00000000
@000004F3 00000000 00000000 00000000 00000000 00000000 00000000 00000000
@000004FA 00000000 00000000 00000000 00000000 00000000 00000000 00000000
@00000501 00000000 00000000 00000000 00000000 00000000 00000000 00000000
@00000508 00000000 00000000 00000000 00000000 00000000 00000000 00000000
@0000050F 00000000 00000000 00000000 00000000 00000000 00000000 00000000
@00000516 00000000 00000000 00000000 00000000 00000000 00000000 00000000
@0000051D 00000000 00000000 00000000 00000000 00000000 00000000 00000000
@00000524 00000000 00000000 00000000 00000000 00000000 00000000 00000000
@0000052B 00000000 00000000 00000000 00000000 00000000 00000000 00000000
@00000532 00000000 00000000 00000000 00000000 00000000 00000000 00000000
@00000539 00000000 00000000 00000000 00000000 00000000 00000000 00000000
@00000540 00000000 00000000 00000000 00000000 00000000 00000000 00000000
@00000547 00000000 00000000 00000000 00000000 00000000 00000000 00000000
@0000054E 00000000 00000000 00000000 00000000 00000000 00000000 00000000
@00000555 00000000 00000000 00000000 00000000 00000000 00000000 00000000
@0000055C 00000000 00000000 00000000 00000000 00000000 00000000 00000000
@00000563 00000000 00000000 00000000 00000000 00000000 00000000 00000000
@0000056A 00000000 00000000 00000000 00000000 00000000 00000000 00000000
@00000571 00000000 00000000 00000000 00000000 00000000 00000000 00000000
@00000578 00000000 00000000 00000000 00000000 00000000 00000000 00000000
@0000057F 00000000 00000000 00000000 00000000 00000000 00000000 00000000
@00000586 00000000 00000000 00000000 00000000 00000000 00000000 00000000
@0000058D 00000000 00000000 00000000 00000000 00000000 00000000 00000000
@00000594 00000000 00000000 00000000 00000000 00000000 00000000 00000000
@0000059B 00000000 00000000 00000000 00000000 00000000 00000000 00000000
@000005A2 00000000 00000000 00000000 00000000 00000000 00000000 00000000
@000005A9 00000000 00000000 00000000 00000000 00000000 00000000 00000000
@000005B0 00000000 00000000 00000000 00000000 00000000 00000000 00000000
@000005B7 00000000 00000000 00000000 00000000 00000000 00000000 00000000
@000005BE 00000000 00000000 00000000 00000000 00000000 00000000 00000000
@000005C5 00000000 00000000 00000000 00000000 00000000 00000000 00000000
@000005CC 00000000 00000000 00000000 00000000 00000000 00000000 00000000
@000005D3 00000000 00000000 00000000 00000000 00000000 00000000 00000000
@000005DA 00000000 00000000 00000000 00000000 00000000 00000000 00000000
@000005E1 00000000 00000000 00000000 00000000 00000000 00000000 00000000
@000005E8 00000000 00000000 00000000 00000000 00000000 00000000 00000000
@000005EF 00000000 00000000 00000000 00000000 00000000 00000000 00000000
@000005F6 00000000 00000000 00000000 00000000 00000000 00000000 00000000
@000005FD 00000000 00000000 00000000 00000000 00000000 00000000 00000000
@00000604 00000000 00000000 00000000 00000000 00000000 00000000 00000000
@0000060B 00000000 00000000 00000000 00000000 00000000 00000000 00000000
@00000612 00000000 00000000 00000000 00000000 00000000 00000000 00000000
@00000619 00000000 00000000 00000000 00000000 00000000 00000000 00000000
@00000620 00000000 00000000 00000000 00000000 00000000 00000000 00000000
@00000627 00000000 00000000 00000000 00000000 00000000 00000000 00000000
@0000062E 00000000 00000000 00000000 00000000 00000000 00000000 00000000
@00000635 00000000 00000000 00000000 00000000 00000000 00000000 00000000
@0000063C 00000000 00000000 00000000 00000000 00000000 00000000 00000000
@00000643 00000000 00000000 00000000 00000000 00000000 00000000 00000000
@0000064A 00000000 00000000 00000000 00000000 00000000 00000000 00000000
@00000651 00000000 00000000 00000000 00000000 00000000 00000000 00000000
@00000658 00000000 00000000 00000000 00000000 00000000 00000000 00000000
@0000065F 00000000 00000000 00000000 00000000 00000000 00000000 00000000
@00000666 00000000 00000000 00000000 00000000 00000000 00000000 00000000
@0000066D 00000000 00000000 00000000 00000000 00000000 00000000 00000000
@00000674 00000000 00000000 00000000 00000000 00000000 00000000 00000000
@0000067B 00000000 00000000 00000000 00000000 00000000 00000000 00000000
@00000682 00000000 00000000 00000000 00000000 00000000 00000000 00000000
@00000689 00000000 00000000 00000000 00000000 00000000 00000000 00000000
@00000690 00000000 00000000 00000000 00000000 00000000 00000000 00000000
@00000697 00000000 00000000 00000000 00000000 00000000 00000000 00000000
@0000069E 00000000 00000000 00000000 00000000 00000000 00000000 00000000
@000006A5 00000000 00000000 00000000 00000000 00000000 00000000 00000000
@000006AC 00000000 00000000 00000000 00000000 00000000 00000000 00000000
@000006B3 00000000 00000000 00000000 00000000 00000000 00000000 00000000
@000006BA 00000000 00000000 00000000 00000000 00000000 00000000 00000000
@000006C1 00000000 00000000 00000000 00000000 00000000 00000000 00000000
@000006C8 00000000 00000000 00000000 00000000 00000000 00000000 00000000
@000006CF 00000000 00000000 00000000 00000000 00000000 00000000 00000000
@000006D6 00000000 00000000 00000000 00000000 00000000 00000000 00000000
@000006DD 00000000 00000000 00000000 00000000 00000000 00000000 00000000
@000006E4 00000000 00000000 00000000 00000000 00000000 00000000 00000000
@000006EB 00000000 00000000 00000000 00000000 00000000 00000000 00000000
@000006F2 00000000 00000000 00000000 00000000 00000000 00000000 00000000
@000006F9 00000000 00000000 00000000 00000000 00000000 00000000 00000000
@00000700 00000000 00000000 00000000 00000000 00000000 00000000 00000000
@00000707 00000000 00000000 00000000 00000000 00000000 00000000 00000000
@0000070E 00000000 00000000 00000000 00000000 00000000 00000000 00000000
@00000715 00000000 00000000 00000000 00000000 00000000 00000000 00000000
@0000071C 00000000 00000000 00000000 00000000 00000000 00000000 00000000
@00000723 00000000 00000000 00000000 00000000 00000000 00000000 00000000
@0000072A 00000000 00000000 00000000 00000000 00000000 00000000 00000000
@00000731 00000000 00000000 00000000 00000000 00000000 00000000 00000000
@00000738 00000000 00000000 00000000 00000000 00000000 00000000 00000000
@0000073F 00000000 00000000 00000000 00000000 00000000 00000000 00000000
@00000746 00000000 00000000 00000000 00000000 00000000 00000000 00000000
@0000074D 00000000 00000000 00000000 00000000 00000000 00000000 00000000
@00000754 00000000 00000000 00000000 00000000 00000000 00000000 00000000
@0000075B 00000000 00000000 00000000 00000000 00000000 00000000 00000000
@00000762 00000000 00000000 00000000 00000000 00000000 00000000 00000000
@00000769 00000000 00000000 00000000 00000000 00000000 00000000 00000000
@00000770 00000000 00000000 00000000 00000000 00000000 00000000 00000000
@00000777 00000000 00000000 00000000 00000000 00000000 00000000 00000000
@0000077E 00000000 00000000 00000000 00000000 00000000 00000000 00000000
@00000785 00000000 00000000 00000000 00000000 00000000 00000000 00000000
@0000078C 00000000 00000000 00000000 00000000 00000000 00000000 00000000
@00000793 00000000 00000000 00000000 00000000 00000000 00000000 00000000
@0000079A 00000000 00000000 00000000 00000000 00000000 00000000 00000000
@000007A1 00000000 00000000 00000000 00000000 00000000 00000000 00000000
@000007A8 00000000 00000000 00000000 00000000 00000000 00000000 00000000
@000007AF 00000000 00000000 00000000 00000000 00000000 00000000 00000000
@000007B6 00000000 00000000 00000000 00000000 00000000 00000000 00000000
@000007BD 00000000 00000000 00000000 00000000 00000000 00000000 00000000
@000007C4 00000000 00000000 00000000 00000000 00000000 00000000 00000000
@000007CB 00000000 00000000 00000000 00000000 00000000 00000000 00000000
@000007D2 00000000 00000000 00000000 00000000 00000000 00000000 00000000
@000007D9 00000000 00000000 00000000 00000000 00000000 00000000 00000000
@000007E0 00000000 00000000 00000000 00000000 00000000 00000000 00000000
@000007E7 00000000 00000000 00000000 00000000 00000000 00000000 00000000
@000007EE 00000000 00000000 00000000 00000000 00000000 00000000 00000000
@000007F5 00000000 00000000 00000000 00000000 00000000 00000000 00000000
@000007FC 00000000 00000000 00000000 00000000 00000000 00000000 00000000
@00000803 00000000 00000000 00000000 00000000 00000000 00000000 00000000
@0000080A 00000000 00000000 00000000 00000000 00000000 00000000 00000000
@00000811 00000000 00000000 00000000 00000000 00000000 00000000 00000000
@00000818 00000000 00000000 00000000 00000000 00000000 00000000 00000000
@0000081F 00000000 00000000 00000000 00000000 00000000 00000000 00000000
@00000826 00000000 00000000 00000000 00000000 00000000 00000000 00000000
@0000082D 00000000 00000000 00000000 00000000 00000000 00000000 00000000
@00000834 00000000 00000000 00000000 00000000 00000000 00000000 00000000
@0000083B 00000000 00000000 00000000 00000000 00000000 00000000 00000000
@00000842 00000000 00000000 00000000 00000000 00000000 00000000 00000000
@00000849 00000000 00000000 00000000 00000000 00000000 00000000 00000000
@00000850 00000000 00000000 00000000 00000000 00000000 00000000 00000000
@00000857 00000000 00000000 00000000 00000000 00000000 00000000 00000000
@0000085E 00000000 00000000 00000000 00000000 00000000 00000000 00000000
@00000865 00000000 00000000 00000000 00000000 00000000 00000000 00000000
@0000086C 00000000 00000000 00000000 00000000 00000000 00000000 00000000
@00000873 00000000 00000000 00000000 00000000 00000000 00000000 00000000
@0000087A 00000000 00000000 00000000 00000000 00000000 00000000 00000000
@00000881 00000000 00000000 00000000 00000000 00000000 00000000 00000000
@00000888 00000000 00000000 00000000 00000000 00000000 00000000 00000000
@0000088F 00000000 00000000 00000000 00000000 00000000 00000000 00000000
@00000896 00000000 00000000 00000000 00000000 00000000 00000000 00000000
@0000089D 00000000 00000000 00000000 00000000 00000000 00000000 00000000
@000008A4 00000000 00000000 00000000 00000000 00000000 00000000 00000000
@000008AB 00000000 00000000 00000000 00000000 00000000 00000000 00000000
@000008B2 00000000 00000000 00000000 00000000 00000000 00000000 00000000
@000008B9 00000000 00000000 00000000 00000000 00000000 00000000 00000000
@000008C0 00000000 00000000 00000000 00000000 00000000 00000000 00000000
@000008C7 00000000 00000000 00000000 00000000 00000000 00000000 00000000
@000008CE 00000000 00000000 00000000 00000000 00000000 00000000 00000000
@000008D5 00000000 00000000 00000000 00000000 00000000 00000000 00000000
@000008DC 00000000 00000000 00000000 00000000 00000000 00000000 00000000
@000008E3 00000000 00000000 00000000 00000000 00000000 00000000 00000000
@000008EA 00000000 00000000 00000000 00000000 00000000 00000000 00000000
@000008F1 00000000 00000000 00000000 00000000 00000000 00000000 00000000
@000008F8 00000000 00000000 00000000 00000000 00000000 00000000 00000000
@000008FF 00000000 00000000 00000000 00000000 00000000 00000000 00000000
@00000906 00000000 00000000 00000000 00000000 00000000 00000000 00000000
@0000090D 00000000 00000000 00000000 00000000 00000000 00000000 00000000
@00000914 00000000 00000000 00000000 00000000 00000000 00000000 00000000
@0000091B 00000000 00000000 00000000 00000000 00000000 00000000 00000000
@00000922 00000000 00000000 00000000 00000000 00000000 00000000 00000000
@00000929 00000000 00000000 00000000 00000000 00000000 00000000 00000000
@00000930 00000000 00000000 00000000 00000000 00000000 00000000 00000000
@00000937 00000000 00000000 00000000 00000000 00000000 00000000 00000000
@0000093E 00000000 00000000 00000000 00000000 00000000 00000000 00000000
@00000945 00000000 00000000 00000000 00000000 00000000 00000000 00000000
@0000094C 00000000 00000000 00000000 00000000 00000000 00000000 00000000
@00000953 00000000 00000000 00000000 00000000 00000000 00000000 00000000
@0000095A 00000000 00000000 00000000 00000000 00000000 00000000 00000000
@00000961 00000000 00000000 00000000 00000000 00000000 00000000 00000000
@00000968 00000000 00000000 00000000 00000000 00000000 00000000 00000000
@0000096F 00000000 00000000 00000000 00000000 00000000 00000000 00000000
@00000976 00000000 00000000 00000000 00000000 00000000 00000000 00000000
@0000097D 00000000 00000000 00000000 00000000 00000000 00000000 00000000
@00000984 00000000 00000000 00000000 00000000 00000000 00000000 00000000
@0000098B 00000000 00000000 00000000 00000000 00000000 00000000 00000000
@00000992 00000000 00000000 00000000 00000000 00000000 00000000 00000000
@00000999 00000000 00000000 00000000 00000000 00000000 00000000 00000000
@000009A0 00000000 00000000 00000000 00000000 00000000 00000000 00000000
@000009A7 00000000 00000000 00000000 00000000 00000000 00000000 00000000
@000009AE 00000000 00000000 00000000 00000000 00000000 00000000 00000000
@000009B5 00000000 00000000 00000000 00000000 00000000 00000000 00000000
@000009BC 00000000 00000000 00000000 00000000 00000000 00000000 00000000
@000009C3 00000000 00000000 00000000 00000000 00000000 00000000 00000000
@000009CA 00000000 00000000 00000000 00000000 00000000 00000000 00000000
@000009D1 00000000 00000000 00000000 00000000 00000000 00000000 00000000
@000009D8 00000000 00000000 00000000 00000000 00000000 00000000 00000000
@000009DF 00000000 00000000 00000000 00000000 00000000 00000000 00000000
@000009E6 00000000 00000000 00000000 00000000 00000000 00000000 00000000
@000009ED 00000000 00000000 00000000 00000000 00000000 00000000 00000000
@000009F4 00000000 00000000 00000000 00000000 00000000 00000000 00000000
@000009FB 00000000 00000000 00000000 00000000 00000000 00000000 00000000
@00000A02 00000000 00000000 00000000 00000000 00000000 00000000 00000000
@00000A09 00000000 00000000 00000000 00000000 00000000 00000000 00000000
@00000A10 00000000 00000000 00000000 00000000 00000000 00000000 00000000
@00000A17 00000000 00000000 00000000 00000000 00000000 00000000 00000000
@00000A1E 00000000 00000000 00000000 00000000 00000000 00000000 00000000
@00000A25 00000000 00000000 00000000 00000000 00000000 00000000 00000000
@00000A2C 00000000 00000000 00000000 00000000 00000000 00000000 00000000
@00000A33 00000000 00000000 00000000 00000000 00000000 00000000 00000000
@00000A3A 00000000 00000000 00000000 00000000 00000000 00000000 00000000
@00000A41 00000000 00000000 00000000 00000000 00000000 00000000 00000000
@00000A48 00000000 00000000 00000000 00000000 00000000 00000000 00000000
@00000A4F 00000000 00000000 00000000 00000000 00000000 00000000 00000000
@00000A56 00000000 00000000 00000000 00000000 00000000 00000000 00000000
@00000A5D 00000000 00000000 00000000 00000000 00000000 00000000 00000000
@00000A64 00000000 00000000 00000000 00000000 00000000 00000000 00000000
@00000A6B 00000000 00000000 00000000 00000000 00000000 00000000 00000000
@00000A72 00000000 00000000 00000000 00000000 00000000 00000000 00000000
@00000A79 00000000 00000000 00000000 00000000 00000000 00000000 00000000
@00000A80 00000000 00000000 00000000 00000000 00000000 00000000 00000000
@00000A87 00000000 00000000 00000000 00000000 00000000 00000000 00000000
@00000A8E 00000000 00000000 00000000 00000000 00000000 00000000 00000000
@00000A95 00000000 00000000 00000000 00000000 00000000 00000000 00000000
@00000A9C 00000000 00000000 00000000 00000000 00000000 00000000 00000000
@00000AA3 00000000 00000000 00000000 00000000 00000000 00000000 00000000
@00000AAA 00000000 00000000 00000000 00000000 00000000 00000000 00000000
@00000AB1 00000000 00000000 00000000 00000000 00000000 00000000 00000000
@00000AB8 00000000 00000000 00000000 00000000 00000000 00000000 00000000
@00000ABF 00000000 00000000 00000000 00000000 00000000 00000000 00000000
@00000AC6 00000000 00000000 00000000 00000000 00000000 00000000 00000000
@00000ACD 00000000 00000000 00000000 00000000 00000000 00000000 00000000
@00000AD4 00000000 00000000 00000000 00000000 00000000 00000000 00000000
@00000ADB 00000000 00000000 00000000 00000000 00000000 00000000 00000000
@00000AE2 00000000 00000000 00000000 00000000 00000000 00000000 00000000
@00000AE9 00000000 00000000 00000000 00000000 00000000 00000000 00000000
@00000AF0 00000000 00000000 00000000 00000000 00000000 00000000 00000000
@00000AF7 00000000 00000000 00000000 00000000 00000000 00000000 00000000
@00000AFE 00000000 00000000 00000000 00000000 00000000 00000000 00000000
@00000B05 00000000 00000000 00000000 00000000 00000000 00000000 00000000
@00000B0C 00000000 00000000 00000000 00000000 00000000 00000000 00000000
@00000B13 00000000 00000000 00000000 00000000 00000000 00000000 00000000
@00000B1A 00000000 00000000 00000000 00000000 00000000 00000000 00000000
@00000B21 00000000 00000000 00000000 00000000 00000000 00000000 00000000
@00000B28 00000000 00000000 00000000 00000000 00000000 00000000 00000000
@00000B2F 00000000 00000000 00000000 00000000 00000000 00000000 00000000
@00000B36 00000000 00000000 00000000 00000000 00000000 00000000 00000000
@00000B3D 00000000 00000000 00000000 00000000 00000000 00000000 00000000
@00000B44 00000000 00000000 00000000 00000000 00000000 00000000 00000000
@00000B4B 00000000 00000000 00000000 00000000 00000000 00000000 00000000
@00000B52 00000000 00000000 00000000 00000000 00000000 00000000 00000000
@00000B59 00000000 00000000 00000000 00000000 00000000 00000000 00000000
@00000B60 00000000 00000000 00000000 00000000 00000000 00000000 00000000
@00000B67 00000000 00000000 00000000 00000000 00000000 00000000 00000000
@00000B6E 00000000 00000000 00000000 00000000 00000000 00000000 00000000
@00000B75 00000000 00000000 00000000 00000000 00000000 00000000 00000000
@00000B7C 00000000 00000000 00000000 00000000 00000000 00000000 00000000
@00000B83 00000000 00000000 00000000 00000000 00000000 00000000 00000000
@00000B8A 00000000 00000000 00000000 00000000 00000000 00000000 00000000
@00000B91 00000000 00000000 00000000 00000000 00000000 00000000 00000000
@00000B98 00000000 00000000 00000000 00000000 00000000 00000000 00000000
@00000B9F 00000000 00000000 00000000 00000000 00000000 00000000 00000000
@00000BA6 00000000 00000000 00000000 00000000 00000000 00000000 00000000
@00000BAD 00000000 00000000 00000000 00000000 00000000 00000000 00000000
@00000BB4 00000000 00000000 00000000 00000000 00000000 00000000 00000000
@00000BBB 00000000 00000000 00000000 00000000 00000000 00000000 00000000
@00000BC2 00000000 00000000 00000000 00000000 00000000 00000000 00000000
@00000BC9 00000000 00000000 00000000 00000000 00000000 00000000 00000000
@00000BD0 00000000 00000000 00000000 00000000 00000000 00000000 00000000
@00000BD7 00000000 00000000 00000000 00000000 00000000 00000000 00000000
@00000BDE 00000000 00000000 00000000 00000000 00000000 00000000 00000000
@00000BE5 00000000 00000000 00000000 00000000 00000000 00000000 00000000
@00000BEC 00000000 00000000 00000000 00000000 00000000 00000000 00000000
@00000BF3 00000000 00000000 00000000 00000000 00000000 00000000 00000000
@00000BFA 00000000 00000000 00000000 00000000 00000000 00000000 00000000
@00000C01 00000000 00000000 00000000 00000000 00000000 00000000 00000000
@00000C08 00000000 00000000 00000000 00000000 00000000 00000000 00000000
@00000C0F 00000000 00000000 00000000 00000000 00000000 00000000 00000000
@00000C16 00000000 00000000 00000000 00000000 00000000 00000000 00000000
@00000C1D 00000000 00000000 00000000 00000000 00000000 00000000 00000000
@00000C24 00000000 00000000 00000000 00000000 00000000 00000000 00000000
@00000C2B 00000000 00000000 00000000 00000000 00000000 00000000 00000000
@00000C32 00000000 00000000 00000000 00000000 00000000 00000000 00000000
@00000C39 00000000 00000000 00000000 00000000 00000000 00000000 00000000
@00000C40 00000000 00000000 00000000 00000000 00000000 00000000 00000000
@00000C47 00000000 00000000 00000000 00000000 00000000 00000000 00000000
@00000C4E 00000000 00000000 00000000 00000000 00000000 00000000 00000000
@00000C55 00000000 00000000 00000000 00000000 00000000 00000000 00000000
@00000C5C 00000000 00000000 00000000 00000000 00000000 00000000 00000000
@00000C63 00000000 00000000 00000000 00000000 00000000 00000000 00000000
@00000C6A 00000000 00000000 00000000 00000000 00000000 00000000 00000000
@00000C71 00000000 00000000 00000000 00000000 00000000 00000000 00000000
@00000C78 00000000 00000000 00000000 00000000 00000000 00000000 00000000
@00000C7F 00000000 00000000 00000000 00000000 00000000 00000000 00000000
@00000C86 00000000 00000000 00000000 00000000 00000000 00000000 00000000
@00000C8D 00000000 00000000 00000000 00000000 00000000 00000000 00000000
@00000C94 00000000 00000000 00000000 00000000 00000000 00000000 00000000
@00000C9B 00000000 00000000 00000000 00000000 00000000 00000000 00000000
@00000CA2 00000000 00000000 00000000 00000000 00000000 00000000 00000000
@00000CA9 00000000 00000000 00000000 00000000 00000000 00000000 00000000
@00000CB0 00000000 00000000 00000000 00000000 00000000 00000000 00000000
@00000CB7 00000000 00000000 00000000 00000000 00000000 00000000 00000000
@00000CBE 00000000 00000000 00000000 00000000 00000000 00000000 00000000
@00000CC5 00000000 00000000 00000000 00000000 00000000 00000000 00000000
@00000CCC 00000000 00000000 00000000 00000000 00000000 00000000 00000000
@00000CD3 00000000 00000000 00000000 00000000 00000000 00000000 00000000
@00000CDA 00000000 00000000 00000000 00000000 00000000 00000000 00000000
@00000CE1 00000000 00000000 00000000 00000000 00000000 00000000 00000000
@00000CE8 00000000 00000000 00000000 00000000 00000000 00000000 00000000
@00000CEF 00000000 00000000 00000000 00000000 00000000 00000000 00000000
@00000CF6 00000000 00000000 00000000 00000000 00000000 00000000 00000000
@00000CFD 00000000 00000000 00000000 00000000 00000000 00000000 00000000
@00000D04 00000000 00000000 00000000 00000000 00000000 00000000 00000000
@00000D0B 00000000 00000000 00000000 00000000 00000000 00000000 00000000
@00000D12 00000000 00000000 00000000 00000000 00000000 00000000 00000000
@00000D19 00000000 00000000 00000000 00000000 00000000 00000000 00000000
@00000D20 00000000 00000000 00000000 00000000 00000000 00000000 00000000
@00000D27 00000000 00000000 00000000 00000000 00000000 00000000 00000000
@00000D2E 00000000 00000000 00000000 00000000 00000000 00000000 00000000
@00000D35 00000000 00000000 00000000 00000000 00000000 00000000 00000000
@00000D3C 00000000 00000000 00000000 00000000 00000000 00000000 00000000
@00000D43 00000000 00000000 00000000 00000000 00000000 00000000 00000000
@00000D4A 00000000 00000000 00000000 00000000 00000000 00000000 00000000
@00000D51 00000000 00000000 00000000 00000000 00000000 00000000 00000000
@00000D58 00000000 00000000 00000000 00000000 00000000 00000000 00000000
@00000D5F 00000000 00000000 00000000 00000000 00000000 00000000 00000000
@00000D66 00000000 00000000 00000000 00000000 00000000 00000000 00000000
@00000D6D 00000000 00000000 00000000 00000000 00000000 00000000 00000000
@00000D74 00000000 00000000 00000000 00000000 00000000 00000000 00000000
@00000D7B 00000000 00000000 00000000 00000000 00000000 00000000 00000000
@00000D82 00000000 00000000 00000000 00000000 00000000 00000000 00000000
@00000D89 00000000 00000000 00000000 00000000 00000000 00000000 00000000
@00000D90 00000000 00000000 00000000 00000000 00000000 00000000 00000000
@00000D97 00000000 00000000 00000000 00000000 00000000 00000000 00000000
@00000D9E 00000000 00000000 00000000 00000000 00000000 00000000 00000000
@00000DA5 00000000 00000000 00000000 00000000 00000000 00000000 00000000
@00000DAC 00000000 00000000 00000000 00000000 00000000 00000000 00000000
@00000DB3 00000000 00000000 00000000 00000000 00000000 00000000 00000000
@00000DBA 00000000 00000000 00000000 00000000 00000000 00000000 00000000
@00000DC1 00000000 00000000 00000000 00000000 00000000 00000000 00000000
@00000DC8 00000000 00000000 00000000 00000000 00000000 00000000 00000000
@00000DCF 00000000 00000000 00000000 00000000 00000000 00000000 00000000
@00000DD6 00000000 00000000 00000000 00000000 00000000 00000000 00000000
@00000DDD 00000000 00000000 00000000 00000000 00000000 00000000 00000000
@00000DE4 00000000 00000000 00000000 00000000 00000000 00000000 00000000
@00000DEB 00000000 00000000 00000000 00000000 00000000 00000000 00000000
@00000DF2 00000000 00000000 00000000 00000000 00000000 00000000 00000000
@00000DF9 00000000 00000000 00000000 00000000 00000000 00000000 00000000
@00000E00 00000000 00000000 00000000 00000000 00000000 00000000 00000000
@00000E07 00000000 00000000 00000000 00000000 00000000 00000000 00000000
@00000E0E 00000000 00000000 00000000 00000000 00000000 00000000 00000000
@00000E15 00000000 00000000 00000000 00000000 00000000 00000000 00000000
@00000E1C 00000000 00000000 00000000 00000000 00000000 00000000 00000000
@00000E23 00000000 00000000 00000000 00000000 00000000 00000000 00000000
@00000E2A 00000000 00000000 00000000 00000000 00000000 00000000 00000000
@00000E31 00000000 00000000 00000000 00000000 00000000 00000000 00000000
@00000E38 00000000 00000000 00000000 00000000 00000000 00000000 00000000
@00000E3F 00000000 00000000 00000000 00000000 00000000 00000000 00000000
@00000E46 00000000 00000000 00000000 00000000 00000000 00000000 00000000
@00000E4D 00000000 00000000 00000000 00000000 00000000 00000000 00000000
@00000E54 00000000 00000000 00000000 00000000 00000000 00000000 00000000
@00000E5B 00000000 00000000 00000000 00000000 00000000 00000000 00000000
@00000E62 00000000 00000000 00000000 00000000 00000000 00000000 00000000
@00000E69 00000000 00000000 00000000 00000000 00000000 00000000 00000000
@00000E70 00000000 00000000 00000000 00000000 00000000 00000000 00000000
@00000E77 00000000 00000000 00000000 00000000 00000000 00000000 00000000
@00000E7E 00000000 00000000 00000000 00000000 00000000 00000000 00000000
@00000E85 00000000 00000000 00000000 00000000 00000000 00000000 00000000
@00000E8C 00000000 00000000 00000000 00000000 00000000 00000000 00000000
@00000E93 00000000 00000000 00000000 00000000 00000000 00000000 00000000
@00000E9A 00000000 00000000 00000000 00000000 00000000 00000000 00000000
@00000EA1 00000000 00000000 00000000 00000000 00000000 00000000 00000000
@00000EA8 00000000 00000000 00000000 00000000 00000000 00000000 00000000
@00000EAF 00000000 00000000 00000000 00000000 00000000 00000000 00000000
@00000EB6 00000000 00000000 00000000 00000000 00000000 00000000 00000000
@00000EBD 00000000 00000000 00000000 00000000 00000000 00000000 00000000
@00000EC4 00000000 00000000 00000000 00000000 00000000 00000000 00000000
@00000ECB 00000000 00000000 00000000 00000000 00000000 00000000 00000000
@00000ED2 00000000 00000000 00000000 00000000 00000000 00000000 00000000
@00000ED9 00000000 00000000 00000000 00000000 00000000 00000000 00000000
@00000EE0 00000000 00000000 00000000 00000000 00000000 00000000 00000000
@00000EE7 00000000 00000000 00000000 00000000 00000000 00000000 00000000
@00000EEE 00000000 00000000 00000000 00000000 00000000 00000000 00000000
@00000EF5 00000000 00000000 00000000 00000000 00000000 00000000 00000000
@00000EFC 00000000 00000000 00000000 00000000 00000000 00000000 00000000
@00000F03 00000000 00000000 00000000 00000000 00000000 00000000 00000000
@00000F0A 00000000 00000000 00000000 00000000 00000000 00000000 00000000
@00000F11 00000000 00000000 00000000 00000000 00000000 00000000 00000000
@00000F18 00000000 00000000 00000000 00000000 00000000 00000000 00000000
@00000F1F 00000000 00000000 00000000 00000000 00000000 00000000 00000000
@00000F26 00000000 00000000 00000000 00000000 00000000 00000000 00000000
@00000F2D 00000000 00000000 00000000 00000000 00000000 00000000 00000000
@00000F34 00000000 00000000 00000000 00000000 00000000 00000000 00000000
@00000F3B 00000000 00000000 00000000 00000000 00000000 00000000 00000000
@00000F42 00000000 00000000 00000000 00000000 00000000 00000000 00000000
@00000F49 00000000 00000000 00000000 00000000 00000000 00000000 00000000
@00000F50 00000000 00000000 00000000 00000000 00000000 00000000 00000000
@00000F57 00000000 00000000 00000000 00000000 00000000 00000000 00000000
@00000F5E 00000000 00000000 00000000 00000000 00000000 00000000 00000000
@00000F65 00000000 00000000 00000000 00000000 00000000 00000000 00000000
@00000F6C 00000000 00000000 00000000 00000000 00000000 00000000 00000000
@00000F73 00000000 00000000 00000000 00000000 00000000 00000000 00000000
@00000F7A 00000000 00000000 00000000 00000000 00000000 00000000 00000000
@00000F81 00000000 00000000 00000000 00000000 00000000 00000000 00000000
@00000F88 00000000 00000000 00000000 00000000 00000000 00000000 00000000
@00000F8F 00000000 00000000 00000000 00000000 00000000 00000000 00000000
@00000F96 00000000 00000000 00000000 00000000 00000000 00000000 00000000
@00000F9D 00000000 00000000 00000000 00000000 00000000 00000000 00000000
@00000FA4 00000000 00000000 00000000 00000000 00000000 00000000 00000000
@00000FAB 00000000 00000000 00000000 00000000 00000000 00000000 00000000
@00000FB2 00000000 00000000 00000000 00000000 00000000 00000000 00000000
@00000FB9 00000000 00000000 00000000 00000000 00000000 00000000 00000000
@00000FC0 00000000 00000000 00000000 00000000 00000000 00000000 00000000
@00000FC7 00000000 00000000 00000000 00000000 00000000 00000000 00000000
@00000FCE 00000000 00000000 00000000 00000000 00000000 00000000 00000000
@00000FD5 00000000 00000000 00000000 00000000 00000000 00000000 00000000
@00000FDC 00000000 00000000 00000000 00000000 00000000 00000000 00000000
@00000FE3 00000000 00000000 00000000 00000000 00000000 00000000 00000000
@00000FEA 00000000 00000000 00000000 00000000 00000000 00000000 00000000
@00000FF1 00000000 00000000 00000000 00000000 00000000 00000000 00000000
@00000FF8 00000000 00000000 00000000 00000000 00000000 00000000 00000000
@00000FFF 00000000 00000000 00000000 00000000 00000000 00000000 00000000
@00001006 00000000 00000000 00000000 00000000 00000000 00000000 00000000
@0000100D 00000000 00000000 00000000 00000000 00000000 00000000 00000000
@00001014 00000000 00000000 00000000 00000000 00000000 00000000 00000000
@0000101B 00000000 00000000 00000000 00000000 00000000 00000000 00000000
@00001022 00000000 00000000 00000000 00000000 00000000 00000000 00000000
@00001029 00000000 00000000 00000000 00000000 00000000 00000000 00000000
@00001030 00000000 00000000 00000000 00000000 00000000 00000000 00000000
@00001037 00000000 00000000 00000000 00000000 00000000 00000000 00000000
@0000103E 00000000 00000000 00000000 00000000 00000000 00000000 00000000
@00001045 00000000 00000000 00000000 00000000 00000000 00000000 00000000
@0000104C 00000000 00000000 00000000 00000000 00000000 00000000 00000000
@00001053 00000000 00000000 00000000 00000000 00000000 00000000 00000000
@0000105A 00000000 00000000 00000000 00000000 00000000 00000000 00000000
@00001061 00000000 00000000 00000000 00000000 00000000 00000000 00000000
@00001068 00000000 00000000 00000000 00000000 00000000 00000000 00000000
@0000106F 00000000 00000000 00000000 00000000 00000000 00000000 00000000
@00001076 00000000 00000000 00000000 00000000 00000000 00000000 00000000
@0000107D 00000000 00000000 00000000 00000000 00000000 00000000 00000000
@00001084 00000000 00000000 00000000 00000000 00000000 00000000 00000000
@0000108B 00000000 00000000 00000000 00000000 00000000 00000000 00000000
@00001092 00000000 00000000 00000000 00000000 00000000 00000000 00000000
@00001099 00000000 00000000 00000000 00000000 00000000 00000000 00000000
@000010A0 00000000 00000000 00000000 00000000 00000000 00000000 00000000
@000010A7 00000000 00000000 00000000 00000000 00000000 00000000 00000000
@000010AE 00000000 00000000 00000000 00000000 00000000 00000000 00000000
@000010B5 00000000 00000000 00000000 00000000 00000000 00000000 00000000
@000010BC 00000000 00000000 00000000 00000000 00000000 00000000 00000000
@000010C3 00000000 00000000 00000000 00000000 00000000 00000000 00000000
@000010CA 00000000 00000000 00000000 00000000 00000000 00000000 00000000
@000010D1 00000000 00000000 00000000 00000000 00000000 00000000 00000000
@000010D8 00000000 00000000 00000000 00000000 00000000 00000000 00000000
@000010DF 00000000 00000000 00000000 00000000 00000000 00000000 00000000
@000010E6 00000000 00000000 00000000 00000000 00000000 00000000 00000000
@000010ED 00000000 00000000 00000000 00000000 00000000 00000000 00000000
@000010F4 00000000 00000000 00000000 00000000 00000000 00000000 00000000
@000010FB 00000000 00000000 00000000 00000000 00000000 00000000 00000000
@00001102 00000000 00000000 00000000 00000000 00000000 00000000 00000000
@00001109 00000000 00000000 00000000 00000000 00000000 00000000 00000000
@00001110 00000000 00000000 00000000 00000000 00000000 00000000 00000000
@00001117 00000000 00000000 00000000 00000000 00000000 00000000 00000000
@0000111E 00000000 00000000 00000000 00000000 00000000 00000000 00000000
@00001125 00000000 00000000 00000000 00000000 00000000 00000000 00000000
@0000112C 00000000 00000000 00000000 00000000 00000000 00000000 00000000
@00001133 00000000 00000000 00000000 00000000 00000000 00000000 00000000
@0000113A 00000000 00000000 00000000 00000000 00000000 00000000 00000000
@00001141 00000000 00000000 00000000 00000000 00000000 00000000 00000000
@00001148 00000000 00000000 00000000 00000000 00000000 00000000 00000000
@0000114F 00000000 00000000 00000000 00000000 00000000 00000000 00000000
@00001156 00000000 00000000 00000000 00000000 00000000 00000000 00000000
@0000115D 00000000 00000000 00000000 00000000 00000000 00000000 00000000
@00001164 00000000 00000000 00000000 00000000 00000000 00000000 00000000
@0000116B 00000000 00000000 00000000 00000000 00000000 00000000 00000000
@00001172 00000000 00000000 00000000 00000000 00000000 00000000 00000000
@00001179 00000000 00000000 00000000 00000000 00000000 00000000 00000000
@00001180 00000000 00000000 00000000 00000000 00000000 00000000 00000000
@00001187 00000000 00000000 00000000 00000000 00000000 00000000 00000000
@0000118E 00000000 00000000 00000000 00000000 00000000 00000000 00000000
@00001195 00000000 00000000 00000000 00000000 00000000 00000000 00000000
@0000119C 00000000 00000000 00000000 00000000 00000000 00000000 00000000
@000011A3 00000000 00000000 00000000 00000000 00000000 00000000 00000000
@000011AA 00000000 00000000 00000000 00000000 00000000 00000000 00000000
@000011B1 00000000 00000000 00000000 00000000 00000000 00000000 00000000
@000011B8 00000000 00000000 00000000 00000000 00000000 00000000 00000000
@000011BF 00000000 00000000 00000000 00000000 00000000 00000000 00000000
@000011C6 00000000 00000000 00000000 00000000 00000000 00000000 00000000
@000011CD 00000000 00000000 00000000 00000000 00000000 00000000 00000000
@000011D4 00000000 00000000 00000000 00000000 00000000 00000000 00000000
@000011DB 00000000 00000000 00000000 00000000 00000000 00000000 00000000
@000011E2 00000000 00000000 00000000 00000000 00000000 00000000 00000000
@000011E9 00000000 00000000 00000000 00000000 00000000 00000000 00000000
@000011F0 00000000 00000000 00000000 00000000 00000000 00000000 00000000
@000011F7 00000000 00000000 00000000 00000000 00000000 00000000 00000000
@000011FE 00000000 00000000 00000000 00000000 00000000 00000000 00000000
@00001205 00000000 00000000 00000000 00000000 00000000 00000000 00000000
@0000120C 00000000 00000000 00000000 00000000 00000000 00000000 00000000
@00001213 00000000 00000000 00000000 00000000 00000000 00000000 00000000
@0000121A 00000000 00000000 00000000 00000000 00000000 00000000 00000000
@00001221 00000000 00000000 00000000 00000000 00000000 00000000 00000000
@00001228 00000000 00000000 00000000 00000000 00000000 00000000 00000000
@0000122F 00000000 00000000 00000000 00000000 00000000 00000000 00000000
@00001236 00000000 00000000 00000000 00000000 00000000 00000000 00000000
@0000123D 00000000 00000000 00000000 00000000 00000000 00000000 00000000
@00001244 00000000 00000000 00000000 00000000 00000000 00000000 00000000
@0000124B 00000000 00000000 00000000 00000000 00000000 00000000 00000000
@00001252 00000000 00000000 00000000 00000000 00000000 00000000 00000000
@00001259 00000000 00000000 00000000 00000000 00000000 00000000 00000000
@00001260 00000000 00000000 00000000 00000000 00000000 00000000 00000000
@00001267 00000000 00000000 00000000 00000000 00000000 00000000 00000000
@0000126E 00000000 00000000 00000000 00000000 00000000 00000000 00000000
@00001275 00000000 00000000 00000000 00000000 00000000 00000000 00000000
@0000127C 00000000 00000000 00000000 00000000 00000000 00000000 00000000
@00001283 00000000 00000000 00000000 00000000 00000000 00000000 00000000
@0000128A 00000000 00000000 00000000 00000000 00000000 00000000 00000000
@00001291 00000000 00000000 00000000 00000000 00000000 00000000 00000000
@00001298 00000000 00000000 00000000 00000000 00000000 00000000 00000000
@0000129F 00000000 00000000 00000000 00000000 00000000 00000000 00000000
@000012A6 00000000 00000000 00000000 00000000 00000000 00000000 00000000
@000012AD 00000000 00000000 00000000 00000000 00000000 00000000 00000000
@000012B4 00000000 00000000 00000000 00000000 00000000 00000000 00000000
@000012BB 00000000 00000000 00000000 00000000 00000000 00000000 00000000
@000012C2 00000000 00000000 00000000 00000000 00000000 00000000 00000000
@000012C9 00000000 00000000 00000000 00000000 00000000 00000000 00000000
@000012D0 00000000 00000000 00000000 00000000 00000000 00000000 00000000
@000012D7 00000000 00000000 00000000 00000000 00000000 00000000 00000000
@000012DE 00000000 00000000 00000000 00000000 00000000 00000000 00000000
@000012E5 00000000 00000000 00000000 00000000 00000000 00000000 00000000
@000012EC 00000000 00000000 00000000 00000000 00000000 00000000 00000000
@000012F3 00000000 00000000 00000000 00000000 00000000 00000000 00000000
@000012FA 00000000 00000000 00000000 00000000 00000000 00000000 00000000
@00001301 00000000 00000000 00000000 00000000 00000000 00000000 00000000
@00001308 00000000 00000000 00000000 00000000 00000000 00000000 00000000
@0000130F 00000000 00000000 00000000 00000000 00000000 00000000 00000000
@00001316 00000000 00000000 00000000 00000000 00000000 00000000 00000000
@0000131D 00000000 00000000 00000000 00000000 00000000 00000000 00000000
@00001324 00000000 00000000 00000000 00000000 00000000 00000000 00000000
@0000132B 00000000 00000000 00000000 00000000 00000000 00000000 00000000
@00001332 00000000 00000000 00000000 00000000 00000000 00000000 00000000
@00001339 00000000 00000000 00000000 00000000 00000000 00000000 00000000
@00001340 00000000 00000000 00000000 00000000 00000000 00000000 00000000
@00001347 00000000 00000000 00000000 00000000 00000000 00000000 00000000
@0000134E 00000000 00000000 00000000 00000000 00000000 00000000 00000000
@00001355 00000000 00000000 00000000 00000000 00000000 00000000 00000000
@0000135C 00000000 00000000 00000000 00000000 00000000 00000000 00000000
@00001363 00000000 00000000 00000000 00000000 00000000 00000000 00000000
@0000136A 00000000 00000000 00000000 00000000 00000000 00000000 00000000
@00001371 00000000 00000000 00000000 00000000 00000000 00000000 00000000
@00001378 00000000 00000000 00000000 00000000 00000000 00000000 00000000
@0000137F 00000000 00000000 00000000 00000000 00000000 00000000 00000000
@00001386 00000000 00000000 00000000 00000000 00000000 00000000 00000000
@0000138D 00000000 00000000 00000000 00000000 00000000 00000000 00000000
@00001394 00000000 00000000 00000000 00000000 00000000 00000000 00000000
@0000139B 00000000 00000000 00000000 00000000 00000000 00000000 00000000
@000013A2 00000000 00000000 00000000 00000000 00000000 00000000 00000000
@000013A9 00000000 00000000 00000000 00000000 00000000 00000000 00000000
@000013B0 00000000 00000000 00000000 00000000 00000000 00000000 00000000
@000013B7 00000000 00000000 00000000 00000000 00000000 00000000 00000000
@000013BE 00000000 00000000 00000000 00000000 00000000 00000000 00000000
@000013C5 00000000 00000000 00000000 00000000 00000000 00000000 00000000
@000013CC 00000000 00000000 00000000 00000000 00000000 00000000 00000000
@000013D3 00000000 00000000 00000000 00000000 00000000 00000000 00000000
@000013DA 00000000 00000000 00000000 00000000 00000000 00000000 00000000
@000013E1 00000000 00000000 00000000 00000000 00000000 00000000 00000000
@000013E8 00000000 00000000 00000000 00000000 00000000 00000000 00000000
@000013EF 00000000 00000000 00000000 00000000 00000000 00000000 00000000
@000013F6 00000000 00000000 00000000 00000000 00000000 00000000 00000000
@000013FD 00000000 00000000 00000000 00000000 00000000 00000000 00000000
@00001404 00000000 00000000 00000000 00000000 00000000 00000000 00000000
@0000140B 00000000 00000000 00000000 00000000 00000000 00000000 00000000
@00001412 00000000 00000000 00000000 00000000 00000000 00000000 00000000
@00001419 00000000 00000000 00000000 00000000 00000000 00000000 00000000
@00001420 00000000 00000000 00000000 00000000 00000000 00000000 00000000
@00001427 00000000 00000000 00000000 00000000 00000000 00000000 00000000
@0000142E 00000000 00000000 00000000 00000000 00000000 00000000 00000000
@00001435 00000000 00000000 00000000 00000000 00000000 00000000 00000000
@0000143C 00000000 00000000 00000000 00000000 00000000 00000000 00000000
@00001443 00000000 00000000 00000000 00000000 00000000 00000000 00000000
@0000144A 00000000 00000000 00000000 00000000 00000000 00000000 00000000
@00001451 00000000 00000000 00000000 00000000 00000000 00000000 00000000
@00001458 00000000 00000000 00000000 00000000 00000000 00000000 00000000
@0000145F 00000000 00000000 00000000 00000000 00000000 00000000 00000000
@00001466 00000000 00000000 00000000 00000000 00000000 00000000 00000000
@0000146D 00000000 00000000 00000000 00000000 00000000 00000000 00000000
@00001474 00000000 00000000 00000000 00000000 00000000 00000000 00000000
@0000147B 00000000 00000000 00000000 00000000 00000000 00000000 00000000
@00001482 00000000 00000000 00000000 00000000 00000000 00000000 00000000
@00001489 00000000 00000000 00000000 00000000 00000000 00000000 00000000
@00001490 00000000 00000000 00000000 00000000 00000000 00000000 00000000
@00001497 00000000 00000000 00000000 00000000 00000000 00000000 00000000
@0000149E 00000000 00000000 00000000 00000000 00000000 00000000 00000000
@000014A5 00000000 00000000 00000000 00000000 00000000 00000000 00000000
@000014AC 00000000 00000000 00000000 00000000 00000000 00000000 00000000
@000014B3 00000000 00000000 00000000 00000000 00000000 00000000 00000000
@000014BA 00000000 00000000 00000000 00000000 00000000 00000000 00000000
@000014C1 00000000 00000000 00000000 00000000 00000000 00000000 00000000
@000014C8 00000000 00000000 00000000 00000000 00000000 00000000 00000000
@000014CF 00000000 00000000 00000000 00000000 00000000 00000000 00000000
@000014D6 00000000 00000000 00000000 00000000 00000000 00000000 00000000
@000014DD 00000000 00000000 00000000 00000000 00000000 00000000 00000000
@000014E4 00000000 00000000 00000000 00000000 00000000 00000000 00000000
@000014EB 00000000 00000000 00000000 00000000 00000000 00000000 00000000
@000014F2 00000000 00000000 00000000 00000000 00000000 00000000 00000000
@000014F9 00000000 00000000 00000000 00000000 00000000 00000000 00000000
@00001500 00000000 00000000 00000000 00000000 00000000 00000000 00000000
@00001507 00000000 00000000 00000000 00000000 00000000 00000000 00000000
@0000150E 00000000 00000000 00000000 00000000 00000000 00000000 00000000
@00001515 00000000 00000000 00000000 00000000 00000000 00000000 00000000
@0000151C 00000000 00000000 00000000 00000000 00000000 00000000 00000000
@00001523 00000000 00000000 00000000 00000000 00000000 00000000 00000000
@0000152A 00000000 00000000 00000000 00000000 00000000 00000000 00000000
@00001531 00000000 00000000 00000000 00000000 00000000 00000000 00000000
@00001538 00000000 00000000 00000000 00000000 00000000 00000000 00000000
@0000153F 00000000 00000000 00000000 00000000 00000000 00000000 00000000
@00001546 00000000 00000000 00000000 00000000 00000000 00000000 00000000
@0000154D 00000000 00000000 00000000 00000000 00000000 00000000 00000000
@00001554 00000000 00000000 00000000 00000000 00000000 00000000 00000000
@0000155B 00000000 00000000 00000000 00000000 00000000 00000000 00000000
@00001562 00000000 00000000 00000000 00000000 00000000 00000000 00000000
@00001569 00000000 00000000 00000000 00000000 00000000 00000000 00000000
@00001570 00000000 00000000 00000000 00000000 00000000 00000000 00000000
@00001577 00000000 00000000 00000000 00000000 00000000 00000000 00000000
@0000157E 00000000 00000000 00000000 00000000 00000000 00000000 00000000
@00001585 00000000 00000000 00000000 00000000 00000000 00000000 00000000
@0000158C 00000000 00000000 00000000 00000000 00000000 00000000 00000000
@00001593 00000000 00000000 00000000 00000000 00000000 00000000 00000000
@0000159A 00000000 00000000 00000000 00000000 00000000 00000000 00000000
@000015A1 00000000 00000000 00000000 00000000 00000000 00000000 00000000
@000015A8 00000000 00000000 00000000 00000000 00000000 00000000 00000000
@000015AF 00000000 00000000 00000000 00000000 00000000 00000000 00000000
@000015B6 00000000 00000000 00000000 00000000 00000000 00000000 00000000
@000015BD 00000000 00000000 00000000 00000000 00000000 00000000 00000000
@000015C4 00000000 00000000 00000000 00000000 00000000 00000000 00000000
@000015CB 00000000 00000000 00000000 00000000 00000000 00000000 00000000
@000015D2 00000000 00000000 00000000 00000000 00000000 00000000 00000000
@000015D9 00000000 00000000 00000000 00000000 00000000 00000000 00000000
@000015E0 00000000 00000000 00000000 00000000 00000000 00000000 00000000
@000015E7 00000000 00000000 00000000 00000000 00000000 00000000 00000000
@000015EE 00000000 00000000 00000000 00000000 00000000 00000000 00000000
@000015F5 00000000 00000000 00000000 00000000 00000000 00000000 00000000
@000015FC 00000000 00000000 00000000 00000000 00000000 00000000 00000000
@00001603 00000000 00000000 00000000 00000000 00000000 00000000 00000000
@0000160A 00000000 00000000 00000000 00000000 00000000 00000000 00000000
@00001611 00000000 00000000 00000000 00000000 00000000 00000000 00000000
@00001618 00000000 00000000 00000000 00000000 00000000 00000000 00000000
@0000161F 00000000 00000000 00000000 00000000 00000000 00000000 00000000
@00001626 00000000 00000000 00000000 00000000 00000000 00000000 00000000
@0000162D 00000000 00000000 00000000 00000000 00000000 00000000 00000000
@00001634 00000000 00000000 00000000 00000000 00000000 00000000 00000000
@0000163B 00000000 00000000 00000000 00000000 00000000 00000000 00000000
@00001642 00000000 00000000 00000000 00000000 00000000 00000000 00000000
@00001649 00000000 00000000 00000000 00000000 00000000 00000000 00000000
@00001650 00000000 00000000 00000000 00000000 00000000 00000000 00000000
@00001657 00000000 00000000 00000000 00000000 00000000 00000000 00000000
@0000165E 00000000 00000000 00000000 00000000 00000000 00000000 00000000
@00001665 00000000 00000000 00000000 00000000 00000000 00000000 00000000
@0000166C 00000000 00000000 00000000 00000000 00000000 00000000 00000000
@00001673 00000000 00000000 00000000 00000000 00000000 00000000 00000000
@0000167A 00000000 00000000 00000000 00000000 00000000 00000000 00000000
@00001681 00000000 00000000 00000000 00000000 00000000 00000000 00000000
@00001688 00000000 00000000 00000000 00000000 00000000 00000000 00000000
@0000168F 00000000 00000000 00000000 00000000 00000000 00000000 00000000
@00001696 00000000 00000000 00000000 00000000 00000000 00000000 00000000
@0000169D 00000000 00000000 00000000 00000000 00000000 00000000 00000000
@000016A4 00000000 00000000 00000000 00000000 00000000 00000000 00000000
@000016AB 00000000 00000000 00000000 00000000 00000000 00000000 00000000
@000016B2 00000000 00000000 00000000 00000000 00000000 00000000 00000000
@000016B9 00000000 00000000 00000000 00000000 00000000 00000000 00000000
@000016C0 00000000 00000000 00000000 00000000 00000000 00000000 00000000
@000016C7 00000000 00000000 00000000 00000000 00000000 00000000 00000000
@000016CE 00000000 00000000 00000000 00000000 00000000 00000000 00000000
@000016D5 00000000 00000000 00000000 00000000 00000000 00000000 00000000
@000016DC 00000000 00000000 00000000 00000000 00000000 00000000 00000000
@000016E3 00000000 00000000 00000000 00000000 00000000 00000000 00000000
@000016EA 00000000 00000000 00000000 00000000 00000000 00000000 00000000
@000016F1 00000000 00000000 00000000 00000000 00000000 00000000 00000000
@000016F8 00000000 00000000 00000000 00000000 00000000 00000000 00000000
@000016FF 00000000 00000000 00000000 00000000 00000000 00000000 00000000
@00001706 00000000 00000000 00000000 00000000 00000000 00000000 00000000
@0000170D 00000000 00000000 00000000 00000000 00000000 00000000 00000000
@00001714 00000000 00000000 00000000 00000000 00000000 00000000 00000000
@0000171B 00000000 00000000 00000000 00000000 00000000 00000000 00000000
@00001722 00000000 00000000 00000000 00000000 00000000 00000000 00000000
@00001729 00000000 00000000 00000000 00000000 00000000 00000000 00000000
@00001730 00000000 00000000 00000000 00000000 00000000 00000000 00000000
@00001737 00000000 00000000 00000000 00000000 00000000 00000000 00000000
@0000173E 00000000 00000000 00000000 00000000 00000000 00000000 00000000
@00001745 00000000 00000000 00000000 00000000 00000000 00000000 00000000
@0000174C 00000000 00000000 00000000 00000000 00000000 00000000 00000000
@00001753 00000000 00000000 00000000 00000000 00000000 00000000 00000000
@0000175A 00000000 00000000 00000000 00000000 00000000 00000000 00000000
@00001761 00000000 00000000 00000000 00000000 00000000 00000000 00000000
@00001768 00000000 00000000 00000000 00000000 00000000 00000000 00000000
@0000176F 00000000 00000000 00000000 00000000 00000000 00000000 00000000
@00001776 00000000 00000000 00000000 00000000 00000000 00000000 00000000
@0000177D 00000000 00000000 00000000 00000000 00000000 00000000 00000000
@00001784 00000000 00000000 00000000 00000000 00000000 00000000 00000000
@0000178B 00000000 00000000 00000000 00000000 00000000 00000000 00000000
@00001792 00000000 00000000 00000000 00000000 00000000 00000000 00000000
@00001799 00000000 00000000 00000000 00000000 00000000 00000000 00000000
@000017A0 00000000 00000000 00000000 00000000 00000000 00000000 00000000
@000017A7 00000000 00000000 00000000 00000000 00000000 00000000 00000000
@000017AE 00000000 00000000 00000000 00000000 00000000 00000000 00000000
@000017B5 00000000 00000000 00000000 00000000 00000000 00000000 00000000
@000017BC 00000000 00000000 00000000 00000000 00000000 00000000 00000000
@000017C3 00000000 00000000 00000000 00000000 00000000 00000000 00000000
@000017CA 00000000 00000000 00000000 00000000 00000000 00000000 00000000
@000017D1 00000000 00000000 00000000 00000000 00000000 00000000 00000000
@000017D8 00000000 00000000 00000000 00000000 00000000 00000000 00000000
@000017DF 00000000 00000000 00000000 00000000 00000000 00000000 00000000
@000017E6 00000000 00000000 00000000 00000000 00000000 00000000 00000000
@000017ED 00000000 00000000 00000000 00000000 00000000 00000000 00000000
@000017F4 00000000 00000000 00000000 00000000 00000000 00000000 00000000
@000017FB 00000000 00000000 00000000 00000000 00000000 00000000 00000000
@00001802 00000000 00000000 00000000 00000000 00000000 00000000 00000000
@00001809 00000000 00000000 00000000 00000000 00000000 00000000 00000000
@00001810 00000000 00000000 00000000 00000000 00000000 00000000 00000000
@00001817 00000000 00000000 00000000 00000000 00000000 00000000 00000000
@0000181E 00000000 00000000 00000000 00000000 00000000 00000000 00000000
@00001825 00000000 00000000 00000000 00000000 00000000 00000000 00000000
@0000182C 00000000 00000000 00000000 00000000 00000000 00000000 00000000
@00001833 00000000 00000000 00000000 00000000 00000000 00000000 00000000
@0000183A 00000000 00000000 00000000 00000000 00000000 00000000 00000000
@00001841 00000000 00000000 00000000 00000000 00000000 00000000 00000000
@00001848 00000000 00000000 00000000 00000000 00000000 00000000 00000000
@0000184F 00000000 00000000 00000000 00000000 00000000 00000000 00000000
@00001856 00000000 00000000 00000000 00000000 00000000 00000000 00000000
@0000185D 00000000 00000000 00000000 00000000 00000000 00000000 00000000
@00001864 00000000 00000000 00000000 00000000 00000000 00000000 00000000
@0000186B 00000000 00000000 00000000 00000000 00000000 00000000 00000000
@00001872 00000000 00000000 00000000 00000000 00000000 00000000 00000000
@00001879 00000000 00000000 00000000 00000000 00000000 00000000 00000000
@00001880 00000000 00000000 00000000 00000000 00000000 00000000 00000000
@00001887 00000000 00000000 00000000 00000000 00000000 00000000 00000000
@0000188E 00000000 00000000 00000000 00000000 00000000 00000000 00000000
@00001895 00000000 00000000 00000000 00000000 00000000 00000000 00000000
@0000189C 00000000 00000000 00000000 00000000 00000000 00000000 00000000
@000018A3 00000000 00000000 00000000 00000000 00000000 00000000 00000000
@000018AA 00000000 00000000 00000000 00000000 00000000 00000000 00000000
@000018B1 00000000 00000000 00000000 00000000 00000000 00000000 00000000
@000018B8 00000000 00000000 00000000 00000000 00000000 00000000 00000000
@000018BF 00000000 00000000 00000000 00000000 00000000 00000000 00000000
@000018C6 00000000 00000000 00000000 00000000 00000000 00000000 00000000
@000018CD 00000000 00000000 00000000 00000000 00000000 00000000 00000000
@000018D4 00000000 00000000 00000000 00000000 00000000 00000000 00000000
@000018DB 00000000 00000000 00000000 00000000 00000000 00000000 00000000
@000018E2 00000000 00000000 00000000 00000000 00000000 00000000 00000000
@000018E9 00000000 00000000 00000000 00000000 00000000 00000000 00000000
@000018F0 00000000 00000000 00000000 00000000 00000000 00000000 00000000
@000018F7 00000000 00000000 00000000 00000000 00000000 00000000 00000000
@000018FE 00000000 00000000 00000000 00000000 00000000 00000000 00000000
@00001905 00000000 00000000 00000000 00000000 00000000 00000000 00000000
@0000190C 00000000 00000000 00000000 00000000 00000000 00000000 00000000
@00001913 00000000 00000000 00000000 00000000 00000000 00000000 00000000
@0000191A 00000000 00000000 00000000 00000000 00000000 00000000 00000000
@00001921 00000000 00000000 00000000 00000000 00000000 00000000 00000000
@00001928 00000000 00000000 00000000 00000000 00000000 00000000 00000000
@0000192F 00000000 00000000 00000000 00000000 00000000 00000000 00000000
@00001936 00000000 00000000 00000000 00000000 00000000 00000000 00000000
@0000193D 00000000 00000000 00000000 00000000 00000000 00000000 00000000
@00001944 00000000 00000000 00000000 00000000 00000000 00000000 00000000
@0000194B 00000000 00000000 00000000 00000000 00000000 00000000 00000000
@00001952 00000000 00000000 00000000 00000000 00000000 00000000 00000000
@00001959 00000000 00000000 00000000 00000000 00000000 00000000 00000000
@00001960 00000000 00000000 00000000 00000000 00000000 00000000 00000000
@00001967 00000000 00000000 00000000 00000000 00000000 00000000 00000000
@0000196E 00000000 00000000 00000000 00000000 00000000 00000000 00000000
@00001975 00000000 00000000 00000000 00000000 00000000 00000000 00000000
@0000197C 00000000 00000000 00000000 00000000 00000000 00000000 00000000
@00001983 00000000 00000000 00000000 00000000 00000000 00000000 00000000
@0000198A 00000000 00000000 00000000 00000000 00000000 00000000 00000000
@00001991 00000000 00000000 00000000 00000000 00000000 00000000 00000000
@00001998 00000000 00000000 00000000 00000000 00000000 00000000 00000000
@0000199F 00000000 00000000 00000000 00000000 00000000 00000000 00000000
@000019A6 00000000 00000000 00000000 00000000 00000000 00000000 00000000
@000019AD 00000000 00000000 00000000 00000000 00000000 00000000 00000000
@000019B4 00000000 00000000 00000000 00000000 00000000 00000000 00000000
@000019BB 00000000 00000000 00000000 00000000 00000000 00000000 00000000
@000019C2 00000000 00000000 00000000 00000000 00000000 00000000 00000000
@000019C9 00000000 00000000 00000000 00000000 00000000 00000000 00000000
@000019D0 00000000 00000000 00000000 00000000 00000000 00000000 00000000
@000019D7 00000000 00000000 00000000 00000000 00000000 00000000 00000000
@000019DE 00000000 00000000 00000000 00000000 00000000 00000000 00000000
@000019E5 00000000 00000000 00000000 00000000 00000000 00000000 00000000
@000019EC 00000000 00000000 00000000 00000000 00000000 00000000 00000000
@000019F3 00000000 00000000 00000000 00000000 00000000 00000000 00000000
@000019FA 00000000 00000000 00000000 00000000 00000000 00000000 00000000
@00001A01 00000000 00000000 00000000 00000000 00000000 00000000 00000000
@00001A08 00000000 00000000 00000000 00000000 00000000 00000000 00000000
@00001A0F 00000000 00000000 00000000 00000000 00000000 00000000 00000000
@00001A16 00000000 00000000 00000000 00000000 00000000 00000000 00000000
@00001A1D 00000000 00000000 00000000 00000000 00000000 00000000 00000000
@00001A24 00000000 00000000 00000000 00000000 00000000 00000000 00000000
@00001A2B 00000000 00000000 00000000 00000000 00000000 00000000 00000000
@00001A32 00000000 00000000 00000000 00000000 00000000 00000000 00000000
@00001A39 00000000 00000000 00000000 00000000 00000000 00000000 00000000
@00001A40 00000000 00000000 00000000 00000000 00000000 00000000 00000000
@00001A47 00000000 00000000 00000000 00000000 00000000 00000000 00000000
@00001A4E 00000000 00000000 00000000 00000000 00000000 00000000 00000000
@00001A55 00000000 00000000 00000000 00000000 00000000 00000000 00000000
@00001A5C 00000000 00000000 00000000 00000000 00000000 00000000 00000000
@00001A63 00000000 00000000 00000000 00000000 00000000 00000000 00000000
@00001A6A 00000000 00000000 00000000 00000000 00000000 00000000 00000000
@00001A71 00000000 00000000 00000000 00000000 00000000 00000000 00000000
@00001A78 00000000 00000000 00000000 00000000 00000000 00000000 00000000
@00001A7F 00000000 00000000 00000000 00000000 00000000 00000000 00000000
@00001A86 00000000 00000000 00000000 00000000 00000000 00000000 00000000
@00001A8D 00000000 00000000 00000000 00000000 00000000 00000000 00000000
@00001A94 00000000 00000000 00000000 00000000 00000000 00000000 00000000
@00001A9B 00000000 00000000 00000000 00000000 00000000 00000000 00000000
@00001AA2 00000000 00000000 00000000 00000000 00000000 00000000 00000000
@00001AA9 00000000 00000000 00000000 00000000 00000000 00000000 00000000
@00001AB0 00000000 00000000 00000000 00000000 00000000 00000000 00000000
@00001AB7 00000000 00000000 00000000 00000000 00000000 00000000 00000000
@00001ABE 00000000 00000000 00000000 00000000 00000000 00000000 00000000
@00001AC5 00000000 00000000 00000000 00000000 00000000 00000000 00000000
@00001ACC 00000000 00000000 00000000 00000000 00000000 00000000 00000000
@00001AD3 00000000 00000000 00000000 00000000 00000000 00000000 00000000
@00001ADA 00000000 00000000 00000000 00000000 00000000 00000000 00000000
@00001AE1 00000000 00000000 00000000 00000000 00000000 00000000 00000000
@00001AE8 00000000 00000000 00000000 00000000 00000000 00000000 00000000
@00001AEF 00000000 00000000 00000000 00000000 00000000 00000000 00000000
@00001AF6 00000000 00000000 00000000 00000000 00000000 00000000 00000000
@00001AFD 00000000 00000000 00000000 00000000 00000000 00000000 00000000
@00001B04 00000000 00000000 00000000 00000000 00000000 00000000 00000000
@00001B0B 00000000 00000000 00000000 00000000 00000000 00000000 00000000
@00001B12 00000000 00000000 00000000 00000000 00000000 00000000 00000000
@00001B19 00000000 00000000 00000000 00000000 00000000 00000000 00000000
@00001B20 00000000 00000000 00000000 00000000 00000000 00000000 00000000
@00001B27 00000000 00000000 00000000 00000000 00000000 00000000 00000000
@00001B2E 00000000 00000000 00000000 00000000 00000000 00000000 00000000
@00001B35 00000000 00000000 00000000 00000000 00000000 00000000 00000000
@00001B3C 00000000 00000000 00000000 00000000 00000000 00000000 00000000
@00001B43 00000000 00000000 00000000 00000000 00000000 00000000 00000000
@00001B4A 00000000 00000000 00000000 00000000 00000000 00000000 00000000
@00001B51 00000000 00000000 00000000 00000000 00000000 00000000 00000000
@00001B58 00000000 00000000 00000000 00000000 00000000 00000000 00000000
@00001B5F 00000000 00000000 00000000 00000000 00000000 00000000 00000000
@00001B66 00000000 00000000 00000000 00000000 00000000 00000000 00000000
@00001B6D 00000000 00000000 00000000 00000000 00000000 00000000 00000000
@00001B74 00000000 00000000 00000000 00000000 00000000 00000000 00000000
@00001B7B 00000000 00000000 00000000 00000000 00000000 00000000 00000000
@00001B82 00000000 00000000 00000000 00000000 00000000 00000000 00000000
@00001B89 00000000 00000000 00000000 00000000 00000000 00000000 00000000
@00001B90 00000000 00000000 00000000 00000000 00000000 00000000 00000000
@00001B97 00000000 00000000 00000000 00000000 00000000 00000000 00000000
@00001B9E 00000000 00000000 00000000 00000000 00000000 00000000 00000000
@00001BA5 00000000 00000000 00000000 00000000 00000000 00000000 00000000
@00001BAC 00000000 00000000 00000000 00000000 00000000 00000000 00000000
@00001BB3 00000000 00000000 00000000 00000000 00000000 00000000 00000000
@00001BBA 00000000 00000000 00000000 00000000 00000000 00000000 00000000
@00001BC1 00000000 00000000 00000000 00000000 00000000 00000000 00000000
@00001BC8 00000000 00000000 00000000 00000000 00000000 00000000 00000000
@00001BCF 00000000 00000000 00000000 00000000 00000000 00000000 00000000
@00001BD6 00000000 00000000 00000000 00000000 00000000 00000000 00000000
@00001BDD 00000000 00000000 00000000 00000000 00000000 00000000 00000000
@00001BE4 00000000 00000000 00000000 00000000 00000000 00000000 00000000
@00001BEB 00000000 00000000 00000000 00000000 00000000 00000000 00000000
@00001BF2 00000000 00000000 00000000 00000000 00000000 00000000 00000000
@00001BF9 00000000 00000000 00000000 00000000 00000000 00000000 00000000
@00001C00 00000000 00000000 00000000 00000000 00000000 00000000 00000000
@00001C07 00000000 00000000 00000000 00000000 00000000 00000000 00000000
@00001C0E 00000000 00000000 00000000 00000000 00000000 00000000 00000000
@00001C15 00000000 00000000 00000000 00000000 00000000 00000000 00000000
@00001C1C 00000000 00000000 00000000 00000000 00000000 00000000 00000000
@00001C23 00000000 00000000 00000000 00000000 00000000 00000000 00000000
@00001C2A 00000000 00000000 00000000 00000000 00000000 00000000 00000000
@00001C31 00000000 00000000 00000000 00000000 00000000 00000000 00000000
@00001C38 00000000 00000000 00000000 00000000 00000000 00000000 00000000
@00001C3F 00000000 00000000 00000000 00000000 00000000 00000000 00000000
@00001C46 00000000 00000000 00000000 00000000 00000000 00000000 00000000
@00001C4D 00000000 00000000 00000000 00000000 00000000 00000000 00000000
@00001C54 00000000 00000000 00000000 00000000 00000000 00000000 00000000
@00001C5B 00000000 00000000 00000000 00000000 00000000 00000000 00000000
@00001C62 00000000 00000000 00000000 00000000 00000000 00000000 00000000
@00001C69 00000000 00000000 00000000 00000000 00000000 00000000 00000000
@00001C70 00000000 00000000 00000000 00000000 00000000 00000000 00000000
@00001C77 00000000 00000000 00000000 00000000 00000000 00000000 00000000
@00001C7E 00000000 00000000 00000000 00000000 00000000 00000000 00000000
@00001C85 00000000 00000000 00000000 00000000 00000000 00000000 00000000
@00001C8C 00000000 00000000 00000000 00000000 00000000 00000000 00000000
@00001C93 00000000 00000000 00000000 00000000 00000000 00000000 00000000
@00001C9A 00000000 00000000 00000000 00000000 00000000 00000000 00000000
@00001CA1 00000000 00000000 00000000 00000000 00000000 00000000 00000000
@00001CA8 00000000 00000000 00000000 00000000 00000000 00000000 00000000
@00001CAF 00000000 00000000 00000000 00000000 00000000 00000000 00000000
@00001CB6 00000000 00000000 00000000 00000000 00000000 00000000 00000000
@00001CBD 00000000 00000000 00000000 00000000 00000000 00000000 00000000
@00001CC4 00000000 00000000 00000000 00000000 00000000 00000000 00000000
@00001CCB 00000000 00000000 00000000 00000000 00000000 00000000 00000000
@00001CD2 00000000 00000000 00000000 00000000 00000000 00000000 00000000
@00001CD9 00000000 00000000 00000000 00000000 00000000 00000000 00000000
@00001CE0 00000000 00000000 00000000 00000000 00000000 00000000 00000000
@00001CE7 00000000 00000000 00000000 00000000 00000000 00000000 00000000
@00001CEE 00000000 00000000 00000000 00000000 00000000 00000000 00000000
@00001CF5 00000000 00000000 00000000 00000000 00000000 00000000 00000000
@00001CFC 00000000 00000000 00000000 00000000 00000000 00000000 00000000
@00001D03 00000000 00000000 00000000 00000000 00000000 00000000 00000000
@00001D0A 00000000 00000000 00000000 00000000 00000000 00000000 00000000
@00001D11 00000000 00000000 00000000 00000000 00000000 00000000 00000000
@00001D18 00000000 00000000 00000000 00000000 00000000 00000000 00000000
@00001D1F 00000000 00000000 00000000 00000000 00000000 00000000 00000000
@00001D26 00000000 00000000 00000000 00000000 00000000 00000000 00000000
@00001D2D 00000000 00000000 00000000 00000000 00000000 00000000 00000000
@00001D34 00000000 00000000 00000000 00000000 00000000 00000000 00000000
@00001D3B 00000000 00000000 00000000 00000000 00000000 00000000 00000000
@00001D42 00000000 00000000 00000000 00000000 00000000 00000000 00000000
@00001D49 00000000 00000000 00000000 00000000 00000000 00000000 00000000
@00001D50 00000000 00000000 00000000 00000000 00000000 00000000 00000000
@00001D57 00000000 00000000 00000000 00000000 00000000 00000000 00000000
@00001D5E 00000000 00000000 00000000 00000000 00000000 00000000 00000000
@00001D65 00000000 00000000 00000000 00000000 00000000 00000000 00000000
@00001D6C 00000000 00000000 00000000 00000000 00000000 00000000 00000000
@00001D73 00000000 00000000 00000000 00000000 00000000 00000000 00000000
@00001D7A 00000000 00000000 00000000 00000000 00000000 00000000 00000000
@00001D81 00000000 00000000 00000000 00000000 00000000 00000000 00000000
@00001D88 00000000 00000000 00000000 00000000 00000000 00000000 00000000
@00001D8F 00000000 00000000 00000000 00000000 00000000 00000000 00000000
@00001D96 00000000 00000000 00000000 00000000 00000000 00000000 00000000
@00001D9D 00000000 00000000 00000000 00000000 00000000 00000000 00000000
@00001DA4 00000000 00000000 00000000 00000000 00000000 00000000 00000000
@00001DAB 00000000 00000000 00000000 00000000 00000000 00000000 00000000
@00001DB2 00000000 00000000 00000000 00000000 00000000 00000000 00000000
@00001DB9 00000000 00000000 00000000 00000000 00000000 00000000 00000000
@00001DC0 00000000 00000000 00000000 00000000 00000000 00000000 00000000
@00001DC7 00000000 00000000 00000000 00000000 00000000 00000000 00000000
@00001DCE 00000000 00000000 00000000 00000000 00000000 00000000 00000000
@00001DD5 00000000 00000000 00000000 00000000 00000000 00000000 00000000
@00001DDC 00000000 00000000 00000000 00000000 00000000 00000000 00000000
@00001DE3 00000000 00000000 00000000 00000000 00000000 00000000 00000000
@00001DEA 00000000 00000000 00000000 00000000 00000000 00000000 00000000
@00001DF1 00000000 00000000 00000000 00000000 00000000 00000000 00000000
@00001DF8 00000000 00000000 00000000 00000000 00000000 00000000 00000000
@00001DFF 00000000 00000000 00000000 00000000 00000000 00000000 00000000
@00001E06 00000000 00000000 00000000 00000000 00000000 00000000 00000000
@00001E0D 00000000 00000000 00000000 00000000 00000000 00000000 00000000
@00001E14 00000000 00000000 00000000 00000000 00000000 00000000 00000000
@00001E1B 00000000 00000000 00000000 00000000 00000000 00000000 00000000
@00001E22 00000000 00000000 00000000 00000000 00000000 00000000 00000000
@00001E29 00000000 00000000 00000000 00000000 00000000 00000000 00000000
@00001E30 00000000 00000000 00000000 00000000 00000000 00000000 00000000
@00001E37 00000000 00000000 00000000 00000000 00000000 00000000 00000000
@00001E3E 00000000 00000000 00000000 00000000 00000000 00000000 00000000
@00001E45 00000000 00000000 00000000 00000000 00000000 00000000 00000000
@00001E4C 00000000 00000000 00000000 00000000 00000000 00000000 00000000
@00001E53 00000000 00000000 00000000 00000000 00000000 00000000 00000000
@00001E5A 00000000 00000000 00000000 00000000 00000000 00000000 00000000
@00001E61 00000000 00000000 00000000 00000000 00000000 00000000 00000000
@00001E68 00000000 00000000 00000000 00000000 00000000 00000000 00000000
@00001E6F 00000000 00000000 00000000 00000000 00000000 00000000 00000000
@00001E76 00000000 00000000 00000000 00000000 00000000 00000000 00000000
@00001E7D 00000000 00000000 00000000 00000000 00000000 00000000 00000000
@00001E84 00000000 00000000 00000000 00000000 00000000 00000000 00000000
@00001E8B 00000000 00000000 00000000 00000000 00000000 00000000 00000000
@00001E92 00000000 00000000 00000000 00000000 00000000 00000000 00000000
@00001E99 00000000 00000000 00000000 00000000 00000000 00000000 00000000
@00001EA0 00000000 00000000 00000000 00000000 00000000 00000000 00000000
@00001EA7 00000000 00000000 00000000 00000000 00000000 00000000 00000000
@00001EAE 00000000 00000000 00000000 00000000 00000000 00000000 00000000
@00001EB5 00000000 00000000 00000000 00000000 00000000 00000000 00000000
@00001EBC 00000000 00000000 00000000 00000000 00000000 00000000 00000000
@00001EC3 00000000 00000000 00000000 00000000 00000000 00000000 00000000
@00001ECA 00000000 00000000 00000000 00000000 00000000 00000000 00000000
@00001ED1 00000000 00000000 00000000 00000000 00000000 00000000 00000000
@00001ED8 00000000 00000000 00000000 00000000 00000000 00000000 00000000
@00001EDF 00000000 00000000 00000000 00000000 00000000 00000000 00000000
@00001EE6 00000000 00000000 00000000 00000000 00000000 00000000 00000000
@00001EED 00000000 00000000 00000000 00000000 00000000 00000000 00000000
@00001EF4 00000000 00000000 00000000 00000000 00000000 00000000 00000000
@00001EFB 00000000 00000000 00000000 00000000 00000000 00000000 00000000
@00001F02 00000000 00000000 00000000 00000000 00000000 00000000 00000000
@00001F09 00000000 00000000 00000000 00000000 00000000 00000000 00000000
@00001F10 00000000 00000000 00000000 00000000 00000000 00000000 00000000
@00001F17 00000000 00000000 00000000 00000000 00000000 00000000 00000000
@00001F1E 00000000 00000000 00000000 00000000 00000000 00000000 00000000
@00001F25 00000000 00000000 00000000 00000000 00000000 00000000 00000000
@00001F2C 00000000 00000000 00000000 00000000 00000000 00000000 00000000
@00001F33 00000000 00000000 00000000 00000000 00000000 00000000 00000000
@00001F3A 00000000 00000000 00000000 00000000 00000000 00000000 00000000
@00001F41 00000000 00000000 00000000 00000000 00000000 00000000 00000000
@00001F48 00000000 00000000 00000000 00000000 00000000 00000000 00000000
@00001F4F 00000000 00000000 00000000 00000000 00000000 00000000 00000000
@00001F56 00000000 00000000 00000000 00000000 00000000 00000000 00000000
@00001F5D 00000000 00000000 00000000 00000000 00000000 00000000 00000000
@00001F64 00000000 00000000 00000000 00000000 00000000 00000000 00000000
@00001F6B 00000000 00000000 00000000 00000000 00000000 00000000 00000000
@00001F72 00000000 00000000 00000000 00000000 00000000 00000000 00000000
@00001F79 00000000 00000000 00000000 00000000 00000000 00000000 00000000
@00001F80 00000000 00000000 00000000 00000000 00000000 00000000 00000000
@00001F87 00000000 00000000 00000000 00000000 00000000 00000000 00000000
@00001F8E 00000000 00000000 00000000 00000000 00000000 00000000 00000000
@00001F95 00000000 00000000 00000000 00000000 00000000 00000000 00000000
@00001F9C 00000000 00000000 00000000 00000000 00000000 00000000 00000000
@00001FA3 00000000 00000000 00000000 00000000 00000000 00000000 00000000
@00001FAA 00000000 00000000 00000000 00000000 00000000 00000000 00000000
@00001FB1 00000000 00000000 00000000 00000000 00000000 00000000 00000000
@00001FB8 00000000 00000000 00000000 00000000 00000000 00000000 00000000
@00001FBF 00000000 00000000 00000000 00000000 00000000 00000000 00000000
@00001FC6 00000000 00000000 00000000 00000000 00000000 00000000 00000000
@00001FCD 00000000 00000000 00000000 00000000 00000000 00000000 00000000
@00001FD4 00000000 00000000 00000000 00000000 00000000 00000000 00000000
@00001FDB 00000000 00000000 00000000 00000000 00000000 00000000 00000000
@00001FE2 00000000 00000000 00000000 00000000 00000000 00000000 00000000
@00001FE9 00000000 00000000 00000000 00000000 00000000 00000000 00000000
@00001FF0 00000000 00000000 00000000 00000000 00000000 00000000 00000000
@00001FF7 00000000 00000000 00000000 00000000 00000000 00000000 00000000
@00001FFE 00000000 00000000 00000000 00000000 00000000 00000000 00000000
@00002005 00000000 00000000 00000000 00000000 00000000 00000000 00000000
@0000200C 00000000 00000000 00000000 00000000 00000000 00000000 00000000
@00002013 00000000 00000000 00000000 00000000 00000000 00000000 00000000
@0000201A 00000000 00000000 00000000 00000000 00000000 00000000 00000000
@00002021 00000000 00000000 00000000 00000000 00000000 00000000 00000000
@00002028 00000000 00000000 00000000 00000000 00000000 00000000 00000000
@0000202F 00000000 00000000 00000000 00000000 00000000 00000000 00000000
@00002036 00000000 00000000 00000000 00000000 00000000 00000000 00000000
@0000203D 00000000 00000000 00000000 00000000 00000000 00000000 00000000
@00002044 00000000 00000000 00000000 00000000 00000000 00000000 00000000
@0000204B 00000000 00000000 00000000 00000000 00000000 00000000 00000000
@00002052 00000000 00000000 00000000 00000000 00000000 00000000 00000000
@00002059 00000000 00000000 00000000 00000000 00000000 00000000 00000000
@00002060 00000000 00000000 00000000 00000000 00000000 00000000 00000000
@00002067 00000000 00000000 00000000 00000000 00000000 00000000 00000000
@0000206E 00000000 00000000 00000000 00000000 00000000 00000000 00000000
@00002075 00000000 00000000 00000000 00000000 00000000 00000000 00000000
@0000207C 00000000 00000000 00000000 00000000 00000000 00000000 00000000
@00002083 00000000 00000000 00000000 00000000 00000000 00000000 00000000
@0000208A 00000000 00000000 00000000 00000000 00000000 00000000 00000000
@00002091 00000000 00000000 00000000 00000000 00000000 00000000 00000000
@00002098 00000000 00000000 00000000 00000000 00000000 00000000 00000000
@0000209F 00000000 00000000 00000000 00000000 00000000 00000000 00000000
@000020A6 00000000 00000000 00000000 00000000 00000000 00000000 00000000
@000020AD 00000000 00000000 00000000 00000000 00000000 00000000 00000000
@000020B4 00000000 00000000 00000000 00000000 00000000 00000000 00000000
@000020BB 00000000 00000000 00000000 00000000 00000000 00000000 00000000
@000020C2 00000000 00000000 00000000 00000000 00000000 00000000 00000000
@000020C9 00000000 00000000 00000000 00000000 00000000 00000000 00000000
@000020D0 00000000 00000000 00000000 00000000 00000000 00000000 00000000
@000020D7 00000000 00000000 00000000 00000000 00000000 00000000 00000000
@000020DE 00000000 00000000 00000000 00000000 00000000 00000000 00000000
@000020E5 00000000 00000000 00000000 00000000 00000000 00000000 00000000
@000020EC 00000000 00000000 00000000 00000000 00000000 00000000 00000000
@000020F3 00000000 00000000 00000000 00000000 00000000 00000000 00000000
@000020FA 00000000 00000000 00000000 00000000 00000000 00000000 00000000
@00002101 00000000 00000000 00000000 00000000 00000000 00000000 00000000
@00002108 00000000 00000000 00000000 00000000 00000000 00000000 00000000
@0000210F 00000000 00000000 00000000 00000000 00000000 00000000 00000000
@00002116 00000000 00000000 00000000 00000000 00000000 00000000 00000000
@0000211D 00000000 00000000 00000000 00000000 00000000 00000000 00000000
@00002124 00000000 00000000 00000000 00000000 00000000 00000000 00000000
@0000212B 00000000 00000000 00000000 00000000 00000000 00000000 00000000
@00002132 00000000 00000000 00000000 00000000 00000000 00000000 00000000
@00002139 00000000 00000000 00000000 00000000 00000000 00000000 00000000
@00002140 00000000 00000000 00000000 00000000 00000000 00000000 00000000
@00002147 00000000 00000000 00000000 00000000 00000000 00000000 00000000
@0000214E 00000000 00000000 00000000 00000000 00000000 00000000 00000000
@00002155 00000000 00000000 00000000 00000000 00000000 00000000 00000000
@0000215C 00000000 00000000 00000000 00000000 00000000 00000000 00000000
@00002163 00000000 00000000 00000000 00000000 00000000 00000000 00000000
@0000216A 00000000 00000000 00000000 00000000 00000000 00000000 00000000
@00002171 00000000 00000000 00000000 00000000 00000000 00000000 00000000
@00002178 00000000 00000000 00000000 00000000 00000000 00000000 00000000
@0000217F 00000000 00000000 00000000 00000000 00000000 00000000 00000000
@00002186 00000000 00000000 00000000 00000000 00000000 00000000 00000000
@0000218D 00000000 00000000 00000000 00000000 00000000 00000000 00000000
@00002194 00000000 00000000 00000000 00000000 00000000 00000000 00000000
@0000219B 00000000 00000000 00000000 00000000 00000000 00000000 00000000
@000021A2 00000000 00000000 00000000 00000000 00000000 00000000 00000000
@000021A9 00000000 00000000 00000000 00000000 00000000 00000000 00000000
@000021B0 00000000 00000000 00000000 00000000 00000000 00000000 00000000
@000021B7 00000000 00000000 00000000 00000000 00000000 00000000 00000000
@000021BE 00000000 00000000 00000000 00000000 00000000 00000000 00000000
@000021C5 00000000 00000000 00000000 00000000 00000000 00000000 00000000
@000021CC 00000000 00000000 00000000 00000000 00000000 00000000 00000000
@000021D3 00000000 00000000 00000000 00000000 00000000 00000000 00000000
@000021DA 00000000 00000000 00000000 00000000 00000000 00000000 00000000
@000021E1 00000000 00000000 00000000 00000000 00000000 00000000 00000000
@000021E8 00000000 00000000 00000000 00000000 00000000 00000000 00000000
@000021EF 00000000 00000000 00000000 00000000 00000000 00000000 00000000
@000021F6 00000000 00000000 00000000 00000000 00000000 00000000 00000000
@000021FD 00000000 00000000 00000000 00000000 00000000 00000000 00000000
@00002204 00000000 00000000 00000000 00000000 00000000 00000000 00000000
@0000220B 00000000 00000000 00000000 00000000 00000000 00000000 00000000
@00002212 00000000 00000000 00000000 00000000 00000000 00000000 00000000
@00002219 00000000 00000000 00000000 00000000 00000000 00000000 00000000
@00002220 00000000 00000000 00000000 00000000 00000000 00000000 00000000
@00002227 00000000 00000000 00000000 00000000 00000000 00000000 00000000
@0000222E 00000000 00000000 00000000 00000000 00000000 00000000 00000000
@00002235 00000000 00000000 00000000 00000000 00000000 00000000 00000000
@0000223C 00000000 00000000 00000000 00000000 00000000 00000000 00000000
@00002243 00000000 00000000 00000000 00000000 00000000 00000000 00000000
@0000224A 00000000 00000000 00000000 00000000 00000000 00000000 00000000
@00002251 00000000 00000000 00000000 00000000 00000000 00000000 00000000
@00002258 00000000 00000000 00000000 00000000 00000000 00000000 00000000
@0000225F 00000000 00000000 00000000 00000000 00000000 00000000 00000000
@00002266 00000000 00000000 00000000 00000000 00000000 00000000 00000000
@0000226D 00000000 00000000 00000000 00000000 00000000 00000000 00000000
@00002274 00000000 00000000 00000000 00000000 00000000 00000000 00000000
@0000227B 00000000 00000000 00000000 00000000 00000000 00000000 00000000
@00002282 00000000 00000000 00000000 00000000 00000000 00000000 00000000
@00002289 00000000 00000000 00000000 00000000 00000000 00000000 00000000
@00002290 00000000 00000000 00000000 00000000 00000000 00000000 00000000
@00002297 00000000 00000000 00000000 00000000 00000000 00000000 00000000
@0000229E 00000000 00000000 00000000 00000000 00000000 00000000 00000000
@000022A5 00000000 00000000 00000000 00000000 00000000 00000000 00000000
@000022AC 00000000 00000000 00000000 00000000 00000000 00000000 00000000
@000022B3 00000000 00000000 00000000 00000000 00000000 00000000 00000000
@000022BA 00000000 00000000 00000000 00000000 00000000 00000000 00000000
@000022C1 00000000 00000000 00000000 00000000 00000000 00000000 00000000
@000022C8 00000000 00000000 00000000 00000000 00000000 00000000 00000000
@000022CF 00000000 00000000 00000000 00000000 00000000 00000000 00000000
@000022D6 00000000 00000000 00000000 00000000 00000000 00000000 00000000
@000022DD 00000000 00000000 00000000 00000000 00000000 00000000 00000000
@000022E4 00000000 00000000 00000000 00000000 00000000 00000000 00000000
@000022EB 00000000 00000000 00000000 00000000 00000000 00000000 00000000
@000022F2 00000000 00000000 00000000 00000000 00000000 00000000 00000000
@000022F9 00000000 00000000 00000000 00000000 00000000 00000000 00000000
@00002300 00000000 00000000 00000000 00000000 00000000 00000000 00000000
@00002307 00000000 00000000 00000000 00000000 00000000 00000000 00000000
@0000230E 00000000 00000000 00000000 00000000 00000000 00000000 00000000
@00002315 00000000 00000000 00000000 00000000 00000000 00000000 00000000
@0000231C 00000000 00000000 00000000 00000000 00000000 00000000 00000000
@00002323 00000000 00000000 00000000 00000000 00000000 00000000 00000000
@0000232A 00000000 00000000 00000000 00000000 00000000 00000000 00000000
@00002331 00000000 00000000 00000000 00000000 00000000 00000000 00000000
@00002338 00000000 00000000 00000000 00000000 00000000 00000000 00000000
@0000233F 00000000 00000000 00000000 00000000 00000000 00000000 00000000
@00002346 00000000 00000000 00000000 00000000 00000000 00000000 00000000
@0000234D 00000000 00000000 00000000 00000000 00000000 00000000 00000000
@00002354 00000000 00000000 00000000 00000000 00000000 00000000 00000000
@0000235B 00000000 00000000 00000000 00000000 00000000 00000000 00000000
@00002362 00000000 00000000 00000000 00000000 00000000 00000000 00000000
@00002369 00000000 00000000 00000000 00000000 00000000 00000000 00000000
@00002370 00000000 00000000 00000000 00000000 00000000 00000000 00000000
@00002377 00000000 00000000 00000000 00000000 00000000 00000000 00000000
@0000237E 00000000 00000000 00000000 00000000 00000000 00000000 00000000
@00002385 00000000 00000000 00000000 00000000 00000000 00000000 00000000
@0000238C 00000000 00000000 00000000 00000000 00000000 00000000 00000000
@00002393 00000000 00000000 00000000 00000000 00000000 00000000 00000000
@0000239A 00000000 00000000 00000000 00000000 00000000 00000000 00000000
@000023A1 00000000 00000000 00000000 00000000 00000000 00000000 00000000
@000023A8 00000000 00000000 00000000 00000000 00000000 00000000 00000000
@000023AF 00000000 00000000 00000000 00000000 00000000 00000000 00000000
@000023B6 00000000 00000000 00000000 00000000 00000000 00000000 00000000
@000023BD 00000000 00000000 00000000 00000000 00000000 00000000 00000000
@000023C4 00000000 00000000 00000000 00000000 00000000 00000000 00000000
@000023CB 00000000 00000000 00000000 00000000 00000000 00000000 00000000
@000023D2 00000000 00000000 00000000 00000000 00000000 00000000 00000000
@000023D9 00000000 00000000 00000000 00000000 00000000 00000000 00000000
@000023E0 00000000 00000000 00000000 00000000 00000000 00000000 00000000
@000023E7 00000000 00000000 00000000 00000000 00000000 00000000 00000000
@000023EE 00000000 00000000 00000000 00000000 00000000 00000000 00000000
@000023F5 00000000 00000000 00000000 00000000 00000000 00000000 00000000
@000023FC 00000000 00000000 00000000 00000000 00000000 00000000 00000000
@00002403 00000000 00000000 00000000 00000000 00000000 00000000 00000000
@0000240A 00000000 00000000 00000000 00000000 00000000 00000000 00000000
@00002411 00000000 00000000 00000000 00000000 00000000 00000000 00000000
@00002418 00000000 00000000 00000000 00000000 00000000 00000000 00000000
@0000241F 00000000 00000000 00000000 00000000 00000000 00000000 00000000
@00002426 00000000 00000000 00000000 00000000 00000000 00000000 00000000
@0000242D 00000000 00000000 00000000 00000000 00000000 00000000 00000000
@00002434 00000000 00000000 00000000 00000000 00000000 00000000 00000000
@0000243B 00000000 00000000 00000000 00000000 00000000 00000000 00000000
@00002442 00000000 00000000 00000000 00000000 00000000 00000000 00000000
@00002449 00000000 00000000 00000000 00000000 00000000 00000000 00000000
@00002450 00000000 00000000 00000000 00000000 00000000 00000000 00000000
@00002457 00000000 00000000 00000000 00000000 00000000 00000000 00000000
@0000245E 00000000 00000000 00000000 00000000 00000000 00000000 00000000
@00002465 00000000 00000000 00000000 00000000 00000000 00000000 00000000
@0000246C 00000000 00000000 00000000 00000000 00000000 00000000 00000000
@00002473 00000000 00000000 00000000 00000000 00000000 00000000 00000000
@0000247A 00000000 00000000 00000000 00000000 00000000 00000000 00000000
@00002481 00000000 00000000 00000000 00000000 00000000 00000000 00000000
@00002488 00000000 00000000 00000000 00000000 00000000 00000000 00000000
@0000248F 00000000 00000000 00000000 00000000 00000000 00000000 00000000
@00002496 00000000 00000000 00000000 00000000 00000000 00000000 00000000
@0000249D 00000000 00000000 00000000 00000000 00000000 00000000 00000000
@000024A4 00000000 00000000 00000000 00000000 00000000 00000000 00000000
@000024AB 00000000 00000000 00000000 00000000 00000000 00000000 00000000
@000024B2 00000000 00000000 00000000 00000000 00000000 00000000 00000000
@000024B9 00000000 00000000 00000000 00000000 00000000 00000000 00000000
@000024C0 00000000 00000000 00000000 00000000 00000000 00000000 00000000
@000024C7 00000000 00000000 00000000 00000000 00000000 00000000 00000000
@000024CE 00000000 00000000 00000000 00000000 00000000 00000000 00000000
@000024D5 00000000 00000000 00000000 00000000 00000000 00000000 00000000
@000024DC 00000000 00000000 00000000 00000000 00000000 00000000 00000000
@000024E3 00000000 00000000 00000000 00000000 00000000 00000000 00000000
@000024EA 00000000 00000000 00000000 00000000 00000000 00000000 00000000
@000024F1 00000000 00000000 00000000 00000000 00000000 00000000 00000000
@000024F8 00000000 00000000 00000000 00000000 00000000 00000000 00000000
@000024FF 00000000 00000000 00000000 00000000 00000000 00000000 00000000
@00002506 00000000 00000000 00000000 00000000 00000000 00000000 00000000
@0000250D 00000000 00000000 00000000 00000000 00000000 00000000 00000000
@00002514 00000000 00000000 00000000 00000000 00000000 00000000 00000000
@0000251B 00000000 00000000 00000000 00000000 00000000 00000000 00000000
@00002522 00000000 00000000 00000000 00000000 00000000 00000000 00000000
@00002529 00000000 00000000 00000000 00000000 00000000 00000000 00000000
@00002530 00000000 00000000 00000000 00000000 00000000 00000000 00000000
@00002537 00000000 00000000 00000000 00000000 00000000 00000000 00000000
@0000253E 00000000 00000000 00000000 00000000 00000000 00000000 00000000
@00002545 00000000 00000000 00000000 00000000 00000000 00000000 00000000
@0000254C 00000000 00000000 00000000 00000000 00000000 00000000 00000000
@00002553 00000000 00000000 00000000 00000000 00000000 00000000 00000000
@0000255A 00000000 00000000 00000000 00000000 00000000 00000000 00000000
@00002561 00000000 00000000 00000000 00000000 00000000 00000000 00000000
@00002568 00000000 00000000 00000000 00000000 00000000 00000000 00000000
@0000256F 00000000 00000000 00000000 00000000 00000000 00000000 00000000
@00002576 00000000 00000000 00000000 00000000 00000000 00000000 00000000
@0000257D 00000000 00000000 00000000 00000000 00000000 00000000 00000000
@00002584 00000000 00000000 00000000 00000000 00000000 00000000 00000000
@0000258B 00000000 00000000 00000000 00000000 00000000 00000000 00000000
@00002592 00000000 00000000 00000000 00000000 00000000 00000000 00000000
@00002599 00000000 00000000 00000000 00000000 00000000 00000000 00000000
@000025A0 00000000 00000000 00000000 00000000 00000000 00000000 00000000
@000025A7 00000000 00000000 00000000 00000000 00000000 00000000 00000000
@000025AE 00000000 00000000 00000000 00000000 00000000 00000000 00000000
@000025B5 00000000 00000000 00000000 00000000 00000000 00000000 00000000
@000025BC 00000000 00000000 00000000 00000000 00000000 00000000 00000000
@000025C3 00000000 00000000 00000000 00000000 00000000 00000000 00000000
@000025CA 00000000 00000000 00000000 00000000 00000000 00000000 00000000
@000025D1 00000000 00000000 00000000 00000000 00000000 00000000 00000000
@000025D8 00000000 00000000 00000000 00000000 00000000 00000000 00000000
@000025DF 00000000 00000000 00000000 00000000 00000000 00000000 00000000
@000025E6 00000000 00000000 00000000 00000000 00000000 00000000 00000000
@000025ED 00000000 00000000 00000000 00000000 00000000 00000000 00000000
@000025F4 00000000 00000000 00000000 00000000 00000000 00000000 00000000
@000025FB 00000000 00000000 00000000 00000000 00000000 00000000 00000000
@00002602 00000000 00000000 00000000 00000000 00000000 00000000 00000000
@00002609 00000000 00000000 00000000 00000000 00000000 00000000 00000000
@00002610 00000000 00000000 00000000 00000000 00000000 00000000 00000000
@00002617 00000000 00000000 00000000 00000000 00000000 00000000 00000000
@0000261E 00000000 00000000 00000000 00000000 00000000 00000000 00000000
@00002625 00000000 00000000 00000000 00000000 00000000 00000000 00000000
@0000262C 00000000 00000000 00000000 00000000 00000000 00000000 00000000
@00002633 00000000 00000000 00000000 00000000 00000000 00000000 00000000
@0000263A 00000000 00000000 00000000 00000000 00000000 00000000 00000000
@00002641 00000000 00000000 00000000 00000000 00000000 00000000 00000000
@00002648 00000000 00000000 00000000 00000000 00000000 00000000 00000000
@0000264F 00000000 00000000 00000000 00000000 00000000 00000000 00000000
@00002656 00000000 00000000 00000000 00000000 00000000 00000000 00000000
@0000265D 00000000 00000000 00000000 00000000 00000000 00000000 00000000
@00002664 00000000 00000000 00000000 00000000 00000000 00000000 00000000
@0000266B 00000000 00000000 00000000 00000000 00000000 00000000 00000000
@00002672 00000000 00000000 00000000 00000000 00000000 00000000 00000000
@00002679 00000000 00000000 00000000 00000000 00000000 00000000 00000000
@00002680 00000000 00000000 00000000 00000000 00000000 00000000 00000000
@00002687 00000000 00000000 00000000 00000000 00000000 00000000 00000000
@0000268E 00000000 00000000 00000000 00000000 00000000 00000000 00000000
@00002695 00000000 00000000 00000000 00000000 00000000 00000000 00000000
@0000269C 00000000 00000000 00000000 00000000 00000000 00000000 00000000
@000026A3 00000000 00000000 00000000 00000000 00000000 00000000 00000000
@000026AA 00000000 00000000 00000000 00000000 00000000 00000000 00000000
@000026B1 00000000 00000000 00000000 00000000 00000000 00000000 00000000
@000026B8 00000000 00000000 00000000 00000000 00000000 00000000 00000000
@000026BF 00000000 00000000 00000000 00000000 00000000 00000000 00000000
@000026C6 00000000 00000000 00000000 00000000 00000000 00000000 00000000
@000026CD 00000000 00000000 00000000 00000000 00000000 00000000 00000000
@000026D4 00000000 00000000 00000000 00000000 00000000 00000000 00000000
@000026DB 00000000 00000000 00000000 00000000 00000000 00000000 00000000
@000026E2 00000000 00000000 00000000 00000000 00000000 00000000 00000000
@000026E9 00000000 00000000 00000000 00000000 00000000 00000000 00000000
@000026F0 00000000 00000000 00000000 00000000 00000000 00000000 00000000
@000026F7 00000000 00000000 00000000 00000000 00000000 00000000 00000000
@000026FE 00000000 00000000 00000000 00000000 00000000 00000000 00000000
@00002705 00000000 00000000 00000000 00000000 00000000 00000000 00000000
@0000270C 00000000 00000000 00000000 00000000 00000000 00000000 00000000
@00002713 00000000 00000000 00000000 00000000 00000000 00000000 00000000
@0000271A 00000000 00000000 00000000 00000000 00000000 00000000 00000000
@00002721 00000000 00000000 00000000 00000000 00000000 00000000 00000000
@00002728 00000000 00000000 00000000 00000000 00000000 00000000 00000000
@0000272F 00000000 00000000 00000000 00000000 00000000 00000000 00000000
@00002736 00000000 00000000 00000000 00000000 00000000 00000000 00000000
@0000273D 00000000 00000000 00000000 00000000 00000000 00000000 00000000
@00002744 00000000 00000000 00000000 00000000 00000000 00000000 00000000
@0000274B 00000000 00000000 00000000 00000000 00000000 00000000 00000000
@00002752 00000000 00000000 00000000 00000000 00000000 00000000 00000000
@00002759 00000000 00000000 00000000 00000000 00000000 00000000 00000000
@00002760 00000000 00000000 00000000 00000000 00000000 00000000 00000000
@00002767 00000000 00000000 00000000 00000000 00000000 00000000 00000000
@0000276E 00000000 00000000 00000000 00000000 00000000 00000000 00000000
@00002775 00000000 00000000 00000000 00000000 00000000 00000000 00000000
@0000277C 00000000 00000000 00000000 00000000 00000000 00000000 00000000
@00002783 00000000 00000000 00000000 00000000 00000000 00000000 00000000
@0000278A 00000000 00000000 00000000 00000000 00000000 00000000 00000000
@00002791 00000000 00000000 00000000 00000000 00000000 00000000 00000000
@00002798 00000000 00000000 00000000 00000000 00000000 00000000 00000000
@0000279F 00000000 00000000 00000000 00000000 00000000 00000000 00000000
@000027A6 00000000 00000000 00000000 00000000 00000000 00000000 00000000
@000027AD 00000000 00000000 00000000 00000000 00000000 00000000 00000000
@000027B4 00000000 00000000 00000000 00000000 00000000 00000000 00000000
@000027BB 00000000 00000000 00000000 00000000 00000000 00000000 00000000
@000027C2 00000000 00000000 00000000 00000000 00000000 00000000 00000000
@000027C9 00000000 00000000 00000000 00000000 00000000 00000000 00000000
@000027D0 00000000 00000000 00000000 00000000 00000000 00000000 00000000
@000027D7 00000000 00000000 00000000 00000000 00000000 00000000 00000000
@000027DE 00000000 00000000 00000000 00000000 00000000 00000000 00000000
@000027E5 00000000 00000000 00000000 00000000 00000000 00000000 00000000
@000027EC 00000000 00000000 00000000 00000000 00000000 00000000 00000000
@000027F3 00000000 00000000 00000000 00000000 00000000 00000000 00000000
@000027FA 00000000 00000000 00000000 00000000 00000000 00000000 00000000
@00002801 00000000 00000000 00000000 00000000 00000000 00000000 00000000
@00002808 00000000 00000000 00000000 00000000 00000000 00000000 00000000
@0000280F 00000000 00000000 00000000 00000000 00000000 00000000 00000000
@00002816 00000000 00000000 00000000 00000000 00000000 00000000 00000000
@0000281D 00000000 00000000 00000000 00000000 00000000 00000000 00000000
@00002824 00000000 00000000 00000000 00000000 00000000 00000000 00000000
@0000282B 00000000 00000000 00000000 00000000 00000000 00000000 00000000
@00002832 00000000 00000000 00000000 00000000 00000000 00000000 00000000
@00002839 00000000 00000000 00000000 00000000 00000000 00000000 00000000
@00002840 00000000 00000000 00000000 00000000 00000000 00000000 00000000
@00002847 00000000 00000000 00000000 00000000 00000000 00000000 00000000
@0000284E 00000000 00000000 00000000 00000000 00000000 00000000 00000000
@00002855 00000000 00000000 00000000 00000000 00000000 00000000 00000000
@0000285C 00000000 00000000 00000000 00000000 00000000 00000000 00000000
@00002863 00000000 00000000 00000000 00000000 00000000 00000000 00000000
@0000286A 00000000 00000000 00000000 00000000 00000000 00000000 00000000
@00002871 00000000 00000000 00000000 00000000 00000000 00000000 00000000
@00002878 00000000 00000000 00000000 00000000 00000000 00000000 00000000
@0000287F 00000000 00000000 00000000 00000000 00000000 00000000 00000000
@00002886 00000000 00000000 00000000 00000000 00000000 00000000 00000000
@0000288D 00000000 00000000 00000000 00000000 00000000 00000000 00000000
@00002894 00000000 00000000 00000000 00000000 00000000 00000000 00000000
@0000289B 00000000 00000000 00000000 00000000 00000000 00000000 00000000
@000028A2 00000000 00000000 00000000 00000000 00000000 00000000 00000000
@000028A9 00000000 00000000 00000000 00000000 00000000 00000000 00000000
@000028B0 00000000 00000000 00000000 00000000 00000000 00000000 00000000
@000028B7 00000000 00000000 00000000 00000000 00000000 00000000 00000000
@000028BE 00000000 00000000 00000000 00000000 00000000 00000000 00000000
@000028C5 00000000 00000000 00000000 00000000 00000000 00000000 00000000
@000028CC 00000000 00000000 00000000 00000000 00000000 00000000 00000000
@000028D3 00000000 00000000 00000000 00000000 00000000 00000000 00000000
@000028DA 00000000 00000000 00000000 00000000 00000000 00000000 00000000
@000028E1 00000000 00000000 00000000 00000000 00000000 00000000 00000000
@000028E8 00000000 00000000 00000000 00000000 00000000 00000000 00000000
@000028EF 00000000 00000000 00000000 00000000 00000000 00000000 00000000
@000028F6 00000000 00000000 00000000 00000000 00000000 00000000 00000000
@000028FD 00000000 00000000 00000000 00000000 00000000 00000000 00000000
@00002904 00000000 00000000 00000000 00000000 00000000 00000000 00000000
@0000290B 00000000 00000000 00000000 00000000 00000000 00000000 00000000
@00002912 00000000 00000000 00000000 00000000 00000000 00000000 00000000
@00002919 00000000 00000000 00000000 00000000 00000000 00000000 00000000
@00002920 00000000 00000000 00000000 00000000 00000000 00000000 00000000
@00002927 00000000 00000000 00000000 00000000 00000000 00000000 00000000
@0000292E 00000000 00000000 00000000 00000000 00000000 00000000 00000000
@00002935 00000000 00000000 00000000 00000000 00000000 00000000 00000000
@0000293C 00000000 00000000 00000000 00000000 00000000 00000000 00000000
@00002943 00000000 00000000 00000000 00000000 00000000 00000000 00000000
@0000294A 00000000 00000000 00000000 00000000 00000000 00000000 00000000
@00002951 00000000 00000000 00000000 00000000 00000000 00000000 00000000
@00002958 00000000 00000000 00000000 00000000 00000000 00000000 00000000
@0000295F 00000000 00000000 00000000 00000000 00000000 00000000 00000000
@00002966 00000000 00000000 00000000 00000000 00000000 00000000 00000000
@0000296D 00000000 00000000 00000000 00000000 00000000 00000000 00000000
@00002974 00000000 00000000 00000000 00000000 00000000 00000000 00000000
@0000297B 00000000 00000000 00000000 00000000 00000000 00000000 00000000
@00002982 00000000 00000000 00000000 00000000 00000000 00000000 00000000
@00002989 00000000 00000000 00000000 00000000 00000000 00000000 00000000
@00002990 00000000 00000000 00000000 00000000 00000000 00000000 00000000
@00002997 00000000 00000000 00000000 00000000 00000000 00000000 00000000
@0000299E 00000000 00000000 00000000 00000000 00000000 00000000 00000000
@000029A5 00000000 00000000 00000000 00000000 00000000 00000000 00000000
@000029AC 00000000 00000000 00000000 00000000 00000000 00000000 00000000
@000029B3 00000000 00000000 00000000 00000000 00000000 00000000 00000000
@000029BA 00000000 00000000 00000000 00000000 00000000 00000000 00000000
@000029C1 00000000 00000000 00000000 00000000 00000000 00000000 00000000
@000029C8 00000000 00000000 00000000 00000000 00000000 00000000 00000000
@000029CF 00000000 00000000 00000000 00000000 00000000 00000000 00000000
@000029D6 00000000 00000000 00000000 00000000 00000000 00000000 00000000
@000029DD 00000000 00000000 00000000 00000000 00000000 00000000 00000000
@000029E4 00000000 00000000 00000000 00000000 00000000 00000000 00000000
@000029EB 00000000 00000000 00000000 00000000 00000000 00000000 00000000
@000029F2 00000000 00000000 00000000 00000000 00000000 00000000 00000000
@000029F9 00000000 00000000 00000000 00000000 00000000 00000000 00000000
@00002A00 00000000 00000000 00000000 00000000 00000000 00000000 00000000
@00002A07 00000000 00000000 00000000 00000000 00000000 00000000 00000000
@00002A0E 00000000 00000000 00000000 00000000 00000000 00000000 00000000
@00002A15 00000000 00000000 00000000 00000000 00000000 00000000 00000000
@00002A1C 00000000 00000000 00000000 00000000 00000000 00000000 00000000
@00002A23 00000000 00000000 00000000 00000000 00000000 00000000 00000000
@00002A2A 00000000 00000000 00000000 00000000 00000000 00000000 00000000
@00002A31 00000000 00000000 00000000 00000000 00000000 00000000 00000000
@00002A38 00000000 00000000 00000000 00000000 00000000 00000000 00000000
@00002A3F 00000000 00000000 00000000 00000000 00000000 00000000 00000000
@00002A46 00000000 00000000 00000000 00000000 00000000 00000000 00000000
@00002A4D 00000000 00000000 00000000 00000000 00000000 00000000 00000000
@00002A54 00000000 00000000 00000000 00000000 00000000 00000000 00000000
@00002A5B 00000000 00000000 00000000 00000000 00000000 00000000 00000000
@00002A62 00000000 00000000 00000000 00000000 00000000 00000000 00000000
@00002A69 00000000 00000000 00000000 00000000 00000000 00000000 00000000
@00002A70 00000000 00000000 00000000 00000000 00000000 00000000 00000000
@00002A77 00000000 00000000 00000000 00000000 00000000 00000000 00000000
@00002A7E 00000000 00000000 00000000 00000000 00000000 00000000 00000000
@00002A85 00000000 00000000 00000000 00000000 00000000 00000000 00000000
@00002A8C 00000000 00000000 00000000 00000000 00000000 00000000 00000000
@00002A93 00000000 00000000 00000000 00000000 00000000 00000000 00000000
@00002A9A 00000000 00000000 00000000 00000000 00000000 00000000 00000000
@00002AA1 00000000 00000000 00000000 00000000 00000000 00000000 00000000
@00002AA8 00000000 00000000 00000000 00000000 00000000 00000000 00000000
@00002AAF 00000000 00000000 00000000 00000000 00000000 00000000 00000000
@00002AB6 00000000 00000000 00000000 00000000 00000000 00000000 00000000
@00002ABD 00000000 00000000 00000000 00000000 00000000 00000000 00000000
@00002AC4 00000000 00000000 00000000 00000000 00000000 00000000 00000000
@00002ACB 00000000 00000000 00000000 00000000 00000000 00000000 00000000
@00002AD2 00000000 00000000 00000000 00000000 00000000 00000000 00000000
@00002AD9 00000000 00000000 00000000 00000000 00000000 00000000 00000000
@00002AE0 00000000 00000000 00000000 00000000 00000000 00000000 00000000
@00002AE7 00000000 00000000 00000000 00000000 00000000 00000000 00000000
@00002AEE 00000000 00000000 00000000 00000000 00000000 00000000 00000000
@00002AF5 00000000 00000000 00000000 00000000 00000000 00000000 00000000
@00002AFC 00000000 00000000 00000000 00000000 00000000 00000000 00000000
@00002B03 00000000 00000000 00000000 00000000 00000000 00000000 00000000
@00002B0A 00000000 00000000 00000000 00000000 00000000 00000000 00000000
@00002B11 00000000 00000000 00000000 00000000 00000000 00000000 00000000
@00002B18 00000000 00000000 00000000 00000000 00000000 00000000 00000000
@00002B1F 00000000 00000000 00000000 00000000 00000000 00000000 00000000
@00002B26 00000000 00000000 00000000 00000000 00000000 00000000 00000000
@00002B2D 00000000 00000000 00000000 00000000 00000000 00000000 00000000
@00002B34 00000000 00000000 00000000 00000000 00000000 00000000 00000000
@00002B3B 00000000 00000000 00000000 00000000 00000000 00000000 00000000
@00002B42 00000000 00000000 00000000 00000000 00000000 00000000 00000000
@00002B49 00000000 00000000 00000000 00000000 00000000 00000000 00000000
@00002B50 00000000 00000000 00000000 00000000 00000000 00000000 00000000
@00002B57 00000000 00000000 00000000 00000000 00000000 00000000 00000000
@00002B5E 00000000 00000000 00000000 00000000 00000000 00000000 00000000
@00002B65 00000000 00000000 00000000 00000000 00000000 00000000 00000000
@00002B6C 00000000 00000000 00000000 00000000 00000000 00000000 00000000
@00002B73 00000000 00000000 00000000 00000000 00000000 00000000 00000000
@00002B7A 00000000 00000000 00000000 00000000 00000000 00000000 00000000
@00002B81 00000000 00000000 00000000 00000000 00000000 00000000 00000000
@00002B88 00000000 00000000 00000000 00000000 00000000 00000000 00000000
@00002B8F 00000000 00000000 00000000 00000000 00000000 00000000 00000000
@00002B96 00000000 00000000 00000000 00000000 00000000 00000000 00000000
@00002B9D 00000000 00000000 00000000 00000000 00000000 00000000 00000000
@00002BA4 00000000 00000000 00000000 00000000 00000000 00000000 00000000
@00002BAB 00000000 00000000 00000000 00000000 00000000 00000000 00000000
@00002BB2 00000000 00000000 00000000 00000000 00000000 00000000 00000000
@00002BB9 00000000 00000000 00000000 00000000 00000000 00000000 00000000
@00002BC0 00000000 00000000 00000000 00000000 00000000 00000000 00000000
@00002BC7 00000000 00000000 00000000 00000000 00000000 00000000 00000000
@00002BCE 00000000 00000000 00000000 00000000 00000000 00000000 00000000
@00002BD5 00000000 00000000 00000000 00000000 00000000 00000000 00000000
@00002BDC 00000000 00000000 00000000 00000000 00000000 00000000 00000000
@00002BE3 00000000 00000000 00000000 00000000 00000000 00000000 00000000
@00002BEA 00000000 00000000 00000000 00000000 00000000 00000000 00000000
@00002BF1 00000000 00000000 00000000 00000000 00000000 00000000 00000000
@00002BF8 00000000 00000000 00000000 00000000 00000000 00000000 00000000
@00002BFF 00000000 00000000 00000000 00000000 00000000 00000000 00000000
@00002C06 00000000 00000000 00000000 00000000 00000000 00000000 00000000
@00002C0D 00000000 00000000 00000000 00000000 00000000 00000000 00000000
@00002C14 00000000 00000000 00000000 00000000 00000000 00000000 00000000
@00002C1B 00000000 00000000 00000000 00000000 00000000 00000000 00000000
@00002C22 00000000 00000000 00000000 00000000 00000000 00000000 00000000
@00002C29 00000000 00000000 00000000 00000000 00000000 00000000 00000000
@00002C30 00000000 00000000 00000000 00000000 00000000 00000000 00000000
@00002C37 00000000 00000000 00000000 00000000 00000000 00000000 00000000
@00002C3E 00000000 00000000 00000000 00000000 00000000 00000000 00000000
@00002C45 00000000 00000000 00000000 00000000 00000000 00000000 00000000
@00002C4C 00000000 00000000 00000000 00000000 00000000 00000000 00000000
@00002C53 00000000 00000000 00000000 00000000 00000000 00000000 00000000
@00002C5A 00000000 00000000 00000000 00000000 00000000 00000000 00000000
@00002C61 00000000 00000000 00000000 00000000 00000000 00000000 00000000
@00002C68 00000000 00000000 00000000 00000000 00000000 00000000 00000000
@00002C6F 00000000 00000000 00000000 00000000 00000000 00000000 00000000
@00002C76 00000000 00000000 00000000 00000000 00000000 00000000 00000000
@00002C7D 00000000 00000000 00000000 00000000 00000000 00000000 00000000
@00002C84 00000000 00000000 00000000 00000000 00000000 00000000 00000000
@00002C8B 00000000 00000000 00000000 00000000 00000000 00000000 00000000
@00002C92 00000000 00000000 00000000 00000000 00000000 00000000 00000000
@00002C99 00000000 00000000 00000000 00000000 00000000 00000000 00000000
@00002CA0 00000000 00000000 00000000 00000000 00000000 00000000 00000000
@00002CA7 00000000 00000000 00000000 00000000 00000000 00000000 00000000
@00002CAE 00000000 00000000 00000000 00000000 00000000 00000000 00000000
@00002CB5 00000000 00000000 00000000 00000000 00000000 00000000 00000000
@00002CBC 00000000 00000000 00000000 00000000 00000000 00000000 00000000
@00002CC3 00000000 00000000 00000000 00000000 00000000 00000000 00000000
@00002CCA 00000000 00000000 00000000 00000000 00000000 00000000 00000000
@00002CD1 00000000 00000000 00000000 00000000 00000000 00000000 00000000
@00002CD8 00000000 00000000 00000000 00000000 00000000 00000000 00000000
@00002CDF 00000000 00000000 00000000 00000000 00000000 00000000 00000000
@00002CE6 00000000 00000000 00000000 00000000 00000000 00000000 00000000
@00002CED 00000000 00000000 00000000 00000000 00000000 00000000 00000000
@00002CF4 00000000 00000000 00000000 00000000 00000000 00000000 00000000
@00002CFB 00000000 00000000 00000000 00000000 00000000 00000000 00000000
@00002D02 00000000 00000000 00000000 00000000 00000000 00000000 00000000
@00002D09 00000000 00000000 00000000 00000000 00000000 00000000 00000000
@00002D10 00000000 00000000 00000000 00000000 00000000 00000000 00000000
@00002D17 00000000 00000000 00000000 00000000 00000000 00000000 00000000
@00002D1E 00000000 00000000 00000000 00000000 00000000 00000000 00000000
@00002D25 00000000 00000000 00000000 00000000 00000000 00000000 00000000
@00002D2C 00000000 00000000 00000000 00000000 00000000 00000000 00000000
@00002D33 00000000 00000000 00000000 00000000 00000000 00000000 00000000
@00002D3A 00000000 00000000 00000000 00000000 00000000 00000000 00000000
@00002D41 00000000 00000000 00000000 00000000 00000000 00000000 00000000
@00002D48 00000000 00000000 00000000 00000000 00000000 00000000 00000000
@00002D4F 00000000 00000000 00000000 00000000 00000000 00000000 00000000
@00002D56 00000000 00000000 00000000 00000000 00000000 00000000 00000000
@00002D5D 00000000 00000000 00000000 00000000 00000000 00000000 00000000
@00002D64 00000000 00000000 00000000 00000000 00000000 00000000 00000000
@00002D6B 00000000 00000000 00000000 00000000 00000000 00000000 00000000
@00002D72 00000000 00000000 00000000 00000000 00000000 00000000 00000000
@00002D79 00000000 00000000 00000000 00000000 00000000 00000000 00000000
@00002D80 00000000 00000000 00000000 00000000 00000000 00000000 00000000
@00002D87 00000000 00000000 00000000 00000000 00000000 00000000 00000000
@00002D8E 00000000 00000000 00000000 00000000 00000000 00000000 00000000
@00002D95 00000000 00000000 00000000 00000000 00000000 00000000 00000000
@00002D9C 00000000 00000000 00000000 00000000 00000000 00000000 00000000
@00002DA3 00000000 00000000 00000000 00000000 00000000 00000000 00000000
@00002DAA 00000000 00000000 00000000 00000000 00000000 00000000 00000000
@00002DB1 00000000 00000000 00000000 00000000 00000000 00000000 00000000
@00002DB8 00000000 00000000 00000000 00000000 00000000 00000000 00000000
@00002DBF 00000000 00000000 00000000 00000000 00000000 00000000 00000000
@00002DC6 00000000 00000000 00000000 00000000 00000000 00000000 00000000
@00002DCD 00000000 00000000 00000000 00000000 00000000 00000000 00000000
@00002DD4 00000000 00000000 00000000 00000000 00000000 00000000 00000000
@00002DDB 00000000 00000000 00000000 00000000 00000000 00000000 00000000
@00002DE2 00000000 00000000 00000000 00000000 00000000 00000000 00000000
@00002DE9 00000000 00000000 00000000 00000000 00000000 00000000 00000000
@00002DF0 00000000 00000000 00000000 00000000 00000000 00000000 00000000
@00002DF7 00000000 00000000 00000000 00000000 00000000 00000000 00000000
@00002DFE 00000000 00000000 00000000 00000000 00000000 00000000 00000000
@00002E05 00000000 00000000 00000000 00000000 00000000 00000000 00000000
@00002E0C 00000000 00000000 00000000 00000000 00000000 00000000 00000000
@00002E13 00000000 00000000 00000000 00000000 00000000 00000000 00000000
@00002E1A 00000000 00000000 00000000 00000000 00000000 00000000 00000000
@00002E21 00000000 00000000 00000000 00000000 00000000 00000000 00000000
@00002E28 00000000 00000000 00000000 00000000 00000000 00000000 00000000
@00002E2F 00000000 00000000 00000000 00000000 00000000 00000000 00000000
@00002E36 00000000 00000000 00000000 00000000 00000000 00000000 00000000
@00002E3D 00000000 00000000 00000000 00000000 00000000 00000000 00000000
@00002E44 00000000 00000000 00000000 00000000 00000000 00000000 00000000
@00002E4B 00000000 00000000 00000000 00000000 00000000 00000000 00000000
@00002E52 00000000 00000000 00000000 00000000 00000000 00000000 00000000
@00002E59 00000000 00000000 00000000 00000000 00000000 00000000 00000000
@00002E60 00000000 00000000 00000000 00000000 00000000 00000000 00000000
@00002E67 00000000 00000000 00000000 00000000 00000000 00000000 00000000
@00002E6E 00000000 00000000 00000000 00000000 00000000 00000000 00000000
@00002E75 00000000 00000000 00000000 00000000 00000000 00000000 00000000
@00002E7C 00000000 00000000 00000000 00000000 00000000 00000000 00000000
@00002E83 00000000 00000000 00000000 00000000 00000000 00000000 00000000
@00002E8A 00000000 00000000 00000000 00000000 00000000 00000000 00000000
@00002E91 00000000 00000000 00000000 00000000 00000000 00000000 00000000
@00002E98 00000000 00000000 00000000 00000000 00000000 00000000 00000000
@00002E9F 00000000 00000000 00000000 00000000 00000000 00000000 00000000
@00002EA6 00000000 00000000 00000000 00000000 00000000 00000000 00000000
@00002EAD 00000000 00000000 00000000 00000000 00000000 00000000 00000000
@00002EB4 00000000 00000000 00000000 00000000 00000000 00000000 00000000
@00002EBB 00000000 00000000 00000000 00000000 00000000 00000000 00000000
@00002EC2 00000000 00000000 00000000 00000000 00000000 00000000 00000000
@00002EC9 00000000 00000000 00000000 00000000 00000000 00000000 00000000
@00002ED0 00000000 00000000 00000000 00000000 00000000 00000000 00000000
@00002ED7 00000000 00000000 00000000 00000000 00000000 00000000 00000000
@00002EDE 00000000 00000000 00000000 00000000 00000000 00000000 00000000
@00002EE5 00000000 00000000 00000000 00000000 00000000 00000000 00000000
@00002EEC 00000000 00000000 00000000 00000000 00000000 00000000 00000000
@00002EF3 00000000 00000000 00000000 00000000 00000000 00000000 00000000
@00002EFA 00000000 00000000 00000000 00000000 00000000 00000000 00000000
@00002F01 00000000 00000000 00000000 00000000 00000000 00000000 00000000
@00002F08 00000000 00000000 00000000 00000000 00000000 00000000 00000000
@00002F0F 00000000 00000000 00000000 00000000 00000000 00000000 00000000
@00002F16 00000000 00000000 00000000 00000000 00000000 00000000 00000000
@00002F1D 00000000 00000000 00000000 00000000 00000000 00000000 00000000
@00002F24 00000000 00000000 00000000 00000000 00000000 00000000 00000000
@00002F2B 00000000 00000000 00000000 00000000 00000000 00000000 00000000
@00002F32 00000000 00000000 00000000 00000000 00000000 00000000 00000000
@00002F39 00000000 00000000 00000000 00000000 00000000 00000000 00000000
@00002F40 00000000 00000000 00000000 00000000 00000000 00000000 00000000
@00002F47 00000000 00000000 00000000 00000000 00000000 00000000 00000000
@00002F4E 00000000 00000000 00000000 00000000 00000000 00000000 00000000
@00002F55 00000000 00000000 00000000 00000000 00000000 00000000 00000000
@00002F5C 00000000 00000000 00000000 00000000 00000000 00000000 00000000
@00002F63 00000000 00000000 00000000 00000000 00000000 00000000 00000000
@00002F6A 00000000 00000000 00000000 00000000 00000000 00000000 00000000
@00002F71 00000000 00000000 00000000 00000000 00000000 00000000 00000000
@00002F78 00000000 00000000 00000000 00000000 00000000 00000000 00000000
@00002F7F 00000000 00000000 00000000 00000000 00000000 00000000 00000000
@00002F86 00000000 00000000 00000000 00000000 00000000 00000000 00000000
@00002F8D 00000000 00000000 00000000 00000000 00000000 00000000 00000000
@00002F94 00000000 00000000 00000000 00000000 00000000 00000000 00000000
@00002F9B 00000000 00000000 00000000 00000000 00000000 00000000 00000000
@00002FA2 00000000 00000000 00000000 00000000 00000000 00000000 00000000
@00002FA9 00000000 00000000 00000000 00000000 00000000 00000000 00000000
@00002FB0 00000000 00000000 00000000 00000000 00000000 00000000 00000000
@00002FB7 00000000 00000000 00000000 00000000 00000000 00000000 00000000
@00002FBE 00000000 00000000 00000000 00000000 00000000 00000000 00000000
@00002FC5 00000000 00000000 00000000 00000000 00000000 00000000 00000000
@00002FCC 00000000 00000000 00000000 00000000 00000000 00000000 00000000
@00002FD3 00000000 00000000 00000000 00000000 00000000 00000000 00000000
@00002FDA 00000000 00000000 00000000 00000000 00000000 00000000 00000000
@00002FE1 00000000 00000000 00000000 00000000 00000000 00000000 00000000
@00002FE8 00000000 00000000 00000000 00000000 00000000 00000000 00000000
@00002FEF 00000000 00000000 00000000 00000000 00000000 00000000 00000000
@00002FF6 00000000 00000000 00000000 00000000 00000000 00000000 00000000
@00002FFD 00000000 00000000 00000000 00000000 00000000 00000000 00000000
@00003004 00000000 00000000 00000000 00000000 00000000 00000000 00000000
@0000300B 00000000 00000000 00000000 00000000 00000000 00000000 00000000
@00003012 00000000 00000000 00000000 00000000 00000000 00000000 00000000
@00003019 00000000 00000000 00000000 00000000 00000000 00000000 00000000
@00003020 00000000 00000000 00000000 00000000 00000000 00000000 00000000
@00003027 00000000 00000000 00000000 00000000 00000000 00000000 00000000
@0000302E 00000000 00000000 00000000 00000000 00000000 00000000 00000000
@00003035 00000000 00000000 00000000 00000000 00000000 00000000 00000000
@0000303C 00000000 00000000 00000000 00000000 00000000 00000000 00000000
@00003043 00000000 00000000 00000000 00000000 00000000 00000000 00000000
@0000304A 00000000 00000000 00000000 00000000 00000000 00000000 00000000
@00003051 00000000 00000000 00000000 00000000 00000000 00000000 00000000
@00003058 00000000 00000000 00000000 00000000 00000000 00000000 00000000
@0000305F 00000000 00000000 00000000 00000000 00000000 00000000 00000000
@00003066 00000000 00000000 00000000 00000000 00000000 00000000 00000000
@0000306D 00000000 00000000 00000000 00000000 00000000 00000000 00000000
@00003074 00000000 00000000 00000000 00000000 00000000 00000000 00000000
@0000307B 00000000 00000000 00000000 00000000 00000000 00000000 00000000
@00003082 00000000 00000000 00000000 00000000 00000000 00000000 00000000
@00003089 00000000 00000000 00000000 00000000 00000000 00000000 00000000
@00003090 00000000 00000000 00000000 00000000 00000000 00000000 00000000
@00003097 00000000 00000000 00000000 00000000 00000000 00000000 00000000
@0000309E 00000000 00000000 00000000 00000000 00000000 00000000 00000000
@000030A5 00000000 00000000 00000000 00000000 00000000 00000000 00000000
@000030AC 00000000 00000000 00000000 00000000 00000000 00000000 00000000
@000030B3 00000000 00000000 00000000 00000000 00000000 00000000 00000000
@000030BA 00000000 00000000 00000000 00000000 00000000 00000000 00000000
@000030C1 00000000 00000000 00000000 00000000 00000000 00000000 00000000
@000030C8 00000000 00000000 00000000 00000000 00000000 00000000 00000000
@000030CF 00000000 00000000 00000000 00000000 00000000 00000000 00000000
@000030D6 00000000 00000000 00000000 00000000 00000000 00000000 00000000
@000030DD 00000000 00000000 00000000 00000000 00000000 00000000 00000000
@000030E4 00000000 00000000 00000000 00000000 00000000 00000000 00000000
@000030EB 00000000 00000000 00000000 00000000 00000000 00000000 00000000
@000030F2 00000000 00000000 00000000 00000000 00000000 00000000 00000000
@000030F9 00000000 00000000 00000000 00000000 00000000 00000000 00000000
@00003100 00000000 00000000 00000000 00000000 00000000 00000000 00000000
@00003107 00000000 00000000 00000000 00000000 00000000 00000000 00000000
@0000310E 00000000 00000000 00000000 00000000 00000000 00000000 00000000
@00003115 00000000 00000000 00000000 00000000 00000000 00000000 00000000
@0000311C 00000000 00000000 00000000 00000000 00000000 00000000 00000000
@00003123 00000000 00000000 00000000 00000000 00000000 00000000 00000000
@0000312A 00000000 00000000 00000000 00000000 00000000 00000000 00000000
@00003131 00000000 00000000 00000000 00000000 00000000 00000000 00000000
@00003138 00000000 00000000 00000000 00000000 00000000 00000000 00000000
@0000313F 00000000 00000000 00000000 00000000 00000000 00000000 00000000
@00003146 00000000 00000000 00000000 00000000 00000000 00000000 00000000
@0000314D 00000000 00000000 00000000 00000000 00000000 00000000 00000000
@00003154 00000000 00000000 00000000 00000000 00000000 00000000 00000000
@0000315B 00000000 00000000 00000000 00000000 00000000 00000000 00000000
@00003162 00000000 00000000 00000000 00000000 00000000 00000000 00000000
@00003169 00000000 00000000 00000000 00000000 00000000 00000000 00000000
@00003170 00000000 00000000 00000000 00000000 00000000 00000000 00000000
@00003177 00000000 00000000 00000000 00000000 00000000 00000000 00000000
@0000317E 00000000 00000000 00000000 00000000 00000000 00000000 00000000
@00003185 00000000 00000000 00000000 00000000 00000000 00000000 00000000
@0000318C 00000000 00000000 00000000 00000000 00000000 00000000 00000000
@00003193 00000000 00000000 00000000 00000000 00000000 00000000 00000000
@0000319A 00000000 00000000 00000000 00000000 00000000 00000000 00000000
@000031A1 00000000 00000000 00000000 00000000 00000000 00000000 00000000
@000031A8 00000000 00000000 00000000 00000000 00000000 00000000 00000000
@000031AF 00000000 00000000 00000000 00000000 00000000 00000000 00000000
@000031B6 00000000 00000000 00000000 00000000 00000000 00000000 00000000
@000031BD 00000000 00000000 00000000 00000000 00000000 00000000 00000000
@000031C4 00000000 00000000 00000000 00000000 00000000 00000000 00000000
@000031CB 00000000 00000000 00000000 00000000 00000000 00000000 00000000
@000031D2 00000000 00000000 00000000 00000000 00000000 00000000 00000000
@000031D9 00000000 00000000 00000000 00000000 00000000 00000000 00000000
@000031E0 00000000 00000000 00000000 00000000 00000000 00000000 00000000
@000031E7 00000000 00000000 00000000 00000000 00000000 00000000 00000000
@000031EE 00000000 00000000 00000000 00000000 00000000 00000000 00000000
@000031F5 00000000 00000000 00000000 00000000 00000000 00000000 00000000
@000031FC 00000000 00000000 00000000 00000000 00000000 00000000 00000000
@00003203 00000000 00000000 00000000 00000000 00000000 00000000 00000000
@0000320A 00000000 00000000 00000000 00000000 00000000 00000000 00000000
@00003211 00000000 00000000 00000000 00000000 00000000 00000000 00000000
@00003218 00000000 00000000 00000000 00000000 00000000 00000000 00000000
@0000321F 00000000 00000000 00000000 00000000 00000000 00000000 00000000
@00003226 00000000 00000000 00000000 00000000 00000000 00000000 00000000
@0000322D 00000000 00000000 00000000 00000000 00000000 00000000 00000000
@00003234 00000000 00000000 00000000 00000000 00000000 00000000 00000000
@0000323B 00000000 00000000 00000000 00000000 00000000 00000000 00000000
@00003242 00000000 00000000 00000000 00000000 00000000 00000000 00000000
@00003249 00000000 00000000 00000000 00000000 00000000 00000000 00000000
@00003250 00000000 00000000 00000000 00000000 00000000 00000000 00000000
@00003257 00000000 00000000 00000000 00000000 00000000 00000000 00000000
@0000325E 00000000 00000000 00000000 00000000 00000000 00000000 00000000
@00003265 00000000 00000000 00000000 00000000 00000000 00000000 00000000
@0000326C 00000000 00000000 00000000 00000000 00000000 00000000 00000000
@00003273 00000000 00000000 00000000 00000000 00000000 00000000 00000000
@0000327A 00000000 00000000 00000000 00000000 00000000 00000000 00000000
@00003281 00000000 00000000 00000000 00000000 00000000 00000000 00000000
@00003288 00000000 00000000 00000000 00000000 00000000 00000000 00000000
@0000328F 00000000 00000000 00000000 00000000 00000000 00000000 00000000
@00003296 00000000 00000000 00000000 00000000 00000000 00000000 00000000
@0000329D 00000000 00000000 00000000 00000000 00000000 00000000 00000000
@000032A4 00000000 00000000 00000000 00000000 00000000 00000000 00000000
@000032AB 00000000 00000000 00000000 00000000 00000000 00000000 00000000
@000032B2 00000000 00000000 00000000 00000000 00000000 00000000 00000000
@000032B9 00000000 00000000 00000000 00000000 00000000 00000000 00000000
@000032C0 00000000 00000000 00000000 00000000 00000000 00000000 00000000
@000032C7 00000000 00000000 00000000 00000000 00000000 00000000 00000000
@000032CE 00000000 00000000 00000000 00000000 00000000 00000000 00000000
@000032D5 00000000 00000000 00000000 00000000 00000000 00000000 00000000
@000032DC 00000000 00000000 00000000 00000000 00000000 00000000 00000000
@000032E3 00000000 00000000 00000000 00000000 00000000 00000000 00000000
@000032EA 00000000 00000000 00000000 00000000 00000000 00000000 00000000
@000032F1 00000000 00000000 00000000 00000000 00000000 00000000 00000000
@000032F8 00000000 00000000 00000000 00000000 00000000 00000000 00000000
@000032FF 00000000 00000000 00000000 00000000 00000000 00000000 00000000
@00003306 00000000 00000000 00000000 00000000 00000000 00000000 00000000
@0000330D 00000000 00000000 00000000 00000000 00000000 00000000 00000000
@00003314 00000000 00000000 00000000 00000000 00000000 00000000 00000000
@0000331B 00000000 00000000 00000000 00000000 00000000 00000000 00000000
@00003322 00000000 00000000 00000000 00000000 00000000 00000000 00000000
@00003329 00000000 00000000 00000000 00000000 00000000 00000000 00000000
@00003330 00000000 00000000 00000000 00000000 00000000 00000000 00000000
@00003337 00000000 00000000 00000000 00000000 00000000 00000000 00000000
@0000333E 00000000 00000000 00000000 00000000 00000000 00000000 00000000
@00003345 00000000 00000000 00000000 00000000 00000000 00000000 00000000
@0000334C 00000000 00000000 00000000 00000000 00000000 00000000 00000000
@00003353 00000000 00000000 00000000 00000000 00000000 00000000 00000000
@0000335A 00000000 00000000 00000000 00000000 00000000 00000000 00000000
@00003361 00000000 00000000 00000000 00000000 00000000 00000000 00000000
@00003368 00000000 00000000 00000000 00000000 00000000 00000000 00000000
@0000336F 00000000 00000000 00000000 00000000 00000000 00000000 00000000
@00003376 00000000 00000000 00000000 00000000 00000000 00000000 00000000
@0000337D 00000000 00000000 00000000 00000000 00000000 00000000 00000000
@00003384 00000000 00000000 00000000 00000000 00000000 00000000 00000000
@0000338B 00000000 00000000 00000000 00000000 00000000 00000000 00000000
@00003392 00000000 00000000 00000000 00000000 00000000 00000000 00000000
@00003399 00000000 00000000 00000000 00000000 00000000 00000000 00000000
@000033A0 00000000 00000000 00000000 00000000 00000000 00000000 00000000
@000033A7 00000000 00000000 00000000 00000000 00000000 00000000 00000000
@000033AE 00000000 00000000 00000000 00000000 00000000 00000000 00000000
@000033B5 00000000 00000000 00000000 00000000 00000000 00000000 00000000
@000033BC 00000000 00000000 00000000 00000000 00000000 00000000 00000000
@000033C3 00000000 00000000 00000000 00000000 00000000 00000000 00000000
@000033CA 00000000 00000000 00000000 00000000 00000000 00000000 00000000
@000033D1 00000000 00000000 00000000 00000000 00000000 00000000 00000000
@000033D8 00000000 00000000 00000000 00000000 00000000 00000000 00000000
@000033DF 00000000 00000000 00000000 00000000 00000000 00000000 00000000
@000033E6 00000000 00000000 00000000 00000000 00000000 00000000 00000000
@000033ED 00000000 00000000 00000000 00000000 00000000 00000000 00000000
@000033F4 00000000 00000000 00000000 00000000 00000000 00000000 00000000
@000033FB 00000000 00000000 00000000 00000000 00000000 00000000 00000000
@00003402 00000000 00000000 00000000 00000000 00000000 00000000 00000000
@00003409 00000000 00000000 00000000 00000000 00000000 00000000 00000000
@00003410 00000000 00000000 00000000 00000000 00000000 00000000 00000000
@00003417 00000000 00000000 00000000 00000000 00000000 00000000 00000000
@0000341E 00000000 00000000 00000000 00000000 00000000 00000000 00000000
@00003425 00000000 00000000 00000000 00000000 00000000 00000000 00000000
@0000342C 00000000 00000000 00000000 00000000 00000000 00000000 00000000
@00003433 00000000 00000000 00000000 00000000 00000000 00000000 00000000
@0000343A 00000000 00000000 00000000 00000000 00000000 00000000 00000000
@00003441 00000000 00000000 00000000 00000000 00000000 00000000 00000000
@00003448 00000000 00000000 00000000 00000000 00000000 00000000 00000000
@0000344F 00000000 00000000 00000000 00000000 00000000 00000000 00000000
@00003456 00000000 00000000 00000000 00000000 00000000 00000000 00000000
@0000345D 00000000 00000000 00000000 00000000 00000000 00000000 00000000
@00003464 00000000 00000000 00000000 00000000 00000000 00000000 00000000
@0000346B 00000000 00000000 00000000 00000000 00000000 00000000 00000000
@00003472 00000000 00000000 00000000 00000000 00000000 00000000 00000000
@00003479 00000000 00000000 00000000 00000000 00000000 00000000 00000000
@00003480 00000000 00000000 00000000 00000000 00000000 00000000 00000000
@00003487 00000000 00000000 00000000 00000000 00000000 00000000 00000000
@0000348E 00000000 00000000 00000000 00000000 00000000 00000000 00000000
@00003495 00000000 00000000 00000000 00000000 00000000 00000000 00000000
@0000349C 00000000 00000000 00000000 00000000 00000000 00000000 00000000
@000034A3 00000000 00000000 00000000 00000000 00000000 00000000 00000000
@000034AA 00000000 00000000 00000000 00000000 00000000 00000000 00000000
@000034B1 00000000 00000000 00000000 00000000 00000000 00000000 00000000
@000034B8 00000000 00000000 00000000 00000000 00000000 00000000 00000000
@000034BF 00000000 00000000 00000000 00000000 00000000 00000000 00000000
@000034C6 00000000 00000000 00000000 00000000 00000000 00000000 00000000
@000034CD 00000000 00000000 00000000 00000000 00000000 00000000 00000000
@000034D4 00000000 00000000 00000000 00000000 00000000 00000000 00000000
@000034DB 00000000 00000000 00000000 00000000 00000000 00000000 00000000
@000034E2 00000000 00000000 00000000 00000000 00000000 00000000 00000000
@000034E9 00000000 00000000 00000000 00000000 00000000 00000000 00000000
@000034F0 00000000 00000000 00000000 00000000 00000000 00000000 00000000
@000034F7 00000000 00000000 00000000 00000000 00000000 00000000 00000000
@000034FE 00000000 00000000 00000000 00000000 00000000 00000000 00000000
@00003505 00000000 00000000 00000000 00000000 00000000 00000000 00000000
@0000350C 00000000 00000000 00000000 00000000 00000000 00000000 00000000
@00003513 00000000 00000000 00000000 00000000 00000000 00000000 00000000
@0000351A 00000000 00000000 00000000 00000000 00000000 00000000 00000000
@00003521 00000000 00000000 00000000 00000000 00000000 00000000 00000000
@00003528 00000000 00000000 00000000 00000000 00000000 00000000 00000000
@0000352F 00000000 00000000 00000000 00000000 00000000 00000000 00000000
@00003536 00000000 00000000 00000000 00000000 00000000 00000000 00000000
@0000353D 00000000 00000000 00000000 00000000 00000000 00000000 00000000
@00003544 00000000 00000000 00000000 00000000 00000000 00000000 00000000
@0000354B 00000000 00000000 00000000 00000000 00000000 00000000 00000000
@00003552 00000000 00000000 00000000 00000000 00000000 00000000 00000000
@00003559 00000000 00000000 00000000 00000000 00000000 00000000 00000000
@00003560 00000000 00000000 00000000 00000000 00000000 00000000 00000000
@00003567 00000000 00000000 00000000 00000000 00000000 00000000 00000000
@0000356E 00000000 00000000 00000000 00000000 00000000 00000000 00000000
@00003575 00000000 00000000 00000000 00000000 00000000 00000000 00000000
@0000357C 00000000 00000000 00000000 00000000 00000000 00000000 00000000
@00003583 00000000 00000000 00000000 00000000 00000000 00000000 00000000
@0000358A 00000000 00000000 00000000 00000000 00000000 00000000 00000000
@00003591 00000000 00000000 00000000 00000000 00000000 00000000 00000000
@00003598 00000000 00000000 00000000 00000000 00000000 00000000 00000000
@0000359F 00000000 00000000 00000000 00000000 00000000 00000000 00000000
@000035A6 00000000 00000000 00000000 00000000 00000000 00000000 00000000
@000035AD 00000000 00000000 00000000 00000000 00000000 00000000 00000000
@000035B4 00000000 00000000 00000000 00000000 00000000 00000000 00000000
@000035BB 00000000 00000000 00000000 00000000 00000000 00000000 00000000
@000035C2 00000000 00000000 00000000 00000000 00000000 00000000 00000000
@000035C9 00000000 00000000 00000000 00000000 00000000 00000000 00000000
@000035D0 00000000 00000000 00000000 00000000 00000000 00000000 00000000
@000035D7 00000000 00000000 00000000 00000000 00000000 00000000 00000000
@000035DE 00000000 00000000 00000000 00000000 00000000 00000000 00000000
@000035E5 00000000 00000000 00000000 00000000 00000000 00000000 00000000
@000035EC 00000000 00000000 00000000 00000000 00000000 00000000 00000000
@000035F3 00000000 00000000 00000000 00000000 00000000 00000000 00000000
@000035FA 00000000 00000000 00000000 00000000 00000000 00000000 00000000
@00003601 00000000 00000000 00000000 00000000 00000000 00000000 00000000
@00003608 00000000 00000000 00000000 00000000 00000000 00000000 00000000
@0000360F 00000000 00000000 00000000 00000000 00000000 00000000 00000000
@00003616 00000000 00000000 00000000 00000000 00000000 00000000 00000000
@0000361D 00000000 00000000 00000000 00000000 00000000 00000000 00000000
@00003624 00000000 00000000 00000000 00000000 00000000 00000000 00000000
@0000362B 00000000 00000000 00000000 00000000 00000000 00000000 00000000
@00003632 00000000 00000000 00000000 00000000 00000000 00000000 00000000
@00003639 00000000 00000000 00000000 00000000 00000000 00000000 00000000
@00003640 00000000 00000000 00000000 00000000 00000000 00000000 00000000
@00003647 00000000 00000000 00000000 00000000 00000000 00000000 00000000
@0000364E 00000000 00000000 00000000 00000000 00000000 00000000 00000000
@00003655 00000000 00000000 00000000 00000000 00000000 00000000 00000000
@0000365C 00000000 00000000 00000000 00000000 00000000 00000000 00000000
@00003663 00000000 00000000 00000000 00000000 00000000 00000000 00000000
@0000366A 00000000 00000000 00000000 00000000 00000000 00000000 00000000
@00003671 00000000 00000000 00000000 00000000 00000000 00000000 00000000
@00003678 00000000 00000000 00000000 00000000 00000000 00000000 00000000
@0000367F 00000000 00000000 00000000 00000000 00000000 00000000 00000000
@00003686 00000000 00000000 00000000 00000000 00000000 00000000 00000000
@0000368D 00000000 00000000 00000000 00000000 00000000 00000000 00000000
@00003694 00000000 00000000 00000000 00000000 00000000 00000000 00000000
@0000369B 00000000 00000000 00000000 00000000 00000000 00000000 00000000
@000036A2 00000000 00000000 00000000 00000000 00000000 00000000 00000000
@000036A9 00000000 00000000 00000000 00000000 00000000 00000000 00000000
@000036B0 00000000 00000000 00000000 00000000 00000000 00000000 00000000
@000036B7 00000000 00000000 00000000 00000000 00000000 00000000 00000000
@000036BE 00000000 00000000 00000000 00000000 00000000 00000000 00000000
@000036C5 00000000 00000000 00000000 00000000 00000000 00000000 00000000
@000036CC 00000000 00000000 00000000 00000000 00000000 00000000 00000000
@000036D3 00000000 00000000 00000000 00000000 00000000 00000000 00000000
@000036DA 00000000 00000000 00000000 00000000 00000000 00000000 00000000
@000036E1 00000000 00000000 00000000 00000000 00000000 00000000 00000000
@000036E8 00000000 00000000 00000000 00000000 00000000 00000000 00000000
@000036EF 00000000 00000000 00000000 00000000 00000000 00000000 00000000
@000036F6 00000000 00000000 00000000 00000000 00000000 00000000 00000000
@000036FD 00000000 00000000 00000000 00000000 00000000 00000000 00000000
@00003704 00000000 00000000 00000000 00000000 00000000 00000000 00000000
@0000370B 00000000 00000000 00000000 00000000 00000000 00000000 00000000
@00003712 00000000 00000000 00000000 00000000 00000000 00000000 00000000
@00003719 00000000 00000000 00000000 00000000 00000000 00000000 00000000
@00003720 00000000 00000000 00000000 00000000 00000000 00000000 00000000
@00003727 00000000 00000000 00000000 00000000 00000000 00000000 00000000
@0000372E 00000000 00000000 00000000 00000000 00000000 00000000 00000000
@00003735 00000000 00000000 00000000 00000000 00000000 00000000 00000000
@0000373C 00000000 00000000 00000000 00000000 00000000 00000000 00000000
@00003743 00000000 00000000 00000000 00000000 00000000 00000000 00000000
@0000374A 00000000 00000000 00000000 00000000 00000000 00000000 00000000
@00003751 00000000 00000000 00000000 00000000 00000000 00000000 00000000
@00003758 00000000 00000000 00000000 00000000 00000000 00000000 00000000
@0000375F 00000000 00000000 00000000 00000000 00000000 00000000 00000000
@00003766 00000000 00000000 00000000 00000000 00000000 00000000 00000000
@0000376D 00000000 00000000 00000000 00000000 00000000 00000000 00000000
@00003774 00000000 00000000 00000000 00000000 00000000 00000000 00000000
@0000377B 00000000 00000000 00000000 00000000 00000000 00000000 00000000
@00003782 00000000 00000000 00000000 00000000 00000000 00000000 00000000
@00003789 00000000 00000000 00000000 00000000 00000000 00000000 00000000
@00003790 00000000 00000000 00000000 00000000 00000000 00000000 00000000
@00003797 00000000 00000000 00000000 00000000 00000000 00000000 00000000
@0000379E 00000000 00000000 00000000 00000000 00000000 00000000 00000000
@000037A5 00000000 00000000 00000000 00000000 00000000 00000000 00000000
@000037AC 00000000 00000000 00000000 00000000 00000000 00000000 00000000
@000037B3 00000000 00000000 00000000 00000000 00000000 00000000 00000000
@000037BA 00000000 00000000 00000000 00000000 00000000 00000000 00000000
@000037C1 00000000 00000000 00000000 00000000 00000000 00000000 00000000
@000037C8 00000000 00000000 00000000 00000000 00000000 00000000 00000000
@000037CF 00000000 00000000 00000000 00000000 00000000 00000000 00000000
@000037D6 00000000 00000000 00000000 00000000 00000000 00000000 00000000
@000037DD 00000000 00000000 00000000 00000000 00000000 00000000 00000000
@000037E4 00000000 00000000 00000000 00000000 00000000 00000000 00000000
@000037EB 00000000 00000000 00000000 00000000 00000000 00000000 00000000
@000037F2 00000000 00000000 00000000 00000000 00000000 00000000 00000000
@000037F9 00000000 00000000 00000000 00000000 00000000 00000000 00000000
@00003800 00000000 00000000 00000000 00000000 00000000 00000000 00000000
@00003807 00000000 00000000 00000000 00000000 00000000 00000000 00000000
@0000380E 00000000 00000000 00000000 00000000 00000000 00000000 00000000
@00003815 00000000 00000000 00000000 00000000 00000000 00000000 00000000
@0000381C 00000000 00000000 00000000 00000000 00000000 00000000 00000000
@00003823 00000000 00000000 00000000 00000000 00000000 00000000 00000000
@0000382A 00000000 00000000 00000000 00000000 00000000 00000000 00000000
@00003831 00000000 00000000 00000000 00000000 00000000 00000000 00000000
@00003838 00000000 00000000 00000000 00000000 00000000 00000000 00000000
@0000383F 00000000 00000000 00000000 00000000 00000000 00000000 00000000
@00003846 00000000 00000000 00000000 00000000 00000000 00000000 00000000
@0000384D 00000000 00000000 00000000 00000000 00000000 00000000 00000000
@00003854 00000000 00000000 00000000 00000000 00000000 00000000 00000000
@0000385B 00000000 00000000 00000000 00000000 00000000 00000000 00000000
@00003862 00000000 00000000 00000000 00000000 00000000 00000000 00000000
@00003869 00000000 00000000 00000000 00000000 00000000 00000000 00000000
@00003870 00000000 00000000 00000000 00000000 00000000 00000000 00000000
@00003877 00000000 00000000 00000000 00000000 00000000 00000000 00000000
@0000387E 00000000 00000000 00000000 00000000 00000000 00000000 00000000
@00003885 00000000 00000000 00000000 00000000 00000000 00000000 00000000
@0000388C 00000000 00000000 00000000 00000000 00000000 00000000 00000000
@00003893 00000000 00000000 00000000 00000000 00000000 00000000 00000000
@0000389A 00000000 00000000 00000000 00000000 00000000 00000000 00000000
@000038A1 00000000 00000000 00000000 00000000 00000000 00000000 00000000
@000038A8 00000000 00000000 00000000 00000000 00000000 00000000 00000000
@000038AF 00000000 00000000 00000000 00000000 00000000 00000000 00000000
@000038B6 00000000 00000000 00000000 00000000 00000000 00000000 00000000
@000038BD 00000000 00000000 00000000 00000000 00000000 00000000 00000000
@000038C4 00000000 00000000 00000000 00000000 00000000 00000000 00000000
@000038CB 00000000 00000000 00000000 00000000 00000000 00000000 00000000
@000038D2 00000000 00000000 00000000 00000000 00000000 00000000 00000000
@000038D9 00000000 00000000 00000000 00000000 00000000 00000000 00000000
@000038E0 00000000 00000000 00000000 00000000 00000000 00000000 00000000
@000038E7 00000000 00000000 00000000 00000000 00000000 00000000 00000000
@000038EE 00000000 00000000 00000000 00000000 00000000 00000000 00000000
@000038F5 00000000 00000000 00000000 00000000 00000000 00000000 00000000
@000038FC 00000000 00000000 00000000 00000000 00000000 00000000 00000000
@00003903 00000000 00000000 00000000 00000000 00000000 00000000 00000000
@0000390A 00000000 00000000 00000000 00000000 00000000 00000000 00000000
@00003911 00000000 00000000 00000000 00000000 00000000 00000000 00000000
@00003918 00000000 00000000 00000000 00000000 00000000 00000000 00000000
@0000391F 00000000 00000000 00000000 00000000 00000000 00000000 00000000
@00003926 00000000 00000000 00000000 00000000 00000000 00000000 00000000
@0000392D 00000000 00000000 00000000 00000000 00000000 00000000 00000000
@00003934 00000000 00000000 00000000 00000000 00000000 00000000 00000000
@0000393B 00000000 00000000 00000000 00000000 00000000 00000000 00000000
@00003942 00000000 00000000 00000000 00000000 00000000 00000000 00000000
@00003949 00000000 00000000 00000000 00000000 00000000 00000000 00000000
@00003950 00000000 00000000 00000000 00000000 00000000 00000000 00000000
@00003957 00000000 00000000 00000000 00000000 00000000 00000000 00000000
@0000395E 00000000 00000000 00000000 00000000 00000000 00000000 00000000
@00003965 00000000 00000000 00000000 00000000 00000000 00000000 00000000
@0000396C 00000000 00000000 00000000 00000000 00000000 00000000 00000000
@00003973 00000000 00000000 00000000 00000000 00000000 00000000 00000000
@0000397A 00000000 00000000 00000000 00000000 00000000 00000000 00000000
@00003981 00000000 00000000 00000000 00000000 00000000 00000000 00000000
@00003988 00000000 00000000 00000000 00000000 00000000 00000000 00000000
@0000398F 00000000 00000000 00000000 00000000 00000000 00000000 00000000
@00003996 00000000 00000000 00000000 00000000 00000000 00000000 00000000
@0000399D 00000000 00000000 00000000 00000000 00000000 00000000 00000000
@000039A4 00000000 00000000 00000000 00000000 00000000 00000000 00000000
@000039AB 00000000 00000000 00000000 00000000 00000000 00000000 00000000
@000039B2 00000000 00000000 00000000 00000000 00000000 00000000 00000000
@000039B9 00000000 00000000 00000000 00000000 00000000 00000000 00000000
@000039C0 00000000 00000000 00000000 00000000 00000000 00000000 00000000
@000039C7 00000000 00000000 00000000 00000000 00000000 00000000 00000000
@000039CE 00000000 00000000 00000000 00000000 00000000 00000000 00000000
@000039D5 00000000 00000000 00000000 00000000 00000000 00000000 00000000
@000039DC 00000000 00000000 00000000 00000000 00000000 00000000 00000000
@000039E3 00000000 00000000 00000000 00000000 00000000 00000000 00000000
@000039EA 00000000 00000000 00000000 00000000 00000000 00000000 00000000
@000039F1 00000000 00000000 00000000 00000000 00000000 00000000 00000000
@000039F8 00000000 00000000 00000000 00000000 00000000 00000000 00000000
@000039FF 00000000 00000000 00000000 00000000 00000000 00000000 00000000
@00003A06 00000000 00000000 00000000 00000000 00000000 00000000 00000000
@00003A0D 00000000 00000000 00000000 00000000 00000000 00000000 00000000
@00003A14 00000000 00000000 00000000 00000000 00000000 00000000 00000000
@00003A1B 00000000 00000000 00000000 00000000 00000000 00000000 00000000
@00003A22 00000000 00000000 00000000 00000000 00000000 00000000 00000000
@00003A29 00000000 00000000 00000000 00000000 00000000 00000000 00000000
@00003A30 00000000 00000000 00000000 00000000 00000000 00000000 00000000
@00003A37 00000000 00000000 00000000 00000000 00000000 00000000 00000000
@00003A3E 00000000 00000000 00000000 00000000 00000000 00000000 00000000
@00003A45 00000000 00000000 00000000 00000000 00000000 00000000 00000000
@00003A4C 00000000 00000000 00000000 00000000 00000000 00000000 00000000
@00003A53 00000000 00000000 00000000 00000000 00000000 00000000 00000000
@00003A5A 00000000 00000000 00000000 00000000 00000000 00000000 00000000
@00003A61 00000000 00000000 00000000 00000000 00000000 00000000 00000000
@00003A68 00000000 00000000 00000000 00000000 00000000 00000000 00000000
@00003A6F 00000000 00000000 00000000 00000000 00000000 00000000 00000000
@00003A76 00000000 00000000 00000000 00000000 00000000 00000000 00000000
@00003A7D 00000000 00000000 00000000 00000000 00000000 00000000 00000000
@00003A84 00000000 00000000 00000000 00000000 00000000 00000000 00000000
@00003A8B 00000000 00000000 00000000 00000000 00000000 00000000 00000000
@00003A92 00000000 00000000 00000000 00000000 00000000 00000000 00000000
@00003A99 00000000 00000000 00000000 00000000 00000000 00000000 00000000
@00003AA0 00000000 00000000 00000000 00000000 00000000 00000000 00000000
@00003AA7 00000000 00000000 00000000 00000000 00000000 00000000 00000000
@00003AAE 00000000 00000000 00000000 00000000 00000000 00000000 00000000
@00003AB5 00000000 00000000 00000000 00000000 00000000 00000000 00000000
@00003ABC 00000000 00000000 00000000 00000000 00000000 00000000 00000000
@00003AC3 00000000 00000000 00000000 00000000 00000000 00000000 00000000
@00003ACA 00000000 00000000 00000000 00000000 00000000 00000000 00000000
@00003AD1 00000000 00000000 00000000 00000000 00000000 00000000 00000000
@00003AD8 00000000 00000000 00000000 00000000 00000000 00000000 00000000
@00003ADF 00000000 00000000 00000000 00000000 00000000 00000000 00000000
@00003AE6 00000000 00000000 00000000 00000000 00000000 00000000 00000000
@00003AED 00000000 00000000 00000000 00000000 00000000 00000000 00000000
@00003AF4 00000000 00000000 00000000 00000000 00000000 00000000 00000000
@00003AFB 00000000 00000000 00000000 00000000 00000000 00000000 00000000
@00003B02 00000000 00000000 00000000 00000000 00000000 00000000 00000000
@00003B09 00000000 00000000 00000000 00000000 00000000 00000000 00000000
@00003B10 00000000 00000000 00000000 00000000 00000000 00000000 00000000
@00003B17 00000000 00000000 00000000 00000000 00000000 00000000 00000000
@00003B1E 00000000 00000000 00000000 00000000 00000000 00000000 00000000
@00003B25 00000000 00000000 00000000 00000000 00000000 00000000 00000000
@00003B2C 00000000 00000000 00000000 00000000 00000000 00000000 00000000
@00003B33 00000000 00000000 00000000 00000000 00000000 00000000 00000000
@00003B3A 00000000 00000000 00000000 00000000 00000000 00000000 00000000
@00003B41 00000000 00000000 00000000 00000000 00000000 00000000 00000000
@00003B48 00000000 00000000 00000000 00000000 00000000 00000000 00000000
@00003B4F 00000000 00000000 00000000 00000000 00000000 00000000 00000000
@00003B56 00000000 00000000 00000000 00000000 00000000 00000000 00000000
@00003B5D 00000000 00000000 00000000 00000000 00000000 00000000 00000000
@00003B64 00000000 00000000 00000000 00000000 00000000 00000000 00000000
@00003B6B 00000000 00000000 00000000 00000000 00000000 00000000 00000000
@00003B72 00000000 00000000 00000000 00000000 00000000 00000000 00000000
@00003B79 00000000 00000000 00000000 00000000 00000000 00000000 00000000
@00003B80 00000000 00000000 00000000 00000000 00000000 00000000 00000000
@00003B87 00000000 00000000 00000000 00000000 00000000 00000000 00000000
@00003B8E 00000000 00000000 00000000 00000000 00000000 00000000 00000000
@00003B95 00000000 00000000 00000000 00000000 00000000 00000000 00000000
@00003B9C 00000000 00000000 00000000 00000000 00000000 00000000 00000000
@00003BA3 00000000 00000000 00000000 00000000 00000000 00000000 00000000
@00003BAA 00000000 00000000 00000000 00000000 00000000 00000000 00000000
@00003BB1 00000000 00000000 00000000 00000000 00000000 00000000 00000000
@00003BB8 00000000 00000000 00000000 00000000 00000000 00000000 00000000
@00003BBF 00000000 00000000 00000000 00000000 00000000 00000000 00000000
@00003BC6 00000000 00000000 00000000 00000000 00000000 00000000 00000000
@00003BCD 00000000 00000000 00000000 00000000 00000000 00000000 00000000
@00003BD4 00000000 00000000 00000000 00000000 00000000 00000000 00000000
@00003BDB 00000000 00000000 00000000 00000000 00000000 00000000 00000000
@00003BE2 00000000 00000000 00000000 00000000 00000000 00000000 00000000
@00003BE9 00000000 00000000 00000000 00000000 00000000 00000000 00000000
@00003BF0 00000000 00000000 00000000 00000000 00000000 00000000 00000000
@00003BF7 00000000 00000000 00000000 00000000 00000000 00000000 00000000
@00003BFE 00000000 00000000 00000000 00000000 00000000 00000000 00000000
@00003C05 00000000 00000000 00000000 00000000 00000000 00000000 00000000
@00003C0C 00000000 00000000 00000000 00000000 00000000 00000000 00000000
@00003C13 00000000 00000000 00000000 00000000 00000000 00000000 00000000
@00003C1A 00000000 00000000 00000000 00000000 00000000 00000000 00000000
@00003C21 00000000 00000000 00000000 00000000 00000000 00000000 00000000
@00003C28 00000000 00000000 00000000 00000000 00000000 00000000 00000000
@00003C2F 00000000 00000000 00000000 00000000 00000000 00000000 00000000
@00003C36 00000000 00000000 00000000 00000000 00000000 00000000 00000000
@00003C3D 00000000 00000000 00000000 00000000 00000000 00000000 00000000
@00003C44 00000000 00000000 00000000 00000000 00000000 00000000 00000000
@00003C4B 00000000 00000000 00000000 00000000 00000000 00000000 00000000
@00003C52 00000000 00000000 00000000 00000000 00000000 00000000 00000000
@00003C59 00000000 00000000 00000000 00000000 00000000 00000000 00000000
@00003C60 00000000 00000000 00000000 00000000 00000000 00000000 00000000
@00003C67 00000000 00000000 00000000 00000000 00000000 00000000 00000000
@00003C6E 00000000 00000000 00000000 00000000 00000000 00000000 00000000
@00003C75 00000000 00000000 00000000 00000000 00000000 00000000 00000000
@00003C7C 00000000 00000000 00000000 00000000 00000000 00000000 00000000
@00003C83 00000000 00000000 00000000 00000000 00000000 00000000 00000000
@00003C8A 00000000 00000000 00000000 00000000 00000000 00000000 00000000
@00003C91 00000000 00000000 00000000 00000000 00000000 00000000 00000000
@00003C98 00000000 00000000 00000000 00000000 00000000 00000000 00000000
@00003C9F 00000000 00000000 00000000 00000000 00000000 00000000 00000000
@00003CA6 00000000 00000000 00000000 00000000 00000000 00000000 00000000
@00003CAD 00000000 00000000 00000000 00000000 00000000 00000000 00000000
@00003CB4 00000000 00000000 00000000 00000000 00000000 00000000 00000000
@00003CBB 00000000 00000000 00000000 00000000 00000000 00000000 00000000
@00003CC2 00000000 00000000 00000000 00000000 00000000 00000000 00000000
@00003CC9 00000000 00000000 00000000 00000000 00000000 00000000 00000000
@00003CD0 00000000 00000000 00000000 00000000 00000000 00000000 00000000
@00003CD7 00000000 00000000 00000000 00000000 00000000 00000000 00000000
@00003CDE 00000000 00000000 00000000 00000000 00000000 00000000 00000000
@00003CE5 00000000 00000000 00000000 00000000 00000000 00000000 00000000
@00003CEC 00000000 00000000 00000000 00000000 00000000 00000000 00000000
@00003CF3 00000000 00000000 00000000 00000000 00000000 00000000 00000000
@00003CFA 00000000 00000000 00000000 00000000 00000000 00000000 00000000
@00003D01 00000000 00000000 00000000 00000000 00000000 00000000 00000000
@00003D08 00000000 00000000 00000000 00000000 00000000 00000000 00000000
@00003D0F 00000000 00000000 00000000 00000000 00000000 00000000 00000000
@00003D16 00000000 00000000 00000000 00000000 00000000 00000000 00000000
@00003D1D 00000000 00000000 00000000 00000000 00000000 00000000 00000000
@00003D24 00000000 00000000 00000000 00000000 00000000 00000000 00000000
@00003D2B 00000000 00000000 00000000 00000000 00000000 00000000 00000000
@00003D32 00000000 00000000 00000000 00000000 00000000 00000000 00000000
@00003D39 00000000 00000000 00000000 00000000 00000000 00000000 00000000
@00003D40 00000000 00000000 00000000 00000000 00000000 00000000 00000000
@00003D47 00000000 00000000 00000000 00000000 00000000 00000000 00000000
@00003D4E 00000000 00000000 00000000 00000000 00000000 00000000 00000000
@00003D55 00000000 00000000 00000000 00000000 00000000 00000000 00000000
@00003D5C 00000000 00000000 00000000 00000000 00000000 00000000 00000000
@00003D63 00000000 00000000 00000000 00000000 00000000 00000000 00000000
@00003D6A 00000000 00000000 00000000 00000000 00000000 00000000 00000000
@00003D71 00000000 00000000 00000000 00000000 00000000 00000000 00000000
@00003D78 00000000 00000000 00000000 00000000 00000000 00000000 00000000
@00003D7F 00000000 00000000 00000000 00000000 00000000 00000000 00000000
@00003D86 00000000 00000000 00000000 00000000 00000000 00000000 00000000
@00003D8D 00000000 00000000 00000000 00000000 00000000 00000000 00000000
@00003D94 00000000 00000000 00000000 00000000 00000000 00000000 00000000
@00003D9B 00000000 00000000 00000000 00000000 00000000 00000000 00000000
@00003DA2 00000000 00000000 00000000 00000000 00000000 00000000 00000000
@00003DA9 00000000 00000000 00000000 00000000 00000000 00000000 00000000
@00003DB0 00000000 00000000 00000000 00000000 00000000 00000000 00000000
@00003DB7 00000000 00000000 00000000 00000000 00000000 00000000 00000000
@00003DBE 00000000 00000000 00000000 00000000 00000000 00000000 00000000
@00003DC5 00000000 00000000 00000000 00000000 00000000 00000000 00000000
@00003DCC 00000000 00000000 00000000 00000000 00000000 00000000 00000000
@00003DD3 00000000 00000000 00000000 00000000 00000000 00000000 00000000
@00003DDA 00000000 00000000 00000000 00000000 00000000 00000000 00000000
@00003DE1 00000000 00000000 00000000 00000000 00000000 00000000 00000000
@00003DE8 00000000 00000000 00000000 00000000 00000000 00000000 00000000
@00003DEF 00000000 00000000 00000000 00000000 00000000 00000000 00000000
@00003DF6 00000000 00000000 00000000 00000000 00000000 00000000 00000000
@00003DFD 00000000 00000000 00000000 00000000 00000000 00000000 00000000
@00003E04 00000000 00000000 00000000 00000000 00000000 00000000 00000000
@00003E0B 00000000 00000000 00000000 00000000 00000000 00000000 00000000
@00003E12 00000000 00000000 00000000 00000000 00000000 00000000 00000000
@00003E19 00000000 00000000 00000000 00000000 00000000 00000000 00000000
@00003E20 00000000 00000000 00000000 00000000 00000000 00000000 00000000
@00003E27 00000000 00000000 00000000 00000000 00000000 00000000 00000000
@00003E2E 00000000 00000000 00000000 00000000 00000000 00000000 00000000
@00003E35 00000000 00000000 00000000 00000000 00000000 00000000 00000000
@00003E3C 00000000 00000000 00000000 00000000 00000000 00000000 00000000
@00003E43 00000000 00000000 00000000 00000000 00000000 00000000 00000000
@00003E4A 00000000 00000000 00000000 00000000 00000000 00000000 00000000
@00003E51 00000000 00000000 00000000 00000000 00000000 00000000 00000000
@00003E58 00000000 00000000 00000000 00000000 00000000 00000000 00000000
@00003E5F 00000000 00000000 00000000 00000000 00000000 00000000 00000000
@00003E66 00000000 00000000 00000000 00000000 00000000 00000000 00000000
@00003E6D 00000000 00000000 00000000 00000000 00000000 00000000 00000000
@00003E74 00000000 00000000 00000000 00000000 00000000 00000000 00000000
@00003E7B 00000000 00000000 00000000 00000000 00000000 00000000 00000000
@00003E82 00000000 00000000 00000000 00000000 00000000 00000000 00000000
@00003E89 00000000 00000000 00000000 00000000 00000000 00000000 00000000
@00003E90 00000000 00000000 00000000 00000000 00000000 00000000 00000000
@00003E97 00000000 00000000 00000000 00000000 00000000 00000000 00000000
@00003E9E 00000000 00000000 00000000 00000000 00000000 00000000 00000000
@00003EA5 00000000 00000000 00000000 00000000 00000000 00000000 00000000
@00003EAC 00000000 00000000 00000000 00000000 00000000 00000000 00000000
@00003EB3 00000000 00000000 00000000 00000000 00000000 00000000 00000000
@00003EBA 00000000 00000000 00000000 00000000 00000000 00000000 00000000
@00003EC1 00000000 00000000 00000000 00000000 00000000 00000000 00000000
@00003EC8 00000000 00000000 00000000 00000000 00000000 00000000 00000000
@00003ECF 00000000 00000000 00000000 00000000 00000000 00000000 00000000
@00003ED6 00000000 00000000 00000000 00000000 00000000 00000000 00000000
@00003EDD 00000000 00000000 00000000 00000000 00000000 00000000 00000000
@00003EE4 00000000 00000000 00000000 00000000 00000000 00000000 00000000
@00003EEB 00000000 00000000 00000000 00000000 00000000 00000000 00000000
@00003EF2 00000000 00000000 00000000 00000000 00000000 00000000 00000000
@00003EF9 00000000 00000000 00000000 00000000 00000000 00000000 00000000
@00003F00 00000000 00000000 00000000 00000000 00000000 00000000 00000000
@00003F07 00000000 00000000 00000000 00000000 00000000 00000000 00000000
@00003F0E 00000000 00000000 00000000 00000000 00000000 00000000 00000000
@00003F15 00000000 00000000 00000000 00000000 00000000 00000000 00000000
@00003F1C 00000000 00000000 00000000 00000000 00000000 00000000 00000000
@00003F23 00000000 00000000 00000000 00000000 00000000 00000000 00000000
@00003F2A 00000000 00000000 00000000 00000000 00000000 00000000 00000000
@00003F31 00000000 00000000 00000000 00000000 00000000 00000000 00000000
@00003F38 00000000 00000000 00000000 00000000 00000000 00000000 00000000
@00003F3F 00000000 00000000 00000000 00000000 00000000 00000000 00000000
@00003F46 00000000 00000000 00000000 00000000 00000000 00000000 00000000
@00003F4D 00000000 00000000 00000000 00000000 00000000 00000000 00000000
@00003F54 00000000 00000000 00000000 00000000 00000000 00000000 00000000
@00003F5B 00000000 00000000 00000000 00000000 00000000 00000000 00000000
@00003F62 00000000 00000000 00000000 00000000 00000000 00000000 00000000
@00003F69 00000000 00000000 00000000 00000000 00000000 00000000 00000000
@00003F70 00000000 00000000 00000000 00000000 00000000 00000000 00000000
@00003F77 00000000 00000000 00000000 00000000 00000000 00000000 00000000
@00003F7E 00000000 00000000 00000000 00000000 00000000 00000000 00000000
@00003F85 00000000 00000000 00000000 00000000 00000000 00000000 00000000
@00003F8C 00000000 00000000 00000000 00000000 00000000 00000000 00000000
@00003F93 00000000 00000000 00000000 00000000 00000000 00000000 00000000
@00003F9A 00000000 00000000 00000000 00000000 00000000 00000000 00000000
@00003FA1 00000000 00000000 00000000 00000000 00000000 00000000 00000000
@00003FA8 00000000 00000000 00000000 00000000 00000000 00000000 00000000
@00003FAF 00000000 00000000 00000000 00000000 00000000 00000000 00000000
@00003FB6 00000000 00000000 00000000 00000000 00000000 00000000 00000000
@00003FBD 00000000 00000000 00000000 00000000 00000000 00000000 00000000
@00003FC4 00000000 00000000 00000000 00000000 00000000 00000000 00000000
@00003FCB 00000000 00000000 00000000 00000000 00000000 00000000 00000000
@00003FD2 00000000 00000000 00000000 00000000 00000000 00000000 00000000
@00003FD9 00000000 00000000 00000000 00000000 00000000 00000000 00000000
@00003FE0 00000000 00000000 00000000 00000000 00000000 00000000 00000000
@00003FE7 00000000 00000000 00000000 00000000 00000000 00000000 00000000
@00003FEE 00000000 00000000 00000000 00000000 00000000 00000000 00000000
@00003FF5 00000000 00000000 00000000 00000000 00000000 00000000 00000000
@00003FFC 00000000 00000000 00000000 00000000 00000000 00000000 00000000
@00004003 00000000 00000000 00000000 00000000 00000000 00000000 00000000
@0000400A 00000000 00000000 00000000 00000000 00000000 00000000 00000000
@00004011 00000000 00000000 00000000 00000000 00000000 00000000 00000000
@00004018 00000000 00000000 00000000 00000000
