GowinSynthesis start
Running parser ...
Analyzing Verilog file 'C:\Workspace\FPGA\coralnpu-nano20k\bazel\bazel-out\k8-fastbuild\bin\hdl\chisel\src\soc\CoralNPUChiselSubsystem.sv'
Analyzing Verilog file 'C:\Workspace\FPGA\coralnpu-nano20k\bazel\external\RVVI\source\host\rvvi\rvviApiPkg.sv'
Analyzing Verilog file 'C:\Workspace\FPGA\coralnpu-nano20k\bazel\external\RVVI\source\host\rvvi\rvviTrace.sv'
Analyzing Verilog file 'C:\Workspace\FPGA\coralnpu-nano20k\bazel\external\lowrisc_opentitan_gh\hw\ip\aes\rtl\aes_reg_pkg.sv'
Analyzing Verilog file 'C:\Workspace\FPGA\coralnpu-nano20k\bazel\external\lowrisc_opentitan_gh\hw\ip\prim\rtl\prim_util_pkg.sv'
Analyzing Verilog file 'C:\Workspace\FPGA\coralnpu-nano20k\bazel\external\lowrisc_opentitan_gh\hw\ip\aes\rtl\aes_pkg.sv'
Analyzing Verilog file 'C:\Workspace\FPGA\coralnpu-nano20k\bazel\external\lowrisc_opentitan_gh\hw\ip\prim\rtl\prim_mubi_pkg.sv'
Analyzing included file 'C:\Workspace\FPGA\coralnpu-nano20k\bazel\external\lowrisc_opentitan_gh\hw\ip\prim\rtl\prim_assert.sv'("C:\Workspace\FPGA\coralnpu-nano20k\bazel\external\lowrisc_opentitan_gh\hw\ip\prim\rtl\prim_mubi_pkg.sv":14)
Analyzing included file 'C:\Workspace\FPGA\coralnpu-nano20k\bazel\external\lowrisc_opentitan_gh\hw\ip\prim\rtl\prim_assert_dummy_macros.svh'("C:\Workspace\FPGA\coralnpu-nano20k\bazel\external\lowrisc_opentitan_gh\hw\ip\prim\rtl\prim_assert.sv":106)
Back to file 'C:\Workspace\FPGA\coralnpu-nano20k\bazel\external\lowrisc_opentitan_gh\hw\ip\prim\rtl\prim_assert.sv'("C:\Workspace\FPGA\coralnpu-nano20k\bazel\external\lowrisc_opentitan_gh\hw\ip\prim\rtl\prim_assert.sv":106)
Analyzing included file 'C:\Workspace\FPGA\coralnpu-nano20k\bazel\external\lowrisc_opentitan_gh\hw\ip\prim\rtl\prim_assert_sec_cm.svh'("C:\Workspace\FPGA\coralnpu-nano20k\bazel\external\lowrisc_opentitan_gh\hw\ip\prim\rtl\prim_assert.sv":188)
Back to file 'C:\Workspace\FPGA\coralnpu-nano20k\bazel\external\lowrisc_opentitan_gh\hw\ip\prim\rtl\prim_assert.sv'("C:\Workspace\FPGA\coralnpu-nano20k\bazel\external\lowrisc_opentitan_gh\hw\ip\prim\rtl\prim_assert.sv":188)
Analyzing included file 'C:\Workspace\FPGA\coralnpu-nano20k\bazel\external\lowrisc_opentitan_gh\hw\ip\prim\rtl\prim_flop_macros.sv'("C:\Workspace\FPGA\coralnpu-nano20k\bazel\external\lowrisc_opentitan_gh\hw\ip\prim\rtl\prim_assert.sv":189)
Back to file 'C:\Workspace\FPGA\coralnpu-nano20k\bazel\external\lowrisc_opentitan_gh\hw\ip\prim\rtl\prim_assert.sv'("C:\Workspace\FPGA\coralnpu-nano20k\bazel\external\lowrisc_opentitan_gh\hw\ip\prim\rtl\prim_assert.sv":189)
Back to file 'C:\Workspace\FPGA\coralnpu-nano20k\bazel\external\lowrisc_opentitan_gh\hw\ip\prim\rtl\prim_mubi_pkg.sv'("C:\Workspace\FPGA\coralnpu-nano20k\bazel\external\lowrisc_opentitan_gh\hw\ip\prim\rtl\prim_mubi_pkg.sv":14)
Analyzing Verilog file 'C:\Workspace\FPGA\coralnpu-nano20k\bazel\external\lowrisc_opentitan_gh\hw\ip\lc_ctrl\rtl\lc_ctrl_state_pkg.sv'
Analyzing Verilog file 'C:\Workspace\FPGA\coralnpu-nano20k\bazel\external\lowrisc_opentitan_gh\hw\ip\lc_ctrl\rtl\lc_ctrl_reg_pkg.sv'
Analyzing Verilog file 'C:\Workspace\FPGA\coralnpu-nano20k\bazel\external\lowrisc_opentitan_gh\hw\ip\lc_ctrl\rtl\lc_ctrl_pkg.sv'
Analyzing included file 'C:\Workspace\FPGA\coralnpu-nano20k\bazel\external\lowrisc_opentitan_gh\hw\ip\prim\rtl\prim_assert.sv'("C:\Workspace\FPGA\coralnpu-nano20k\bazel\external\lowrisc_opentitan_gh\hw\ip\lc_ctrl\rtl\lc_ctrl_pkg.sv":7)
Back to file 'C:\Workspace\FPGA\coralnpu-nano20k\bazel\external\lowrisc_opentitan_gh\hw\ip\lc_ctrl\rtl\lc_ctrl_pkg.sv'("C:\Workspace\FPGA\coralnpu-nano20k\bazel\external\lowrisc_opentitan_gh\hw\ip\lc_ctrl\rtl\lc_ctrl_pkg.sv":7)
Analyzing Verilog file 'C:\Workspace\FPGA\coralnpu-nano20k\bazel\external\lowrisc_opentitan_gh\hw\ip\entropy_src\rtl\entropy_src_pkg.sv'
Analyzing Verilog file 'C:\Workspace\FPGA\coralnpu-nano20k\bazel\external\lowrisc_opentitan_gh\hw\ip\csrng\rtl\csrng_pkg.sv'
Analyzing Verilog file 'C:\Workspace\FPGA\coralnpu-nano20k\bazel\external\lowrisc_opentitan_gh\hw\ip\edn\rtl\edn_pkg.sv'
Analyzing Verilog file 'C:\Workspace\FPGA\coralnpu-nano20k\bazel\external\lowrisc_opentitan_gh\hw\ip\keymgr\rtl\keymgr_reg_pkg.sv'
Analyzing Verilog file 'C:\Workspace\FPGA\coralnpu-nano20k\bazel\external\lowrisc_opentitan_gh\hw\ip\keymgr\rtl\keymgr_pkg.sv'
Analyzing Verilog file 'C:\Workspace\FPGA\coralnpu-nano20k\fpga\rtl\top_pkg.sv'
Analyzing Verilog file 'C:\Workspace\FPGA\coralnpu-nano20k\bazel\external\lowrisc_opentitan_gh\hw\ip\prim\rtl\prim_secded_pkg.sv'
Analyzing Verilog file 'C:\Workspace\FPGA\coralnpu-nano20k\bazel\external\lowrisc_opentitan_gh\hw\ip\tlul\rtl\tlul_pkg.sv'
Analyzing Verilog file 'C:\Workspace\FPGA\coralnpu-nano20k\bazel\external\lowrisc_opentitan_gh\hw\ip\prim\rtl\prim_alert_pkg.sv'
Analyzing Verilog file 'C:\Workspace\FPGA\coralnpu-nano20k\bazel\external\lowrisc_opentitan_gh\hw\ip\aes\rtl\aes.sv'
Analyzing included file 'C:\Workspace\FPGA\coralnpu-nano20k\bazel\external\lowrisc_opentitan_gh\hw\ip\prim\rtl\prim_assert.sv'("C:\Workspace\FPGA\coralnpu-nano20k\bazel\external\lowrisc_opentitan_gh\hw\ip\aes\rtl\aes.sv":8)
Back to file 'C:\Workspace\FPGA\coralnpu-nano20k\bazel\external\lowrisc_opentitan_gh\hw\ip\aes\rtl\aes.sv'("C:\Workspace\FPGA\coralnpu-nano20k\bazel\external\lowrisc_opentitan_gh\hw\ip\aes\rtl\aes.sv":8)
Analyzing Verilog file 'C:\Workspace\FPGA\coralnpu-nano20k\bazel\external\lowrisc_opentitan_gh\hw\ip\aes\rtl\aes_cipher_control.sv'
Analyzing included file 'C:\Workspace\FPGA\coralnpu-nano20k\bazel\external\lowrisc_opentitan_gh\hw\ip\prim\rtl\prim_assert.sv'("C:\Workspace\FPGA\coralnpu-nano20k\bazel\external\lowrisc_opentitan_gh\hw\ip\aes\rtl\aes_cipher_control.sv":10)
Back to file 'C:\Workspace\FPGA\coralnpu-nano20k\bazel\external\lowrisc_opentitan_gh\hw\ip\aes\rtl\aes_cipher_control.sv'("C:\Workspace\FPGA\coralnpu-nano20k\bazel\external\lowrisc_opentitan_gh\hw\ip\aes\rtl\aes_cipher_control.sv":10)
Analyzing Verilog file 'C:\Workspace\FPGA\coralnpu-nano20k\bazel\external\lowrisc_opentitan_gh\hw\ip\aes\rtl\aes_cipher_control_fsm.sv'
Analyzing included file 'C:\Workspace\FPGA\coralnpu-nano20k\bazel\external\lowrisc_opentitan_gh\hw\ip\prim\rtl\prim_assert.sv'("C:\Workspace\FPGA\coralnpu-nano20k\bazel\external\lowrisc_opentitan_gh\hw\ip\aes\rtl\aes_cipher_control_fsm.sv":10)
Back to file 'C:\Workspace\FPGA\coralnpu-nano20k\bazel\external\lowrisc_opentitan_gh\hw\ip\aes\rtl\aes_cipher_control_fsm.sv'("C:\Workspace\FPGA\coralnpu-nano20k\bazel\external\lowrisc_opentitan_gh\hw\ip\aes\rtl\aes_cipher_control_fsm.sv":10)
Analyzing Verilog file 'C:\Workspace\FPGA\coralnpu-nano20k\bazel\external\lowrisc_opentitan_gh\hw\ip\aes\rtl\aes_cipher_control_fsm_n.sv'
Analyzing Verilog file 'C:\Workspace\FPGA\coralnpu-nano20k\bazel\external\lowrisc_opentitan_gh\hw\ip\aes\rtl\aes_cipher_control_fsm_p.sv'
Analyzing Verilog file 'C:\Workspace\FPGA\coralnpu-nano20k\bazel\external\lowrisc_opentitan_gh\hw\ip\aes\rtl\aes_cipher_core.sv'
Analyzing included file 'C:\Workspace\FPGA\coralnpu-nano20k\bazel\external\lowrisc_opentitan_gh\hw\ip\prim\rtl\prim_assert.sv'("C:\Workspace\FPGA\coralnpu-nano20k\bazel\external\lowrisc_opentitan_gh\hw\ip\aes\rtl\aes_cipher_core.sv":95)
Back to file 'C:\Workspace\FPGA\coralnpu-nano20k\bazel\external\lowrisc_opentitan_gh\hw\ip\aes\rtl\aes_cipher_core.sv'("C:\Workspace\FPGA\coralnpu-nano20k\bazel\external\lowrisc_opentitan_gh\hw\ip\aes\rtl\aes_cipher_core.sv":95)
Analyzing Verilog file 'C:\Workspace\FPGA\coralnpu-nano20k\bazel\external\lowrisc_opentitan_gh\hw\ip\aes\rtl\aes_control.sv'
Analyzing included file 'C:\Workspace\FPGA\coralnpu-nano20k\bazel\external\lowrisc_opentitan_gh\hw\ip\prim\rtl\prim_assert.sv'("C:\Workspace\FPGA\coralnpu-nano20k\bazel\external\lowrisc_opentitan_gh\hw\ip\aes\rtl\aes_control.sv":11)
Back to file 'C:\Workspace\FPGA\coralnpu-nano20k\bazel\external\lowrisc_opentitan_gh\hw\ip\aes\rtl\aes_control.sv'("C:\Workspace\FPGA\coralnpu-nano20k\bazel\external\lowrisc_opentitan_gh\hw\ip\aes\rtl\aes_control.sv":11)
Analyzing Verilog file 'C:\Workspace\FPGA\coralnpu-nano20k\bazel\external\lowrisc_opentitan_gh\hw\ip\aes\rtl\aes_control_fsm.sv'
Analyzing included file 'C:\Workspace\FPGA\coralnpu-nano20k\bazel\external\lowrisc_opentitan_gh\hw\ip\prim\rtl\prim_assert.sv'("C:\Workspace\FPGA\coralnpu-nano20k\bazel\external\lowrisc_opentitan_gh\hw\ip\aes\rtl\aes_control_fsm.sv":12)
Back to file 'C:\Workspace\FPGA\coralnpu-nano20k\bazel\external\lowrisc_opentitan_gh\hw\ip\aes\rtl\aes_control_fsm.sv'("C:\Workspace\FPGA\coralnpu-nano20k\bazel\external\lowrisc_opentitan_gh\hw\ip\aes\rtl\aes_control_fsm.sv":12)
Analyzing Verilog file 'C:\Workspace\FPGA\coralnpu-nano20k\bazel\external\lowrisc_opentitan_gh\hw\ip\aes\rtl\aes_control_fsm_n.sv'
Analyzing included file 'C:\Workspace\FPGA\coralnpu-nano20k\bazel\external\lowrisc_opentitan_gh\hw\ip\prim\rtl\prim_assert.sv'("C:\Workspace\FPGA\coralnpu-nano20k\bazel\external\lowrisc_opentitan_gh\hw\ip\aes\rtl\aes_control_fsm_n.sv":17)
Back to file 'C:\Workspace\FPGA\coralnpu-nano20k\bazel\external\lowrisc_opentitan_gh\hw\ip\aes\rtl\aes_control_fsm_n.sv'("C:\Workspace\FPGA\coralnpu-nano20k\bazel\external\lowrisc_opentitan_gh\hw\ip\aes\rtl\aes_control_fsm_n.sv":17)
Analyzing Verilog file 'C:\Workspace\FPGA\coralnpu-nano20k\bazel\external\lowrisc_opentitan_gh\hw\ip\aes\rtl\aes_control_fsm_p.sv'
Analyzing included file 'C:\Workspace\FPGA\coralnpu-nano20k\bazel\external\lowrisc_opentitan_gh\hw\ip\prim\rtl\prim_assert.sv'("C:\Workspace\FPGA\coralnpu-nano20k\bazel\external\lowrisc_opentitan_gh\hw\ip\aes\rtl\aes_control_fsm_p.sv":13)
Back to file 'C:\Workspace\FPGA\coralnpu-nano20k\bazel\external\lowrisc_opentitan_gh\hw\ip\aes\rtl\aes_control_fsm_p.sv'("C:\Workspace\FPGA\coralnpu-nano20k\bazel\external\lowrisc_opentitan_gh\hw\ip\aes\rtl\aes_control_fsm_p.sv":13)
Analyzing Verilog file 'C:\Workspace\FPGA\coralnpu-nano20k\bazel\external\lowrisc_opentitan_gh\hw\ip\aes\rtl\aes_core.sv'
Analyzing included file 'C:\Workspace\FPGA\coralnpu-nano20k\bazel\external\lowrisc_opentitan_gh\hw\ip\prim\rtl\prim_assert.sv'("C:\Workspace\FPGA\coralnpu-nano20k\bazel\external\lowrisc_opentitan_gh\hw\ip\aes\rtl\aes_core.sv":8)
Back to file 'C:\Workspace\FPGA\coralnpu-nano20k\bazel\external\lowrisc_opentitan_gh\hw\ip\aes\rtl\aes_core.sv'("C:\Workspace\FPGA\coralnpu-nano20k\bazel\external\lowrisc_opentitan_gh\hw\ip\aes\rtl\aes_core.sv":8)
Analyzing Verilog file 'C:\Workspace\FPGA\coralnpu-nano20k\bazel\external\lowrisc_opentitan_gh\hw\ip\aes\rtl\aes_ctr.sv'
Analyzing Verilog file 'C:\Workspace\FPGA\coralnpu-nano20k\bazel\external\lowrisc_opentitan_gh\hw\ip\aes\rtl\aes_ctr_fsm.sv'
Analyzing included file 'C:\Workspace\FPGA\coralnpu-nano20k\bazel\external\lowrisc_opentitan_gh\hw\ip\prim\rtl\prim_assert.sv'("C:\Workspace\FPGA\coralnpu-nano20k\bazel\external\lowrisc_opentitan_gh\hw\ip\aes\rtl\aes_ctr_fsm.sv":8)
Back to file 'C:\Workspace\FPGA\coralnpu-nano20k\bazel\external\lowrisc_opentitan_gh\hw\ip\aes\rtl\aes_ctr_fsm.sv'("C:\Workspace\FPGA\coralnpu-nano20k\bazel\external\lowrisc_opentitan_gh\hw\ip\aes\rtl\aes_ctr_fsm.sv":8)
Analyzing Verilog file 'C:\Workspace\FPGA\coralnpu-nano20k\bazel\external\lowrisc_opentitan_gh\hw\ip\aes\rtl\aes_ctr_fsm_n.sv'
Analyzing Verilog file 'C:\Workspace\FPGA\coralnpu-nano20k\bazel\external\lowrisc_opentitan_gh\hw\ip\aes\rtl\aes_ctr_fsm_p.sv'
Analyzing Verilog file 'C:\Workspace\FPGA\coralnpu-nano20k\bazel\external\lowrisc_opentitan_gh\hw\ip\prim\rtl\prim_subreg_pkg.sv'
Analyzing Verilog file 'C:\Workspace\FPGA\coralnpu-nano20k\bazel\external\lowrisc_opentitan_gh\hw\ip\aes\rtl\aes_ctrl_reg_shadowed.sv'
Analyzing included file 'C:\Workspace\FPGA\coralnpu-nano20k\bazel\external\lowrisc_opentitan_gh\hw\ip\prim\rtl\prim_assert.sv'("C:\Workspace\FPGA\coralnpu-nano20k\bazel\external\lowrisc_opentitan_gh\hw\ip\aes\rtl\aes_ctrl_reg_shadowed.sv":15)
Back to file 'C:\Workspace\FPGA\coralnpu-nano20k\bazel\external\lowrisc_opentitan_gh\hw\ip\aes\rtl\aes_ctrl_reg_shadowed.sv'("C:\Workspace\FPGA\coralnpu-nano20k\bazel\external\lowrisc_opentitan_gh\hw\ip\aes\rtl\aes_ctrl_reg_shadowed.sv":15)
Analyzing Verilog file 'C:\Workspace\FPGA\coralnpu-nano20k\bazel\external\lowrisc_opentitan_gh\hw\ip\aes\rtl\aes_key_expand.sv'
Analyzing included file 'C:\Workspace\FPGA\coralnpu-nano20k\bazel\external\lowrisc_opentitan_gh\hw\ip\prim\rtl\prim_assert.sv'("C:\Workspace\FPGA\coralnpu-nano20k\bazel\external\lowrisc_opentitan_gh\hw\ip\aes\rtl\aes_key_expand.sv":8)
Back to file 'C:\Workspace\FPGA\coralnpu-nano20k\bazel\external\lowrisc_opentitan_gh\hw\ip\aes\rtl\aes_key_expand.sv'("C:\Workspace\FPGA\coralnpu-nano20k\bazel\external\lowrisc_opentitan_gh\hw\ip\aes\rtl\aes_key_expand.sv":8)
Analyzing Verilog file 'C:\Workspace\FPGA\coralnpu-nano20k\bazel\external\lowrisc_opentitan_gh\hw\ip\aes\rtl\aes_mix_columns.sv'
Analyzing Verilog file 'C:\Workspace\FPGA\coralnpu-nano20k\bazel\external\lowrisc_opentitan_gh\hw\ip\aes\rtl\aes_mix_single_column.sv'
Analyzing Verilog file 'C:\Workspace\FPGA\coralnpu-nano20k\bazel\external\lowrisc_opentitan_gh\hw\ip\aes\rtl\aes_prng_clearing.sv'
Analyzing included file 'C:\Workspace\FPGA\coralnpu-nano20k\bazel\external\lowrisc_opentitan_gh\hw\ip\prim\rtl\prim_assert.sv'("C:\Workspace\FPGA\coralnpu-nano20k\bazel\external\lowrisc_opentitan_gh\hw\ip\aes\rtl\aes_prng_clearing.sv":12)
Back to file 'C:\Workspace\FPGA\coralnpu-nano20k\bazel\external\lowrisc_opentitan_gh\hw\ip\aes\rtl\aes_prng_clearing.sv'("C:\Workspace\FPGA\coralnpu-nano20k\bazel\external\lowrisc_opentitan_gh\hw\ip\aes\rtl\aes_prng_clearing.sv":12)
Analyzing Verilog file 'C:\Workspace\FPGA\coralnpu-nano20k\bazel\external\lowrisc_opentitan_gh\hw\ip\prim\rtl\prim_trivium_pkg.sv'
Analyzing Verilog file 'C:\Workspace\FPGA\coralnpu-nano20k\bazel\external\lowrisc_opentitan_gh\hw\ip\aes\rtl\aes_prng_masking.sv'
Analyzing included file 'C:\Workspace\FPGA\coralnpu-nano20k\bazel\external\lowrisc_opentitan_gh\hw\ip\prim\rtl\prim_assert.sv'("C:\Workspace\FPGA\coralnpu-nano20k\bazel\external\lowrisc_opentitan_gh\hw\ip\aes\rtl\aes_prng_masking.sv":12)
Back to file 'C:\Workspace\FPGA\coralnpu-nano20k\bazel\external\lowrisc_opentitan_gh\hw\ip\aes\rtl\aes_prng_masking.sv'("C:\Workspace\FPGA\coralnpu-nano20k\bazel\external\lowrisc_opentitan_gh\hw\ip\aes\rtl\aes_prng_masking.sv":12)
Analyzing Verilog file 'C:\Workspace\FPGA\coralnpu-nano20k\bazel\external\lowrisc_opentitan_gh\hw\ip\aes\rtl\aes_reduced_round.sv'
Analyzing Verilog file 'C:\Workspace\FPGA\coralnpu-nano20k\bazel\external\lowrisc_opentitan_gh\hw\ip\aes\rtl\aes_reg_status.sv'
Analyzing Verilog file 'C:\Workspace\FPGA\coralnpu-nano20k\bazel\external\lowrisc_opentitan_gh\hw\ip\aes\rtl\aes_reg_top.sv'
Analyzing included file 'C:\Workspace\FPGA\coralnpu-nano20k\bazel\external\lowrisc_opentitan_gh\hw\ip\prim\rtl\prim_assert.sv'("C:\Workspace\FPGA\coralnpu-nano20k\bazel\external\lowrisc_opentitan_gh\hw\ip\aes\rtl\aes_reg_top.sv":8)
Back to file 'C:\Workspace\FPGA\coralnpu-nano20k\bazel\external\lowrisc_opentitan_gh\hw\ip\aes\rtl\aes_reg_top.sv'("C:\Workspace\FPGA\coralnpu-nano20k\bazel\external\lowrisc_opentitan_gh\hw\ip\aes\rtl\aes_reg_top.sv":8)
Analyzing Verilog file 'C:\Workspace\FPGA\coralnpu-nano20k\bazel\external\lowrisc_opentitan_gh\hw\ip\aes\rtl\aes_sbox.sv'
Analyzing included file 'C:\Workspace\FPGA\coralnpu-nano20k\bazel\external\lowrisc_opentitan_gh\hw\ip\prim\rtl\prim_assert.sv'("C:\Workspace\FPGA\coralnpu-nano20k\bazel\external\lowrisc_opentitan_gh\hw\ip\aes\rtl\aes_sbox.sv":8)
Back to file 'C:\Workspace\FPGA\coralnpu-nano20k\bazel\external\lowrisc_opentitan_gh\hw\ip\aes\rtl\aes_sbox.sv'("C:\Workspace\FPGA\coralnpu-nano20k\bazel\external\lowrisc_opentitan_gh\hw\ip\aes\rtl\aes_sbox.sv":8)
Analyzing Verilog file 'C:\Workspace\FPGA\coralnpu-nano20k\bazel\external\lowrisc_opentitan_gh\hw\ip\aes\rtl\aes_sbox_canright_pkg.sv'
Analyzing Verilog file 'C:\Workspace\FPGA\coralnpu-nano20k\bazel\external\lowrisc_opentitan_gh\hw\ip\aes\rtl\aes_sbox_canright.sv'
Analyzing Verilog file 'C:\Workspace\FPGA\coralnpu-nano20k\bazel\external\lowrisc_opentitan_gh\hw\ip\aes\rtl\aes_sbox_canright_masked.sv'
Analyzing Verilog file 'C:\Workspace\FPGA\coralnpu-nano20k\bazel\external\lowrisc_opentitan_gh\hw\ip\aes\rtl\aes_sbox_canright_masked_noreuse.sv'
Analyzing Verilog file 'C:\Workspace\FPGA\coralnpu-nano20k\bazel\external\lowrisc_opentitan_gh\hw\ip\aes\rtl\aes_sbox_dom.sv'
Analyzing included file 'C:\Workspace\FPGA\coralnpu-nano20k\bazel\external\lowrisc_opentitan_gh\hw\ip\prim\rtl\prim_assert.sv'("C:\Workspace\FPGA\coralnpu-nano20k\bazel\external\lowrisc_opentitan_gh\hw\ip\aes\rtl\aes_sbox_dom.sv":42)
Back to file 'C:\Workspace\FPGA\coralnpu-nano20k\bazel\external\lowrisc_opentitan_gh\hw\ip\aes\rtl\aes_sbox_dom.sv'("C:\Workspace\FPGA\coralnpu-nano20k\bazel\external\lowrisc_opentitan_gh\hw\ip\aes\rtl\aes_sbox_dom.sv":42)
Analyzing Verilog file 'C:\Workspace\FPGA\coralnpu-nano20k\bazel\external\lowrisc_opentitan_gh\hw\ip\aes\rtl\aes_sbox_lut.sv'
Analyzing Verilog file 'C:\Workspace\FPGA\coralnpu-nano20k\bazel\external\lowrisc_opentitan_gh\hw\ip\aes\rtl\aes_sel_buf_chk.sv'
Analyzing included file 'C:\Workspace\FPGA\coralnpu-nano20k\bazel\external\lowrisc_opentitan_gh\hw\ip\prim\rtl\prim_assert.sv'("C:\Workspace\FPGA\coralnpu-nano20k\bazel\external\lowrisc_opentitan_gh\hw\ip\aes\rtl\aes_sel_buf_chk.sv":13)
Back to file 'C:\Workspace\FPGA\coralnpu-nano20k\bazel\external\lowrisc_opentitan_gh\hw\ip\aes\rtl\aes_sel_buf_chk.sv'("C:\Workspace\FPGA\coralnpu-nano20k\bazel\external\lowrisc_opentitan_gh\hw\ip\aes\rtl\aes_sel_buf_chk.sv":13)
Analyzing Verilog file 'C:\Workspace\FPGA\coralnpu-nano20k\bazel\external\lowrisc_opentitan_gh\hw\ip\aes\rtl\aes_shift_rows.sv'
Analyzing Verilog file 'C:\Workspace\FPGA\coralnpu-nano20k\bazel\external\lowrisc_opentitan_gh\hw\ip\aes\rtl\aes_sub_bytes.sv'
Analyzing Verilog file 'C:\Workspace\FPGA\coralnpu-nano20k\bazel\external\lowrisc_opentitan_gh\hw\ip\aes\rtl\aes_wrap.sv'
Analyzing Verilog file 'C:\Workspace\FPGA\coralnpu-nano20k\bazel\external\lowrisc_opentitan_gh\hw\ip\csrng\rtl\csrng_reg_pkg.sv'
Analyzing Verilog file 'C:\Workspace\FPGA\coralnpu-nano20k\bazel\external\lowrisc_opentitan_gh\hw\ip\csrng\rtl\csrng.sv'
Analyzing included file 'C:\Workspace\FPGA\coralnpu-nano20k\bazel\external\lowrisc_opentitan_gh\hw\ip\prim\rtl\prim_assert.sv'("C:\Workspace\FPGA\coralnpu-nano20k\bazel\external\lowrisc_opentitan_gh\hw\ip\csrng\rtl\csrng.sv":8)
Back to file 'C:\Workspace\FPGA\coralnpu-nano20k\bazel\external\lowrisc_opentitan_gh\hw\ip\csrng\rtl\csrng.sv'("C:\Workspace\FPGA\coralnpu-nano20k\bazel\external\lowrisc_opentitan_gh\hw\ip\csrng\rtl\csrng.sv":8)
Analyzing Verilog file 'C:\Workspace\FPGA\coralnpu-nano20k\bazel\external\lowrisc_opentitan_gh\hw\ip\csrng\rtl\csrng_block_encrypt.sv'
Analyzing Verilog file 'C:\Workspace\FPGA\coralnpu-nano20k\bazel\external\lowrisc_opentitan_gh\hw\ip\csrng\rtl\csrng_cmd_stage.sv'
Analyzing Verilog file 'C:\Workspace\FPGA\coralnpu-nano20k\bazel\external\lowrisc_opentitan_gh\hw\ip\csrng\rtl\csrng_core.sv'
Analyzing Verilog file 'C:\Workspace\FPGA\coralnpu-nano20k\bazel\external\lowrisc_opentitan_gh\hw\ip\csrng\rtl\csrng_ctr_drbg_cmd.sv'
Analyzing included file 'C:\Workspace\FPGA\coralnpu-nano20k\bazel\external\lowrisc_opentitan_gh\hw\ip\prim\rtl\prim_assert.sv'("C:\Workspace\FPGA\coralnpu-nano20k\bazel\external\lowrisc_opentitan_gh\hw\ip\csrng\rtl\csrng_ctr_drbg_cmd.sv":10)
Back to file 'C:\Workspace\FPGA\coralnpu-nano20k\bazel\external\lowrisc_opentitan_gh\hw\ip\csrng\rtl\csrng_ctr_drbg_cmd.sv'("C:\Workspace\FPGA\coralnpu-nano20k\bazel\external\lowrisc_opentitan_gh\hw\ip\csrng\rtl\csrng_ctr_drbg_cmd.sv":10)
Analyzing Verilog file 'C:\Workspace\FPGA\coralnpu-nano20k\bazel\external\lowrisc_opentitan_gh\hw\ip\csrng\rtl\csrng_ctr_drbg_gen.sv'
Analyzing Verilog file 'C:\Workspace\FPGA\coralnpu-nano20k\bazel\external\lowrisc_opentitan_gh\hw\ip\csrng\rtl\csrng_ctr_drbg_upd.sv'
Analyzing Verilog file 'C:\Workspace\FPGA\coralnpu-nano20k\bazel\external\lowrisc_opentitan_gh\hw\ip\csrng\rtl\csrng_main_sm.sv'
Analyzing Verilog file 'C:\Workspace\FPGA\coralnpu-nano20k\bazel\external\lowrisc_opentitan_gh\hw\ip\csrng\rtl\csrng_reg_top.sv'
Analyzing included file 'C:\Workspace\FPGA\coralnpu-nano20k\bazel\external\lowrisc_opentitan_gh\hw\ip\prim\rtl\prim_assert.sv'("C:\Workspace\FPGA\coralnpu-nano20k\bazel\external\lowrisc_opentitan_gh\hw\ip\csrng\rtl\csrng_reg_top.sv":8)
Back to file 'C:\Workspace\FPGA\coralnpu-nano20k\bazel\external\lowrisc_opentitan_gh\hw\ip\csrng\rtl\csrng_reg_top.sv'("C:\Workspace\FPGA\coralnpu-nano20k\bazel\external\lowrisc_opentitan_gh\hw\ip\csrng\rtl\csrng_reg_top.sv":8)
Analyzing Verilog file 'C:\Workspace\FPGA\coralnpu-nano20k\bazel\external\lowrisc_opentitan_gh\hw\ip\csrng\rtl\csrng_state_db.sv'
Analyzing included file 'C:\Workspace\FPGA\coralnpu-nano20k\bazel\external\lowrisc_opentitan_gh\hw\ip\prim\rtl\prim_assert.sv'("C:\Workspace\FPGA\coralnpu-nano20k\bazel\external\lowrisc_opentitan_gh\hw\ip\csrng\rtl\csrng_state_db.sv":11)
Back to file 'C:\Workspace\FPGA\coralnpu-nano20k\bazel\external\lowrisc_opentitan_gh\hw\ip\csrng\rtl\csrng_state_db.sv'("C:\Workspace\FPGA\coralnpu-nano20k\bazel\external\lowrisc_opentitan_gh\hw\ip\csrng\rtl\csrng_state_db.sv":11)
Analyzing Verilog file 'C:\Workspace\FPGA\coralnpu-nano20k\bazel\external\lowrisc_opentitan_gh\hw\ip\edn\rtl\edn_reg_pkg.sv'
Analyzing Verilog file 'C:\Workspace\FPGA\coralnpu-nano20k\bazel\external\lowrisc_opentitan_gh\hw\ip\edn\rtl\edn.sv'
Analyzing included file 'C:\Workspace\FPGA\coralnpu-nano20k\bazel\external\lowrisc_opentitan_gh\hw\ip\prim\rtl\prim_assert.sv'("C:\Workspace\FPGA\coralnpu-nano20k\bazel\external\lowrisc_opentitan_gh\hw\ip\edn\rtl\edn.sv":8)
Back to file 'C:\Workspace\FPGA\coralnpu-nano20k\bazel\external\lowrisc_opentitan_gh\hw\ip\edn\rtl\edn.sv'("C:\Workspace\FPGA\coralnpu-nano20k\bazel\external\lowrisc_opentitan_gh\hw\ip\edn\rtl\edn.sv":8)
Analyzing Verilog file 'C:\Workspace\FPGA\coralnpu-nano20k\bazel\external\lowrisc_opentitan_gh\hw\ip\edn\rtl\edn_ack_sm.sv'
Analyzing Verilog file 'C:\Workspace\FPGA\coralnpu-nano20k\bazel\external\lowrisc_opentitan_gh\hw\ip\edn\rtl\edn_core.sv'
Analyzing included file 'C:\Workspace\FPGA\coralnpu-nano20k\bazel\external\lowrisc_opentitan_gh\hw\ip\prim\rtl\prim_assert.sv'("C:\Workspace\FPGA\coralnpu-nano20k\bazel\external\lowrisc_opentitan_gh\hw\ip\edn\rtl\edn_core.sv":12)
Back to file 'C:\Workspace\FPGA\coralnpu-nano20k\bazel\external\lowrisc_opentitan_gh\hw\ip\edn\rtl\edn_core.sv'("C:\Workspace\FPGA\coralnpu-nano20k\bazel\external\lowrisc_opentitan_gh\hw\ip\edn\rtl\edn_core.sv":12)
Analyzing Verilog file 'C:\Workspace\FPGA\coralnpu-nano20k\bazel\external\lowrisc_opentitan_gh\hw\ip\edn\rtl\edn_field_en.sv'
Analyzing Verilog file 'C:\Workspace\FPGA\coralnpu-nano20k\bazel\external\lowrisc_opentitan_gh\hw\ip\edn\rtl\edn_main_sm.sv'
Analyzing Verilog file 'C:\Workspace\FPGA\coralnpu-nano20k\bazel\external\lowrisc_opentitan_gh\hw\ip\edn\rtl\edn_reg_top.sv'
Analyzing included file 'C:\Workspace\FPGA\coralnpu-nano20k\bazel\external\lowrisc_opentitan_gh\hw\ip\prim\rtl\prim_assert.sv'("C:\Workspace\FPGA\coralnpu-nano20k\bazel\external\lowrisc_opentitan_gh\hw\ip\edn\rtl\edn_reg_top.sv":8)
Back to file 'C:\Workspace\FPGA\coralnpu-nano20k\bazel\external\lowrisc_opentitan_gh\hw\ip\edn\rtl\edn_reg_top.sv'("C:\Workspace\FPGA\coralnpu-nano20k\bazel\external\lowrisc_opentitan_gh\hw\ip\edn\rtl\edn_reg_top.sv":8)
Analyzing Verilog file 'C:\Workspace\FPGA\coralnpu-nano20k\bazel\external\lowrisc_opentitan_gh\hw\ip\entropy_src\rtl\entropy_src_reg_pkg.sv'
Analyzing Verilog file 'C:\Workspace\FPGA\coralnpu-nano20k\bazel\external\lowrisc_opentitan_gh\hw\ip\entropy_src\rtl\entropy_src_main_sm_pkg.sv'
Analyzing Verilog file 'C:\Workspace\FPGA\coralnpu-nano20k\bazel\external\lowrisc_opentitan_gh\hw\ip\entropy_src\rtl\entropy_src.sv'
Analyzing included file 'C:\Workspace\FPGA\coralnpu-nano20k\bazel\external\lowrisc_opentitan_gh\hw\ip\prim\rtl\prim_assert.sv'("C:\Workspace\FPGA\coralnpu-nano20k\bazel\external\lowrisc_opentitan_gh\hw\ip\entropy_src\rtl\entropy_src.sv":8)
Back to file 'C:\Workspace\FPGA\coralnpu-nano20k\bazel\external\lowrisc_opentitan_gh\hw\ip\entropy_src\rtl\entropy_src.sv'("C:\Workspace\FPGA\coralnpu-nano20k\bazel\external\lowrisc_opentitan_gh\hw\ip\entropy_src\rtl\entropy_src.sv":8)
Analyzing Verilog file 'C:\Workspace\FPGA\coralnpu-nano20k\bazel\external\lowrisc_opentitan_gh\hw\ip\entropy_src\rtl\entropy_src_ack_sm_pkg.sv'
Analyzing Verilog file 'C:\Workspace\FPGA\coralnpu-nano20k\bazel\external\lowrisc_opentitan_gh\hw\ip\entropy_src\rtl\entropy_src_ack_sm.sv'
Analyzing Verilog file 'C:\Workspace\FPGA\coralnpu-nano20k\bazel\external\lowrisc_opentitan_gh\hw\ip\entropy_src\rtl\entropy_src_adaptp_ht.sv'
Analyzing Verilog file 'C:\Workspace\FPGA\coralnpu-nano20k\bazel\external\lowrisc_opentitan_gh\hw\ip\entropy_src\rtl\entropy_src_bucket_ht.sv'
Analyzing Verilog file 'C:\Workspace\FPGA\coralnpu-nano20k\bazel\external\lowrisc_opentitan_gh\hw\ip\entropy_src\rtl\entropy_src_cntr_reg.sv'
Analyzing Verilog file 'C:\Workspace\FPGA\coralnpu-nano20k\bazel\external\lowrisc_opentitan_gh\hw\ip\kmac\rtl\sha3_pkg.sv'
Analyzing Verilog file 'C:\Workspace\FPGA\coralnpu-nano20k\bazel\external\lowrisc_opentitan_gh\hw\ip\entropy_src\rtl\entropy_src_core.sv'
Analyzing Verilog file 'C:\Workspace\FPGA\coralnpu-nano20k\bazel\external\lowrisc_opentitan_gh\hw\ip\entropy_src\rtl\entropy_src_enable_delay.sv'
Analyzing Verilog file 'C:\Workspace\FPGA\coralnpu-nano20k\bazel\external\lowrisc_opentitan_gh\hw\ip\entropy_src\rtl\entropy_src_field_en.sv'
Analyzing Verilog file 'C:\Workspace\FPGA\coralnpu-nano20k\bazel\external\lowrisc_opentitan_gh\hw\ip\entropy_src\rtl\entropy_src_main_sm.sv'
Analyzing Verilog file 'C:\Workspace\FPGA\coralnpu-nano20k\bazel\external\lowrisc_opentitan_gh\hw\ip\entropy_src\rtl\entropy_src_markov_ht.sv'
Analyzing Verilog file 'C:\Workspace\FPGA\coralnpu-nano20k\bazel\external\lowrisc_opentitan_gh\hw\ip\entropy_src\rtl\entropy_src_reg_top.sv'
Analyzing included file 'C:\Workspace\FPGA\coralnpu-nano20k\bazel\external\lowrisc_opentitan_gh\hw\ip\prim\rtl\prim_assert.sv'("C:\Workspace\FPGA\coralnpu-nano20k\bazel\external\lowrisc_opentitan_gh\hw\ip\entropy_src\rtl\entropy_src_reg_top.sv":8)
Back to file 'C:\Workspace\FPGA\coralnpu-nano20k\bazel\external\lowrisc_opentitan_gh\hw\ip\entropy_src\rtl\entropy_src_reg_top.sv'("C:\Workspace\FPGA\coralnpu-nano20k\bazel\external\lowrisc_opentitan_gh\hw\ip\entropy_src\rtl\entropy_src_reg_top.sv":8)
Analyzing Verilog file 'C:\Workspace\FPGA\coralnpu-nano20k\bazel\external\lowrisc_opentitan_gh\hw\ip\entropy_src\rtl\entropy_src_repcnt_ht.sv'
Analyzing Verilog file 'C:\Workspace\FPGA\coralnpu-nano20k\bazel\external\lowrisc_opentitan_gh\hw\ip\entropy_src\rtl\entropy_src_repcnts_ht.sv'
Analyzing Verilog file 'C:\Workspace\FPGA\coralnpu-nano20k\bazel\external\lowrisc_opentitan_gh\hw\ip\entropy_src\rtl\entropy_src_watermark_reg.sv'
Analyzing Verilog file 'C:\Workspace\FPGA\coralnpu-nano20k\bazel\external\lowrisc_opentitan_gh\hw\ip\flash_ctrl\rtl\flash_ctrl_pkg.sv'
Analyzing Verilog file 'C:\Workspace\FPGA\coralnpu-nano20k\bazel\external\lowrisc_opentitan_gh\hw\ip\kmac\rtl\kmac_pkg.sv'
Analyzing Verilog file 'C:\Workspace\FPGA\coralnpu-nano20k\bazel\external\lowrisc_opentitan_gh\hw\ip\otp_ctrl\rtl\otp_ctrl_pkg.sv'
Analyzing Verilog file 'C:\Workspace\FPGA\coralnpu-nano20k\bazel\external\lowrisc_opentitan_gh\hw\ip\rom_ctrl\rtl\rom_ctrl_pkg.sv'
Analyzing included file 'C:\Workspace\FPGA\coralnpu-nano20k\bazel\external\lowrisc_opentitan_gh\hw\ip\prim\rtl\prim_assert.sv'("C:\Workspace\FPGA\coralnpu-nano20k\bazel\external\lowrisc_opentitan_gh\hw\ip\rom_ctrl\rtl\rom_ctrl_pkg.sv":6)
Back to file 'C:\Workspace\FPGA\coralnpu-nano20k\bazel\external\lowrisc_opentitan_gh\hw\ip\rom_ctrl\rtl\rom_ctrl_pkg.sv'("C:\Workspace\FPGA\coralnpu-nano20k\bazel\external\lowrisc_opentitan_gh\hw\ip\rom_ctrl\rtl\rom_ctrl_pkg.sv":6)
Analyzing Verilog file 'C:\Workspace\FPGA\coralnpu-nano20k\bazel\external\lowrisc_opentitan_gh\hw\ip\keymgr\rtl\keymgr.sv'
Analyzing included file 'C:\Workspace\FPGA\coralnpu-nano20k\bazel\external\lowrisc_opentitan_gh\hw\ip\prim\rtl\prim_assert.sv'("C:\Workspace\FPGA\coralnpu-nano20k\bazel\external\lowrisc_opentitan_gh\hw\ip\keymgr\rtl\keymgr.sv":9)
Back to file 'C:\Workspace\FPGA\coralnpu-nano20k\bazel\external\lowrisc_opentitan_gh\hw\ip\keymgr\rtl\keymgr.sv'("C:\Workspace\FPGA\coralnpu-nano20k\bazel\external\lowrisc_opentitan_gh\hw\ip\keymgr\rtl\keymgr.sv":9)
Analyzing Verilog file 'C:\Workspace\FPGA\coralnpu-nano20k\bazel\external\lowrisc_opentitan_gh\hw\ip\keymgr\rtl\keymgr_cfg_en.sv'
Analyzing included file 'C:\Workspace\FPGA\coralnpu-nano20k\bazel\external\lowrisc_opentitan_gh\hw\ip\prim\rtl\prim_assert.sv'("C:\Workspace\FPGA\coralnpu-nano20k\bazel\external\lowrisc_opentitan_gh\hw\ip\keymgr\rtl\keymgr_cfg_en.sv":9)
Back to file 'C:\Workspace\FPGA\coralnpu-nano20k\bazel\external\lowrisc_opentitan_gh\hw\ip\keymgr\rtl\keymgr_cfg_en.sv'("C:\Workspace\FPGA\coralnpu-nano20k\bazel\external\lowrisc_opentitan_gh\hw\ip\keymgr\rtl\keymgr_cfg_en.sv":9)
Analyzing Verilog file 'C:\Workspace\FPGA\coralnpu-nano20k\bazel\external\lowrisc_opentitan_gh\hw\ip\keymgr\rtl\keymgr_ctrl.sv'
Analyzing included file 'C:\Workspace\FPGA\coralnpu-nano20k\bazel\external\lowrisc_opentitan_gh\hw\ip\prim\rtl\prim_assert.sv'("C:\Workspace\FPGA\coralnpu-nano20k\bazel\external\lowrisc_opentitan_gh\hw\ip\keymgr\rtl\keymgr_ctrl.sv":9)
Back to file 'C:\Workspace\FPGA\coralnpu-nano20k\bazel\external\lowrisc_opentitan_gh\hw\ip\keymgr\rtl\keymgr_ctrl.sv'("C:\Workspace\FPGA\coralnpu-nano20k\bazel\external\lowrisc_opentitan_gh\hw\ip\keymgr\rtl\keymgr_ctrl.sv":9)
Analyzing Verilog file 'C:\Workspace\FPGA\coralnpu-nano20k\bazel\external\lowrisc_opentitan_gh\hw\ip\keymgr\rtl\keymgr_data_en_state.sv'
Analyzing included file 'C:\Workspace\FPGA\coralnpu-nano20k\bazel\external\lowrisc_opentitan_gh\hw\ip\prim\rtl\prim_assert.sv'("C:\Workspace\FPGA\coralnpu-nano20k\bazel\external\lowrisc_opentitan_gh\hw\ip\keymgr\rtl\keymgr_data_en_state.sv":9)
Back to file 'C:\Workspace\FPGA\coralnpu-nano20k\bazel\external\lowrisc_opentitan_gh\hw\ip\keymgr\rtl\keymgr_data_en_state.sv'("C:\Workspace\FPGA\coralnpu-nano20k\bazel\external\lowrisc_opentitan_gh\hw\ip\keymgr\rtl\keymgr_data_en_state.sv":9)
Analyzing Verilog file 'C:\Workspace\FPGA\coralnpu-nano20k\bazel\external\lowrisc_opentitan_gh\hw\ip\keymgr\rtl\keymgr_err.sv'
Analyzing included file 'C:\Workspace\FPGA\coralnpu-nano20k\bazel\external\lowrisc_opentitan_gh\hw\ip\prim\rtl\prim_assert.sv'("C:\Workspace\FPGA\coralnpu-nano20k\bazel\external\lowrisc_opentitan_gh\hw\ip\keymgr\rtl\keymgr_err.sv":9)
Back to file 'C:\Workspace\FPGA\coralnpu-nano20k\bazel\external\lowrisc_opentitan_gh\hw\ip\keymgr\rtl\keymgr_err.sv'("C:\Workspace\FPGA\coralnpu-nano20k\bazel\external\lowrisc_opentitan_gh\hw\ip\keymgr\rtl\keymgr_err.sv":9)
Analyzing Verilog file 'C:\Workspace\FPGA\coralnpu-nano20k\bazel\external\lowrisc_opentitan_gh\hw\ip\keymgr\rtl\keymgr_input_checks.sv'
Analyzing included file 'C:\Workspace\FPGA\coralnpu-nano20k\bazel\external\lowrisc_opentitan_gh\hw\ip\prim\rtl\prim_assert.sv'("C:\Workspace\FPGA\coralnpu-nano20k\bazel\external\lowrisc_opentitan_gh\hw\ip\keymgr\rtl\keymgr_input_checks.sv":9)
Back to file 'C:\Workspace\FPGA\coralnpu-nano20k\bazel\external\lowrisc_opentitan_gh\hw\ip\keymgr\rtl\keymgr_input_checks.sv'("C:\Workspace\FPGA\coralnpu-nano20k\bazel\external\lowrisc_opentitan_gh\hw\ip\keymgr\rtl\keymgr_input_checks.sv":9)
Analyzing Verilog file 'C:\Workspace\FPGA\coralnpu-nano20k\bazel\external\lowrisc_opentitan_gh\hw\ip\keymgr\rtl\keymgr_kmac_if.sv'
Analyzing included file 'C:\Workspace\FPGA\coralnpu-nano20k\bazel\external\lowrisc_opentitan_gh\hw\ip\prim\rtl\prim_assert.sv'("C:\Workspace\FPGA\coralnpu-nano20k\bazel\external\lowrisc_opentitan_gh\hw\ip\keymgr\rtl\keymgr_kmac_if.sv":9)
Back to file 'C:\Workspace\FPGA\coralnpu-nano20k\bazel\external\lowrisc_opentitan_gh\hw\ip\keymgr\rtl\keymgr_kmac_if.sv'("C:\Workspace\FPGA\coralnpu-nano20k\bazel\external\lowrisc_opentitan_gh\hw\ip\keymgr\rtl\keymgr_kmac_if.sv":9)
Analyzing Verilog file 'C:\Workspace\FPGA\coralnpu-nano20k\bazel\external\lowrisc_opentitan_gh\hw\ip\keymgr\rtl\keymgr_op_state_ctrl.sv'
Analyzing included file 'C:\Workspace\FPGA\coralnpu-nano20k\bazel\external\lowrisc_opentitan_gh\hw\ip\prim\rtl\prim_assert.sv'("C:\Workspace\FPGA\coralnpu-nano20k\bazel\external\lowrisc_opentitan_gh\hw\ip\keymgr\rtl\keymgr_op_state_ctrl.sv":9)
Back to file 'C:\Workspace\FPGA\coralnpu-nano20k\bazel\external\lowrisc_opentitan_gh\hw\ip\keymgr\rtl\keymgr_op_state_ctrl.sv'("C:\Workspace\FPGA\coralnpu-nano20k\bazel\external\lowrisc_opentitan_gh\hw\ip\keymgr\rtl\keymgr_op_state_ctrl.sv":9)
Analyzing Verilog file 'C:\Workspace\FPGA\coralnpu-nano20k\bazel\external\lowrisc_opentitan_gh\hw\ip\keymgr\rtl\keymgr_reg_top.sv'
Analyzing included file 'C:\Workspace\FPGA\coralnpu-nano20k\bazel\external\lowrisc_opentitan_gh\hw\ip\prim\rtl\prim_assert.sv'("C:\Workspace\FPGA\coralnpu-nano20k\bazel\external\lowrisc_opentitan_gh\hw\ip\keymgr\rtl\keymgr_reg_top.sv":8)
Back to file 'C:\Workspace\FPGA\coralnpu-nano20k\bazel\external\lowrisc_opentitan_gh\hw\ip\keymgr\rtl\keymgr_reg_top.sv'("C:\Workspace\FPGA\coralnpu-nano20k\bazel\external\lowrisc_opentitan_gh\hw\ip\keymgr\rtl\keymgr_reg_top.sv":8)
Analyzing Verilog file 'C:\Workspace\FPGA\coralnpu-nano20k\bazel\external\lowrisc_opentitan_gh\hw\ip\keymgr\rtl\keymgr_reseed_ctrl.sv'
Analyzing included file 'C:\Workspace\FPGA\coralnpu-nano20k\bazel\external\lowrisc_opentitan_gh\hw\ip\prim\rtl\prim_assert.sv'("C:\Workspace\FPGA\coralnpu-nano20k\bazel\external\lowrisc_opentitan_gh\hw\ip\keymgr\rtl\keymgr_reseed_ctrl.sv":9)
Back to file 'C:\Workspace\FPGA\coralnpu-nano20k\bazel\external\lowrisc_opentitan_gh\hw\ip\keymgr\rtl\keymgr_reseed_ctrl.sv'("C:\Workspace\FPGA\coralnpu-nano20k\bazel\external\lowrisc_opentitan_gh\hw\ip\keymgr\rtl\keymgr_reseed_ctrl.sv":9)
Analyzing Verilog file 'C:\Workspace\FPGA\coralnpu-nano20k\bazel\external\lowrisc_opentitan_gh\hw\ip\keymgr\rtl\keymgr_sideload_key.sv'
Analyzing included file 'C:\Workspace\FPGA\coralnpu-nano20k\bazel\external\lowrisc_opentitan_gh\hw\ip\prim\rtl\prim_assert.sv'("C:\Workspace\FPGA\coralnpu-nano20k\bazel\external\lowrisc_opentitan_gh\hw\ip\keymgr\rtl\keymgr_sideload_key.sv":8)
Back to file 'C:\Workspace\FPGA\coralnpu-nano20k\bazel\external\lowrisc_opentitan_gh\hw\ip\keymgr\rtl\keymgr_sideload_key.sv'("C:\Workspace\FPGA\coralnpu-nano20k\bazel\external\lowrisc_opentitan_gh\hw\ip\keymgr\rtl\keymgr_sideload_key.sv":8)
Analyzing Verilog file 'C:\Workspace\FPGA\coralnpu-nano20k\bazel\external\lowrisc_opentitan_gh\hw\ip\keymgr\rtl\keymgr_sideload_key_ctrl.sv'
Analyzing included file 'C:\Workspace\FPGA\coralnpu-nano20k\bazel\external\lowrisc_opentitan_gh\hw\ip\prim\rtl\prim_assert.sv'("C:\Workspace\FPGA\coralnpu-nano20k\bazel\external\lowrisc_opentitan_gh\hw\ip\keymgr\rtl\keymgr_sideload_key_ctrl.sv":8)
Back to file 'C:\Workspace\FPGA\coralnpu-nano20k\bazel\external\lowrisc_opentitan_gh\hw\ip\keymgr\rtl\keymgr_sideload_key_ctrl.sv'("C:\Workspace\FPGA\coralnpu-nano20k\bazel\external\lowrisc_opentitan_gh\hw\ip\keymgr\rtl\keymgr_sideload_key_ctrl.sv":8)
Analyzing Verilog file 'C:\Workspace\FPGA\coralnpu-nano20k\bazel\external\lowrisc_opentitan_gh\hw\ip\kmac\rtl\keccak_2share.sv'
Analyzing included file 'C:\Workspace\FPGA\coralnpu-nano20k\bazel\external\lowrisc_opentitan_gh\hw\ip\prim\rtl\prim_assert.sv'("C:\Workspace\FPGA\coralnpu-nano20k\bazel\external\lowrisc_opentitan_gh\hw\ip\kmac\rtl\keccak_2share.sv":9)
Back to file 'C:\Workspace\FPGA\coralnpu-nano20k\bazel\external\lowrisc_opentitan_gh\hw\ip\kmac\rtl\keccak_2share.sv'("C:\Workspace\FPGA\coralnpu-nano20k\bazel\external\lowrisc_opentitan_gh\hw\ip\kmac\rtl\keccak_2share.sv":9)
Analyzing Verilog file 'C:\Workspace\FPGA\coralnpu-nano20k\bazel\external\lowrisc_opentitan_gh\hw\ip\kmac\rtl\keccak_round.sv'
Analyzing included file 'C:\Workspace\FPGA\coralnpu-nano20k\bazel\external\lowrisc_opentitan_gh\hw\ip\prim\rtl\prim_assert.sv'("C:\Workspace\FPGA\coralnpu-nano20k\bazel\external\lowrisc_opentitan_gh\hw\ip\kmac\rtl\keccak_round.sv":37)
Back to file 'C:\Workspace\FPGA\coralnpu-nano20k\bazel\external\lowrisc_opentitan_gh\hw\ip\kmac\rtl\keccak_round.sv'("C:\Workspace\FPGA\coralnpu-nano20k\bazel\external\lowrisc_opentitan_gh\hw\ip\kmac\rtl\keccak_round.sv":37)
Analyzing Verilog file 'C:\Workspace\FPGA\coralnpu-nano20k\bazel\external\lowrisc_opentitan_gh\hw\ip\kmac\rtl\kmac_reg_pkg.sv'
Analyzing Verilog file 'C:\Workspace\FPGA\coralnpu-nano20k\bazel\external\lowrisc_opentitan_gh\hw\ip\kmac\rtl\kmac.sv'
Analyzing included file 'C:\Workspace\FPGA\coralnpu-nano20k\bazel\external\lowrisc_opentitan_gh\hw\ip\prim\rtl\prim_assert.sv'("C:\Workspace\FPGA\coralnpu-nano20k\bazel\external\lowrisc_opentitan_gh\hw\ip\kmac\rtl\kmac.sv":8)
Back to file 'C:\Workspace\FPGA\coralnpu-nano20k\bazel\external\lowrisc_opentitan_gh\hw\ip\kmac\rtl\kmac.sv'("C:\Workspace\FPGA\coralnpu-nano20k\bazel\external\lowrisc_opentitan_gh\hw\ip\kmac\rtl\kmac.sv":8)
Analyzing Verilog file 'C:\Workspace\FPGA\coralnpu-nano20k\bazel\external\lowrisc_opentitan_gh\hw\ip\kmac\rtl\kmac_app.sv'
Analyzing included file 'C:\Workspace\FPGA\coralnpu-nano20k\bazel\external\lowrisc_opentitan_gh\hw\ip\prim\rtl\prim_assert.sv'("C:\Workspace\FPGA\coralnpu-nano20k\bazel\external\lowrisc_opentitan_gh\hw\ip\kmac\rtl\kmac_app.sv":8)
Back to file 'C:\Workspace\FPGA\coralnpu-nano20k\bazel\external\lowrisc_opentitan_gh\hw\ip\kmac\rtl\kmac_app.sv'("C:\Workspace\FPGA\coralnpu-nano20k\bazel\external\lowrisc_opentitan_gh\hw\ip\kmac\rtl\kmac_app.sv":8)
Analyzing Verilog file 'C:\Workspace\FPGA\coralnpu-nano20k\bazel\external\lowrisc_opentitan_gh\hw\ip\kmac\rtl\kmac_core.sv'
Analyzing included file 'C:\Workspace\FPGA\coralnpu-nano20k\bazel\external\lowrisc_opentitan_gh\hw\ip\prim\rtl\prim_assert.sv'("C:\Workspace\FPGA\coralnpu-nano20k\bazel\external\lowrisc_opentitan_gh\hw\ip\kmac\rtl\kmac_core.sv":8)
Back to file 'C:\Workspace\FPGA\coralnpu-nano20k\bazel\external\lowrisc_opentitan_gh\hw\ip\kmac\rtl\kmac_core.sv'("C:\Workspace\FPGA\coralnpu-nano20k\bazel\external\lowrisc_opentitan_gh\hw\ip\kmac\rtl\kmac_core.sv":8)
Analyzing Verilog file 'C:\Workspace\FPGA\coralnpu-nano20k\bazel\external\lowrisc_opentitan_gh\hw\ip\kmac\rtl\kmac_entropy.sv'
Analyzing included file 'C:\Workspace\FPGA\coralnpu-nano20k\bazel\external\lowrisc_opentitan_gh\hw\ip\prim\rtl\prim_assert.sv'("C:\Workspace\FPGA\coralnpu-nano20k\bazel\external\lowrisc_opentitan_gh\hw\ip\kmac\rtl\kmac_entropy.sv":8)
Back to file 'C:\Workspace\FPGA\coralnpu-nano20k\bazel\external\lowrisc_opentitan_gh\hw\ip\kmac\rtl\kmac_entropy.sv'("C:\Workspace\FPGA\coralnpu-nano20k\bazel\external\lowrisc_opentitan_gh\hw\ip\kmac\rtl\kmac_entropy.sv":8)
Analyzing Verilog file 'C:\Workspace\FPGA\coralnpu-nano20k\bazel\external\lowrisc_opentitan_gh\hw\ip\kmac\rtl\kmac_errchk.sv'
Analyzing included file 'C:\Workspace\FPGA\coralnpu-nano20k\bazel\external\lowrisc_opentitan_gh\hw\ip\prim\rtl\prim_assert.sv'("C:\Workspace\FPGA\coralnpu-nano20k\bazel\external\lowrisc_opentitan_gh\hw\ip\kmac\rtl\kmac_errchk.sv":45)
Back to file 'C:\Workspace\FPGA\coralnpu-nano20k\bazel\external\lowrisc_opentitan_gh\hw\ip\kmac\rtl\kmac_errchk.sv'("C:\Workspace\FPGA\coralnpu-nano20k\bazel\external\lowrisc_opentitan_gh\hw\ip\kmac\rtl\kmac_errchk.sv":45)
Analyzing Verilog file 'C:\Workspace\FPGA\coralnpu-nano20k\bazel\external\lowrisc_opentitan_gh\hw\ip\kmac\rtl\kmac_msgfifo.sv'
Analyzing included file 'C:\Workspace\FPGA\coralnpu-nano20k\bazel\external\lowrisc_opentitan_gh\hw\ip\prim\rtl\prim_assert.sv'("C:\Workspace\FPGA\coralnpu-nano20k\bazel\external\lowrisc_opentitan_gh\hw\ip\kmac\rtl\kmac_msgfifo.sv":10)
Back to file 'C:\Workspace\FPGA\coralnpu-nano20k\bazel\external\lowrisc_opentitan_gh\hw\ip\kmac\rtl\kmac_msgfifo.sv'("C:\Workspace\FPGA\coralnpu-nano20k\bazel\external\lowrisc_opentitan_gh\hw\ip\kmac\rtl\kmac_msgfifo.sv":10)
Analyzing Verilog file 'C:\Workspace\FPGA\coralnpu-nano20k\bazel\external\lowrisc_opentitan_gh\hw\ip\kmac\rtl\kmac_reduced.sv'
Analyzing included file 'C:\Workspace\FPGA\coralnpu-nano20k\bazel\external\lowrisc_opentitan_gh\hw\ip\prim\rtl\prim_assert.sv'("C:\Workspace\FPGA\coralnpu-nano20k\bazel\external\lowrisc_opentitan_gh\hw\ip\kmac\rtl\kmac_reduced.sv":9)
Back to file 'C:\Workspace\FPGA\coralnpu-nano20k\bazel\external\lowrisc_opentitan_gh\hw\ip\kmac\rtl\kmac_reduced.sv'("C:\Workspace\FPGA\coralnpu-nano20k\bazel\external\lowrisc_opentitan_gh\hw\ip\kmac\rtl\kmac_reduced.sv":9)
Analyzing Verilog file 'C:\Workspace\FPGA\coralnpu-nano20k\bazel\external\lowrisc_opentitan_gh\hw\ip\kmac\rtl\kmac_reg_top.sv'
Analyzing included file 'C:\Workspace\FPGA\coralnpu-nano20k\bazel\external\lowrisc_opentitan_gh\hw\ip\prim\rtl\prim_assert.sv'("C:\Workspace\FPGA\coralnpu-nano20k\bazel\external\lowrisc_opentitan_gh\hw\ip\kmac\rtl\kmac_reg_top.sv":8)
Back to file 'C:\Workspace\FPGA\coralnpu-nano20k\bazel\external\lowrisc_opentitan_gh\hw\ip\kmac\rtl\kmac_reg_top.sv'("C:\Workspace\FPGA\coralnpu-nano20k\bazel\external\lowrisc_opentitan_gh\hw\ip\kmac\rtl\kmac_reg_top.sv":8)
Analyzing Verilog file 'C:\Workspace\FPGA\coralnpu-nano20k\bazel\external\lowrisc_opentitan_gh\hw\ip\kmac\rtl\kmac_staterd.sv'
Analyzing included file 'C:\Workspace\FPGA\coralnpu-nano20k\bazel\external\lowrisc_opentitan_gh\hw\ip\prim\rtl\prim_assert.sv'("C:\Workspace\FPGA\coralnpu-nano20k\bazel\external\lowrisc_opentitan_gh\hw\ip\kmac\rtl\kmac_staterd.sv":8)
Back to file 'C:\Workspace\FPGA\coralnpu-nano20k\bazel\external\lowrisc_opentitan_gh\hw\ip\kmac\rtl\kmac_staterd.sv'("C:\Workspace\FPGA\coralnpu-nano20k\bazel\external\lowrisc_opentitan_gh\hw\ip\kmac\rtl\kmac_staterd.sv":8)
Analyzing Verilog file 'C:\Workspace\FPGA\coralnpu-nano20k\bazel\external\lowrisc_opentitan_gh\hw\ip\kmac\rtl\sha3.sv'
Analyzing included file 'C:\Workspace\FPGA\coralnpu-nano20k\bazel\external\lowrisc_opentitan_gh\hw\ip\prim\rtl\prim_assert.sv'("C:\Workspace\FPGA\coralnpu-nano20k\bazel\external\lowrisc_opentitan_gh\hw\ip\kmac\rtl\sha3.sv":10)
Back to file 'C:\Workspace\FPGA\coralnpu-nano20k\bazel\external\lowrisc_opentitan_gh\hw\ip\kmac\rtl\sha3.sv'("C:\Workspace\FPGA\coralnpu-nano20k\bazel\external\lowrisc_opentitan_gh\hw\ip\kmac\rtl\sha3.sv":10)
Analyzing Verilog file 'C:\Workspace\FPGA\coralnpu-nano20k\bazel\external\lowrisc_opentitan_gh\hw\ip\kmac\rtl\sha3pad.sv'
Analyzing included file 'C:\Workspace\FPGA\coralnpu-nano20k\bazel\external\lowrisc_opentitan_gh\hw\ip\prim\rtl\prim_assert.sv'("C:\Workspace\FPGA\coralnpu-nano20k\bazel\external\lowrisc_opentitan_gh\hw\ip\kmac\rtl\sha3pad.sv":8)
Back to file 'C:\Workspace\FPGA\coralnpu-nano20k\bazel\external\lowrisc_opentitan_gh\hw\ip\kmac\rtl\sha3pad.sv'("C:\Workspace\FPGA\coralnpu-nano20k\bazel\external\lowrisc_opentitan_gh\hw\ip\kmac\rtl\sha3pad.sv":8)
Analyzing Verilog file 'C:\Workspace\FPGA\coralnpu-nano20k\bazel\external\lowrisc_opentitan_gh\hw\ip\rv_dm\rtl\jtag_pkg.sv'
Analyzing Verilog file 'C:\Workspace\FPGA\coralnpu-nano20k\bazel\external\lowrisc_opentitan_gh\hw\ip\prim\rtl\prim_esc_pkg.sv'
Analyzing Verilog file 'C:\Workspace\FPGA\coralnpu-nano20k\bazel\external\lowrisc_opentitan_gh\hw\ip\otp_macro\rtl\otp_macro_pkg.sv'
Analyzing Verilog file 'C:\Workspace\FPGA\coralnpu-nano20k\bazel\external\lowrisc_opentitan_gh\hw\vendor\pulp_riscv_dbg\src\dm_pkg.sv'
WARN  (EX2337) : Package 'dm' was previously defined as interface("C:\Workspace\FPGA\coralnpu-nano20k\bazel\external\lowrisc_opentitan_gh\hw\vendor\pulp_riscv_dbg\src\dm_pkg.sv":452)
Previous definition of interface 'dm' is here("C:\Workspace\FPGA\coralnpu-nano20k\bazel\external\RVVI\source\host\rvvi\rvviTrace.sv":53)
Analyzing Verilog file 'C:\Workspace\FPGA\coralnpu-nano20k\bazel\external\lowrisc_opentitan_gh\hw\ip\lc_ctrl\rtl\lc_ctrl.sv'
Analyzing included file 'C:\Workspace\FPGA\coralnpu-nano20k\bazel\external\lowrisc_opentitan_gh\hw\ip\prim\rtl\prim_assert.sv'("C:\Workspace\FPGA\coralnpu-nano20k\bazel\external\lowrisc_opentitan_gh\hw\ip\lc_ctrl\rtl\lc_ctrl.sv":9)
Back to file 'C:\Workspace\FPGA\coralnpu-nano20k\bazel\external\lowrisc_opentitan_gh\hw\ip\lc_ctrl\rtl\lc_ctrl.sv'("C:\Workspace\FPGA\coralnpu-nano20k\bazel\external\lowrisc_opentitan_gh\hw\ip\lc_ctrl\rtl\lc_ctrl.sv":9)
Analyzing Verilog file 'C:\Workspace\FPGA\coralnpu-nano20k\bazel\external\lowrisc_opentitan_gh\hw\ip\lc_ctrl\rtl\lc_ctrl_dmi_reg_top.sv'
Analyzing included file 'C:\Workspace\FPGA\coralnpu-nano20k\bazel\external\lowrisc_opentitan_gh\hw\ip\prim\rtl\prim_assert.sv'("C:\Workspace\FPGA\coralnpu-nano20k\bazel\external\lowrisc_opentitan_gh\hw\ip\lc_ctrl\rtl\lc_ctrl_dmi_reg_top.sv":8)
Back to file 'C:\Workspace\FPGA\coralnpu-nano20k\bazel\external\lowrisc_opentitan_gh\hw\ip\lc_ctrl\rtl\lc_ctrl_dmi_reg_top.sv'("C:\Workspace\FPGA\coralnpu-nano20k\bazel\external\lowrisc_opentitan_gh\hw\ip\lc_ctrl\rtl\lc_ctrl_dmi_reg_top.sv":8)
Analyzing Verilog file 'C:\Workspace\FPGA\coralnpu-nano20k\bazel\external\lowrisc_opentitan_gh\hw\ip\lc_ctrl\rtl\lc_ctrl_fsm.sv'
Analyzing included file 'C:\Workspace\FPGA\coralnpu-nano20k\bazel\external\lowrisc_opentitan_gh\hw\ip\prim\rtl\prim_assert.sv'("C:\Workspace\FPGA\coralnpu-nano20k\bazel\external\lowrisc_opentitan_gh\hw\ip\lc_ctrl\rtl\lc_ctrl_fsm.sv":8)
Back to file 'C:\Workspace\FPGA\coralnpu-nano20k\bazel\external\lowrisc_opentitan_gh\hw\ip\lc_ctrl\rtl\lc_ctrl_fsm.sv'("C:\Workspace\FPGA\coralnpu-nano20k\bazel\external\lowrisc_opentitan_gh\hw\ip\lc_ctrl\rtl\lc_ctrl_fsm.sv":8)
Analyzing Verilog file 'C:\Workspace\FPGA\coralnpu-nano20k\bazel\external\lowrisc_opentitan_gh\hw\ip\lc_ctrl\rtl\lc_ctrl_kmac_if.sv'
Analyzing included file 'C:\Workspace\FPGA\coralnpu-nano20k\bazel\external\lowrisc_opentitan_gh\hw\ip\prim\rtl\prim_assert.sv'("C:\Workspace\FPGA\coralnpu-nano20k\bazel\external\lowrisc_opentitan_gh\hw\ip\lc_ctrl\rtl\lc_ctrl_kmac_if.sv":9)
Back to file 'C:\Workspace\FPGA\coralnpu-nano20k\bazel\external\lowrisc_opentitan_gh\hw\ip\lc_ctrl\rtl\lc_ctrl_kmac_if.sv'("C:\Workspace\FPGA\coralnpu-nano20k\bazel\external\lowrisc_opentitan_gh\hw\ip\lc_ctrl\rtl\lc_ctrl_kmac_if.sv":9)
Analyzing Verilog file 'C:\Workspace\FPGA\coralnpu-nano20k\bazel\external\lowrisc_opentitan_gh\hw\ip\lc_ctrl\rtl\lc_ctrl_regs_reg_top.sv'
Analyzing included file 'C:\Workspace\FPGA\coralnpu-nano20k\bazel\external\lowrisc_opentitan_gh\hw\ip\prim\rtl\prim_assert.sv'("C:\Workspace\FPGA\coralnpu-nano20k\bazel\external\lowrisc_opentitan_gh\hw\ip\lc_ctrl\rtl\lc_ctrl_regs_reg_top.sv":8)
Back to file 'C:\Workspace\FPGA\coralnpu-nano20k\bazel\external\lowrisc_opentitan_gh\hw\ip\lc_ctrl\rtl\lc_ctrl_regs_reg_top.sv'("C:\Workspace\FPGA\coralnpu-nano20k\bazel\external\lowrisc_opentitan_gh\hw\ip\lc_ctrl\rtl\lc_ctrl_regs_reg_top.sv":8)
Analyzing Verilog file 'C:\Workspace\FPGA\coralnpu-nano20k\bazel\external\lowrisc_opentitan_gh\hw\ip\lc_ctrl\rtl\lc_ctrl_signal_decode.sv'
Analyzing Verilog file 'C:\Workspace\FPGA\coralnpu-nano20k\bazel\external\lowrisc_opentitan_gh\hw\ip\lc_ctrl\rtl\lc_ctrl_state_decode.sv'
Analyzing Verilog file 'C:\Workspace\FPGA\coralnpu-nano20k\bazel\external\lowrisc_opentitan_gh\hw\ip\lc_ctrl\rtl\lc_ctrl_state_transition.sv'
Analyzing Verilog file 'C:\Workspace\FPGA\coralnpu-nano20k\bazel\external\lowrisc_opentitan_gh\hw\top_earlgrey\ip_autogen\otp_ctrl\rtl\otp_ctrl_macro_pkg.sv'
Analyzing Verilog file 'C:\Workspace\FPGA\coralnpu-nano20k\bazel\external\lowrisc_opentitan_gh\hw\ip\otp_macro\rtl\otp_macro_reg_pkg.sv'
Analyzing Verilog file 'C:\Workspace\FPGA\coralnpu-nano20k\fpga\rtl\top_racl_pkg.sv'
Analyzing Verilog file 'C:\Workspace\FPGA\coralnpu-nano20k\bazel\external\lowrisc_opentitan_gh\hw\top_earlgrey\ip\ast\rtl\ast_pkg.sv'
Analyzing Verilog file 'C:\Workspace\FPGA\coralnpu-nano20k\bazel\external\lowrisc_opentitan_gh\hw\ip\otp_macro\rtl\otp_macro.sv'
Analyzing included file 'C:\Workspace\FPGA\coralnpu-nano20k\bazel\external\lowrisc_opentitan_gh\hw\ip\prim\rtl\prim_secded_inc.svh'("C:\Workspace\FPGA\coralnpu-nano20k\bazel\external\lowrisc_opentitan_gh\hw\ip\otp_macro\rtl\otp_macro.sv":398)
Back to file 'C:\Workspace\FPGA\coralnpu-nano20k\bazel\external\lowrisc_opentitan_gh\hw\ip\otp_macro\rtl\otp_macro.sv'("C:\Workspace\FPGA\coralnpu-nano20k\bazel\external\lowrisc_opentitan_gh\hw\ip\otp_macro\rtl\otp_macro.sv":398)
Analyzing Verilog file 'C:\Workspace\FPGA\coralnpu-nano20k\bazel\external\lowrisc_opentitan_gh\hw\ip\otp_macro\rtl\otp_macro_prim_reg_top.sv'
Analyzing included file 'C:\Workspace\FPGA\coralnpu-nano20k\bazel\external\lowrisc_opentitan_gh\hw\ip\prim\rtl\prim_assert.sv'("C:\Workspace\FPGA\coralnpu-nano20k\bazel\external\lowrisc_opentitan_gh\hw\ip\otp_macro\rtl\otp_macro_prim_reg_top.sv":8)
Back to file 'C:\Workspace\FPGA\coralnpu-nano20k\bazel\external\lowrisc_opentitan_gh\hw\ip\otp_macro\rtl\otp_macro_prim_reg_top.sv'("C:\Workspace\FPGA\coralnpu-nano20k\bazel\external\lowrisc_opentitan_gh\hw\ip\otp_macro\rtl\otp_macro_prim_reg_top.sv":8)
Analyzing Verilog file 'C:\Workspace\FPGA\coralnpu-nano20k\bazel\external\lowrisc_opentitan_gh\hw\ip\prim\rtl\prim_alert_receiver.sv'
Analyzing included file 'C:\Workspace\FPGA\coralnpu-nano20k\bazel\external\lowrisc_opentitan_gh\hw\ip\prim\rtl\prim_assert.sv'("C:\Workspace\FPGA\coralnpu-nano20k\bazel\external\lowrisc_opentitan_gh\hw\ip\prim\rtl\prim_alert_receiver.sv":31)
Back to file 'C:\Workspace\FPGA\coralnpu-nano20k\bazel\external\lowrisc_opentitan_gh\hw\ip\prim\rtl\prim_alert_receiver.sv'("C:\Workspace\FPGA\coralnpu-nano20k\bazel\external\lowrisc_opentitan_gh\hw\ip\prim\rtl\prim_alert_receiver.sv":31)
Analyzing Verilog file 'C:\Workspace\FPGA\coralnpu-nano20k\bazel\external\lowrisc_opentitan_gh\hw\ip\prim\rtl\prim_alert_sender.sv'
Analyzing included file 'C:\Workspace\FPGA\coralnpu-nano20k\bazel\external\lowrisc_opentitan_gh\hw\ip\prim\rtl\prim_assert.sv'("C:\Workspace\FPGA\coralnpu-nano20k\bazel\external\lowrisc_opentitan_gh\hw\ip\prim\rtl\prim_alert_sender.sv":43)
Back to file 'C:\Workspace\FPGA\coralnpu-nano20k\bazel\external\lowrisc_opentitan_gh\hw\ip\prim\rtl\prim_alert_sender.sv'("C:\Workspace\FPGA\coralnpu-nano20k\bazel\external\lowrisc_opentitan_gh\hw\ip\prim\rtl\prim_alert_sender.sv":43)
Analyzing Verilog file 'C:\Workspace\FPGA\coralnpu-nano20k\bazel\external\lowrisc_opentitan_gh\hw\ip\prim\rtl\prim_alert_to_diff.sv'
Analyzing Verilog file 'C:\Workspace\FPGA\coralnpu-nano20k\bazel\external\lowrisc_opentitan_gh\hw\ip\prim\rtl\prim_arbiter_fixed.sv'
Analyzing included file 'C:\Workspace\FPGA\coralnpu-nano20k\bazel\external\lowrisc_opentitan_gh\hw\ip\prim\rtl\prim_assert.sv'("C:\Workspace\FPGA\coralnpu-nano20k\bazel\external\lowrisc_opentitan_gh\hw\ip\prim\rtl\prim_arbiter_fixed.sv":15)
Back to file 'C:\Workspace\FPGA\coralnpu-nano20k\bazel\external\lowrisc_opentitan_gh\hw\ip\prim\rtl\prim_arbiter_fixed.sv'("C:\Workspace\FPGA\coralnpu-nano20k\bazel\external\lowrisc_opentitan_gh\hw\ip\prim\rtl\prim_arbiter_fixed.sv":15)
Analyzing Verilog file 'C:\Workspace\FPGA\coralnpu-nano20k\bazel\external\lowrisc_opentitan_gh\hw\ip\prim\rtl\prim_arbiter_ppc.sv'
Analyzing included file 'C:\Workspace\FPGA\coralnpu-nano20k\bazel\external\lowrisc_opentitan_gh\hw\ip\prim\rtl\prim_assert.sv'("C:\Workspace\FPGA\coralnpu-nano20k\bazel\external\lowrisc_opentitan_gh\hw\ip\prim\rtl\prim_arbiter_ppc.sv":26)
Back to file 'C:\Workspace\FPGA\coralnpu-nano20k\bazel\external\lowrisc_opentitan_gh\hw\ip\prim\rtl\prim_arbiter_ppc.sv'("C:\Workspace\FPGA\coralnpu-nano20k\bazel\external\lowrisc_opentitan_gh\hw\ip\prim\rtl\prim_arbiter_ppc.sv":26)
Analyzing Verilog file 'C:\Workspace\FPGA\coralnpu-nano20k\bazel\external\lowrisc_opentitan_gh\hw\ip\prim\rtl\prim_arbiter_tree.sv'
Analyzing included file 'C:\Workspace\FPGA\coralnpu-nano20k\bazel\external\lowrisc_opentitan_gh\hw\ip\prim\rtl\prim_assert.sv'("C:\Workspace\FPGA\coralnpu-nano20k\bazel\external\lowrisc_opentitan_gh\hw\ip\prim\rtl\prim_arbiter_tree.sv":33)
Back to file 'C:\Workspace\FPGA\coralnpu-nano20k\bazel\external\lowrisc_opentitan_gh\hw\ip\prim\rtl\prim_arbiter_tree.sv'("C:\Workspace\FPGA\coralnpu-nano20k\bazel\external\lowrisc_opentitan_gh\hw\ip\prim\rtl\prim_arbiter_tree.sv":33)
Analyzing Verilog file 'C:\Workspace\FPGA\coralnpu-nano20k\bazel\external\lowrisc_opentitan_gh\hw\ip\prim\rtl\prim_arbiter_tree_dup.sv'
Analyzing included file 'C:\Workspace\FPGA\coralnpu-nano20k\bazel\external\lowrisc_opentitan_gh\hw\ip\prim\rtl\prim_assert.sv'("C:\Workspace\FPGA\coralnpu-nano20k\bazel\external\lowrisc_opentitan_gh\hw\ip\prim\rtl\prim_arbiter_tree_dup.sv":14)
Back to file 'C:\Workspace\FPGA\coralnpu-nano20k\bazel\external\lowrisc_opentitan_gh\hw\ip\prim\rtl\prim_arbiter_tree_dup.sv'("C:\Workspace\FPGA\coralnpu-nano20k\bazel\external\lowrisc_opentitan_gh\hw\ip\prim\rtl\prim_arbiter_tree_dup.sv":14)
Analyzing Verilog file 'C:\Workspace\FPGA\coralnpu-nano20k\bazel\external\lowrisc_opentitan_gh\hw\ip\prim\rtl\prim_ascon_pkg.sv'
Analyzing Verilog file 'C:\Workspace\FPGA\coralnpu-nano20k\bazel\external\lowrisc_opentitan_gh\hw\ip\prim\rtl\prim_ascon_duplex.sv'
Analyzing Verilog file 'C:\Workspace\FPGA\coralnpu-nano20k\bazel\external\lowrisc_opentitan_gh\hw\ip\prim\rtl\prim_ascon_round.sv'
Analyzing Verilog file 'C:\Workspace\FPGA\coralnpu-nano20k\bazel\external\lowrisc_opentitan_gh\hw\ip\prim\rtl\prim_ascon_sbox.sv'
Analyzing Verilog file 'C:\Workspace\FPGA\coralnpu-nano20k\bazel\external\lowrisc_opentitan_gh\hw\ip\prim\rtl\prim_assert.sv'
Analyzing Verilog file 'C:\Workspace\FPGA\coralnpu-nano20k\bazel\external\lowrisc_opentitan_gh\hw\ip\prim\rtl\prim_blanker.sv'
Analyzing Verilog file 'C:\Workspace\FPGA\coralnpu-nano20k\bazel\external\lowrisc_opentitan_gh\hw\ip\prim\rtl\prim_cdc_rand_delay.sv'
Analyzing Verilog file 'C:\Workspace\FPGA\coralnpu-nano20k\bazel\external\lowrisc_opentitan_gh\hw\ip\prim\rtl\prim_cipher_pkg.sv'
Analyzing Verilog file 'C:\Workspace\FPGA\coralnpu-nano20k\bazel\external\lowrisc_opentitan_gh\hw\ip\prim\rtl\prim_clock_gating_sync.sv'
Analyzing Verilog file 'C:\Workspace\FPGA\coralnpu-nano20k\bazel\external\lowrisc_opentitan_gh\hw\ip\prim\rtl\prim_clock_meas.sv'
Analyzing included file 'C:\Workspace\FPGA\coralnpu-nano20k\bazel\external\lowrisc_opentitan_gh\hw\ip\prim\rtl\prim_assert.sv'("C:\Workspace\FPGA\coralnpu-nano20k\bazel\external\lowrisc_opentitan_gh\hw\ip\prim\rtl\prim_clock_meas.sv":14)
Back to file 'C:\Workspace\FPGA\coralnpu-nano20k\bazel\external\lowrisc_opentitan_gh\hw\ip\prim\rtl\prim_clock_meas.sv'("C:\Workspace\FPGA\coralnpu-nano20k\bazel\external\lowrisc_opentitan_gh\hw\ip\prim\rtl\prim_clock_meas.sv":14)
Analyzing Verilog file 'C:\Workspace\FPGA\coralnpu-nano20k\bazel\external\lowrisc_opentitan_gh\hw\ip\prim\rtl\prim_clock_timeout.sv'
Analyzing included file 'C:\Workspace\FPGA\coralnpu-nano20k\bazel\external\lowrisc_opentitan_gh\hw\ip\prim\rtl\prim_assert.sv'("C:\Workspace\FPGA\coralnpu-nano20k\bazel\external\lowrisc_opentitan_gh\hw\ip\prim\rtl\prim_clock_timeout.sv":11)
Back to file 'C:\Workspace\FPGA\coralnpu-nano20k\bazel\external\lowrisc_opentitan_gh\hw\ip\prim\rtl\prim_clock_timeout.sv'("C:\Workspace\FPGA\coralnpu-nano20k\bazel\external\lowrisc_opentitan_gh\hw\ip\prim\rtl\prim_clock_timeout.sv":11)
Analyzing Verilog file 'C:\Workspace\FPGA\coralnpu-nano20k\bazel\external\lowrisc_opentitan_gh\hw\ip\prim\rtl\prim_count_pkg.sv'
Analyzing Verilog file 'C:\Workspace\FPGA\coralnpu-nano20k\bazel\external\lowrisc_opentitan_gh\hw\ip\prim\rtl\prim_count.sv'
Analyzing included file 'C:\Workspace\FPGA\coralnpu-nano20k\bazel\external\lowrisc_opentitan_gh\hw\ip\prim\rtl\prim_assert.sv'("C:\Workspace\FPGA\coralnpu-nano20k\bazel\external\lowrisc_opentitan_gh\hw\ip\prim\rtl\prim_count.sv":27)
Back to file 'C:\Workspace\FPGA\coralnpu-nano20k\bazel\external\lowrisc_opentitan_gh\hw\ip\prim\rtl\prim_count.sv'("C:\Workspace\FPGA\coralnpu-nano20k\bazel\external\lowrisc_opentitan_gh\hw\ip\prim\rtl\prim_count.sv":27)
Analyzing Verilog file 'C:\Workspace\FPGA\coralnpu-nano20k\bazel\external\lowrisc_opentitan_gh\hw\ip\prim\rtl\prim_crc32.sv'
Analyzing Verilog file 'C:\Workspace\FPGA\coralnpu-nano20k\bazel\external\lowrisc_opentitan_gh\hw\ip\prim\rtl\prim_diff_decode.sv'
Analyzing included file 'C:\Workspace\FPGA\coralnpu-nano20k\bazel\external\lowrisc_opentitan_gh\hw\ip\prim\rtl\prim_assert.sv'("C:\Workspace\FPGA\coralnpu-nano20k\bazel\external\lowrisc_opentitan_gh\hw\ip\prim\rtl\prim_diff_decode.sv":19)
Back to file 'C:\Workspace\FPGA\coralnpu-nano20k\bazel\external\lowrisc_opentitan_gh\hw\ip\prim\rtl\prim_diff_decode.sv'("C:\Workspace\FPGA\coralnpu-nano20k\bazel\external\lowrisc_opentitan_gh\hw\ip\prim\rtl\prim_diff_decode.sv":19)
Analyzing Verilog file 'C:\Workspace\FPGA\coralnpu-nano20k\bazel\external\lowrisc_opentitan_gh\hw\ip\prim\rtl\prim_diff_encode.sv'
Undeclared symbol 'diff_n_buf', assumed default net type 'wire'("C:\Workspace\FPGA\coralnpu-nano20k\bazel\external\lowrisc_opentitan_gh\hw\ip\prim\rtl\prim_diff_encode.sv":39)
Undeclared symbol 'diff_p_buf', assumed default net type 'wire'("C:\Workspace\FPGA\coralnpu-nano20k\bazel\external\lowrisc_opentitan_gh\hw\ip\prim\rtl\prim_diff_encode.sv":39)
Analyzing Verilog file 'C:\Workspace\FPGA\coralnpu-nano20k\bazel\external\lowrisc_opentitan_gh\hw\ip\prim\rtl\prim_diff_to_alert.sv'
Analyzing Verilog file 'C:\Workspace\FPGA\coralnpu-nano20k\bazel\external\lowrisc_opentitan_gh\hw\ip\prim\rtl\prim_dom_and_2share.sv'
Analyzing included file 'C:\Workspace\FPGA\coralnpu-nano20k\bazel\external\lowrisc_opentitan_gh\hw\ip\prim\rtl\prim_assert.sv'("C:\Workspace\FPGA\coralnpu-nano20k\bazel\external\lowrisc_opentitan_gh\hw\ip\prim\rtl\prim_dom_and_2share.sv":27)
Back to file 'C:\Workspace\FPGA\coralnpu-nano20k\bazel\external\lowrisc_opentitan_gh\hw\ip\prim\rtl\prim_dom_and_2share.sv'("C:\Workspace\FPGA\coralnpu-nano20k\bazel\external\lowrisc_opentitan_gh\hw\ip\prim\rtl\prim_dom_and_2share.sv":27)
Analyzing Verilog file 'C:\Workspace\FPGA\coralnpu-nano20k\bazel\external\lowrisc_opentitan_gh\hw\ip\prim\rtl\prim_double_lfsr.sv'
Analyzing Verilog file 'C:\Workspace\FPGA\coralnpu-nano20k\bazel\external\lowrisc_opentitan_gh\hw\ip\prim\rtl\prim_edge_detector.sv'
Analyzing Verilog file 'C:\Workspace\FPGA\coralnpu-nano20k\bazel\external\lowrisc_opentitan_gh\hw\ip\prim\rtl\prim_edn_req.sv'
Analyzing included file 'C:\Workspace\FPGA\coralnpu-nano20k\bazel\external\lowrisc_opentitan_gh\hw\ip\prim\rtl\prim_assert.sv'("C:\Workspace\FPGA\coralnpu-nano20k\bazel\external\lowrisc_opentitan_gh\hw\ip\prim\rtl\prim_edn_req.sv":15)
Back to file 'C:\Workspace\FPGA\coralnpu-nano20k\bazel\external\lowrisc_opentitan_gh\hw\ip\prim\rtl\prim_edn_req.sv'("C:\Workspace\FPGA\coralnpu-nano20k\bazel\external\lowrisc_opentitan_gh\hw\ip\prim\rtl\prim_edn_req.sv":15)
Analyzing Verilog file 'C:\Workspace\FPGA\coralnpu-nano20k\bazel\external\lowrisc_opentitan_gh\hw\ip\prim\rtl\prim_esc_receiver.sv'
Analyzing included file 'C:\Workspace\FPGA\coralnpu-nano20k\bazel\external\lowrisc_opentitan_gh\hw\ip\prim\rtl\prim_assert.sv'("C:\Workspace\FPGA\coralnpu-nano20k\bazel\external\lowrisc_opentitan_gh\hw\ip\prim\rtl\prim_esc_receiver.sv":20)
Back to file 'C:\Workspace\FPGA\coralnpu-nano20k\bazel\external\lowrisc_opentitan_gh\hw\ip\prim\rtl\prim_esc_receiver.sv'("C:\Workspace\FPGA\coralnpu-nano20k\bazel\external\lowrisc_opentitan_gh\hw\ip\prim\rtl\prim_esc_receiver.sv":20)
Analyzing Verilog file 'C:\Workspace\FPGA\coralnpu-nano20k\bazel\external\lowrisc_opentitan_gh\hw\ip\prim\rtl\prim_esc_sender.sv'
Analyzing included file 'C:\Workspace\FPGA\coralnpu-nano20k\bazel\external\lowrisc_opentitan_gh\hw\ip\prim\rtl\prim_assert.sv'("C:\Workspace\FPGA\coralnpu-nano20k\bazel\external\lowrisc_opentitan_gh\hw\ip\prim\rtl\prim_esc_sender.sv":23)
Back to file 'C:\Workspace\FPGA\coralnpu-nano20k\bazel\external\lowrisc_opentitan_gh\hw\ip\prim\rtl\prim_esc_sender.sv'("C:\Workspace\FPGA\coralnpu-nano20k\bazel\external\lowrisc_opentitan_gh\hw\ip\prim\rtl\prim_esc_sender.sv":23)
Analyzing Verilog file 'C:\Workspace\FPGA\coralnpu-nano20k\bazel\external\lowrisc_opentitan_gh\hw\ip\prim\rtl\prim_fifo_async.sv'
Analyzing included file 'C:\Workspace\FPGA\coralnpu-nano20k\bazel\external\lowrisc_opentitan_gh\hw\ip\prim\rtl\prim_assert.sv'("C:\Workspace\FPGA\coralnpu-nano20k\bazel\external\lowrisc_opentitan_gh\hw\ip\prim\rtl\prim_fifo_async.sv":8)
Back to file 'C:\Workspace\FPGA\coralnpu-nano20k\bazel\external\lowrisc_opentitan_gh\hw\ip\prim\rtl\prim_fifo_async.sv'("C:\Workspace\FPGA\coralnpu-nano20k\bazel\external\lowrisc_opentitan_gh\hw\ip\prim\rtl\prim_fifo_async.sv":8)
Analyzing Verilog file 'C:\Workspace\FPGA\coralnpu-nano20k\bazel\external\lowrisc_opentitan_gh\hw\ip\prim\rtl\prim_fifo_async_simple.sv'
Analyzing included file 'C:\Workspace\FPGA\coralnpu-nano20k\bazel\external\lowrisc_opentitan_gh\hw\ip\prim\rtl\prim_assert.sv'("C:\Workspace\FPGA\coralnpu-nano20k\bazel\external\lowrisc_opentitan_gh\hw\ip\prim\rtl\prim_fifo_async_simple.sv":7)
Back to file 'C:\Workspace\FPGA\coralnpu-nano20k\bazel\external\lowrisc_opentitan_gh\hw\ip\prim\rtl\prim_fifo_async_simple.sv'("C:\Workspace\FPGA\coralnpu-nano20k\bazel\external\lowrisc_opentitan_gh\hw\ip\prim\rtl\prim_fifo_async_simple.sv":7)
Analyzing Verilog file 'C:\Workspace\FPGA\coralnpu-nano20k\bazel\external\lowrisc_opentitan_gh\hw\ip\prim\rtl\prim_fifo_async_sram_adapter.sv'
Analyzing included file 'C:\Workspace\FPGA\coralnpu-nano20k\bazel\external\lowrisc_opentitan_gh\hw\ip\prim\rtl\prim_assert.sv'("C:\Workspace\FPGA\coralnpu-nano20k\bazel\external\lowrisc_opentitan_gh\hw\ip\prim\rtl\prim_fifo_async_sram_adapter.sv":8)
Back to file 'C:\Workspace\FPGA\coralnpu-nano20k\bazel\external\lowrisc_opentitan_gh\hw\ip\prim\rtl\prim_fifo_async_sram_adapter.sv'("C:\Workspace\FPGA\coralnpu-nano20k\bazel\external\lowrisc_opentitan_gh\hw\ip\prim\rtl\prim_fifo_async_sram_adapter.sv":8)
Analyzing Verilog file 'C:\Workspace\FPGA\coralnpu-nano20k\bazel\external\lowrisc_opentitan_gh\hw\ip\prim\rtl\prim_fifo_sync.sv'
Analyzing included file 'C:\Workspace\FPGA\coralnpu-nano20k\bazel\external\lowrisc_opentitan_gh\hw\ip\prim\rtl\prim_assert.sv'("C:\Workspace\FPGA\coralnpu-nano20k\bazel\external\lowrisc_opentitan_gh\hw\ip\prim\rtl\prim_fifo_sync.sv":8)
Back to file 'C:\Workspace\FPGA\coralnpu-nano20k\bazel\external\lowrisc_opentitan_gh\hw\ip\prim\rtl\prim_fifo_sync.sv'("C:\Workspace\FPGA\coralnpu-nano20k\bazel\external\lowrisc_opentitan_gh\hw\ip\prim\rtl\prim_fifo_sync.sv":8)
Analyzing included file 'C:\Workspace\FPGA\coralnpu-nano20k\bazel\external\lowrisc_opentitan_gh\hw\ip\prim\rtl\prim_fifo_assert.svh'("C:\Workspace\FPGA\coralnpu-nano20k\bazel\external\lowrisc_opentitan_gh\hw\ip\prim\rtl\prim_fifo_sync.sv":13)
Back to file 'C:\Workspace\FPGA\coralnpu-nano20k\bazel\external\lowrisc_opentitan_gh\hw\ip\prim\rtl\prim_fifo_sync.sv'("C:\Workspace\FPGA\coralnpu-nano20k\bazel\external\lowrisc_opentitan_gh\hw\ip\prim\rtl\prim_fifo_sync.sv":13)
Analyzing Verilog file 'C:\Workspace\FPGA\coralnpu-nano20k\bazel\external\lowrisc_opentitan_gh\hw\ip\prim\rtl\prim_fifo_sync_cnt.sv'
Analyzing included file 'C:\Workspace\FPGA\coralnpu-nano20k\bazel\external\lowrisc_opentitan_gh\hw\ip\prim\rtl\prim_assert.sv'("C:\Workspace\FPGA\coralnpu-nano20k\bazel\external\lowrisc_opentitan_gh\hw\ip\prim\rtl\prim_fifo_sync_cnt.sv":8)
Back to file 'C:\Workspace\FPGA\coralnpu-nano20k\bazel\external\lowrisc_opentitan_gh\hw\ip\prim\rtl\prim_fifo_sync_cnt.sv'("C:\Workspace\FPGA\coralnpu-nano20k\bazel\external\lowrisc_opentitan_gh\hw\ip\prim\rtl\prim_fifo_sync_cnt.sv":8)
Analyzing Verilog file 'C:\Workspace\FPGA\coralnpu-nano20k\bazel\external\lowrisc_opentitan_gh\hw\ip\prim\rtl\prim_filter.sv'
Analyzing Verilog file 'C:\Workspace\FPGA\coralnpu-nano20k\bazel\external\lowrisc_opentitan_gh\hw\ip\prim\rtl\prim_filter_ctr.sv'
Analyzing Verilog file 'C:\Workspace\FPGA\coralnpu-nano20k\bazel\external\lowrisc_opentitan_gh\hw\ip\prim\rtl\prim_flop_macros.sv'
Analyzing Verilog file 'C:\Workspace\FPGA\coralnpu-nano20k\bazel\external\lowrisc_opentitan_gh\hw\ip\prim\rtl\prim_gate_gen.sv'
Analyzing included file 'C:\Workspace\FPGA\coralnpu-nano20k\bazel\external\lowrisc_opentitan_gh\hw\ip\prim\rtl\prim_assert.sv'("C:\Workspace\FPGA\coralnpu-nano20k\bazel\external\lowrisc_opentitan_gh\hw\ip\prim\rtl\prim_gate_gen.sv":35)
Back to file 'C:\Workspace\FPGA\coralnpu-nano20k\bazel\external\lowrisc_opentitan_gh\hw\ip\prim\rtl\prim_gate_gen.sv'("C:\Workspace\FPGA\coralnpu-nano20k\bazel\external\lowrisc_opentitan_gh\hw\ip\prim\rtl\prim_gate_gen.sv":35)
Analyzing Verilog file 'C:\Workspace\FPGA\coralnpu-nano20k\bazel\external\lowrisc_opentitan_gh\hw\ip\prim\rtl\prim_gf_mult.sv'
Analyzing included file 'C:\Workspace\FPGA\coralnpu-nano20k\bazel\external\lowrisc_opentitan_gh\hw\ip\prim\rtl\prim_assert.sv'("C:\Workspace\FPGA\coralnpu-nano20k\bazel\external\lowrisc_opentitan_gh\hw\ip\prim\rtl\prim_gf_mult.sv":28)
Back to file 'C:\Workspace\FPGA\coralnpu-nano20k\bazel\external\lowrisc_opentitan_gh\hw\ip\prim\rtl\prim_gf_mult.sv'("C:\Workspace\FPGA\coralnpu-nano20k\bazel\external\lowrisc_opentitan_gh\hw\ip\prim\rtl\prim_gf_mult.sv":28)
Analyzing Verilog file 'C:\Workspace\FPGA\coralnpu-nano20k\bazel\external\lowrisc_opentitan_gh\hw\ip\prim\rtl\prim_intr_hw.sv'
Analyzing Verilog file 'C:\Workspace\FPGA\coralnpu-nano20k\bazel\external\lowrisc_opentitan_gh\hw\ip\prim\rtl\prim_keccak.sv'
Analyzing included file 'C:\Workspace\FPGA\coralnpu-nano20k\bazel\external\lowrisc_opentitan_gh\hw\ip\prim\rtl\prim_assert.sv'("C:\Workspace\FPGA\coralnpu-nano20k\bazel\external\lowrisc_opentitan_gh\hw\ip\prim\rtl\prim_keccak.sv":10)
Back to file 'C:\Workspace\FPGA\coralnpu-nano20k\bazel\external\lowrisc_opentitan_gh\hw\ip\prim\rtl\prim_keccak.sv'("C:\Workspace\FPGA\coralnpu-nano20k\bazel\external\lowrisc_opentitan_gh\hw\ip\prim\rtl\prim_keccak.sv":10)
Analyzing Verilog file 'C:\Workspace\FPGA\coralnpu-nano20k\bazel\external\lowrisc_opentitan_gh\hw\ip\prim\rtl\prim_lc_and_hardened.sv'
Analyzing included file 'C:\Workspace\FPGA\coralnpu-nano20k\bazel\external\lowrisc_opentitan_gh\hw\ip\prim\rtl\prim_assert.sv'("C:\Workspace\FPGA\coralnpu-nano20k\bazel\external\lowrisc_opentitan_gh\hw\ip\prim\rtl\prim_lc_and_hardened.sv":10)
Back to file 'C:\Workspace\FPGA\coralnpu-nano20k\bazel\external\lowrisc_opentitan_gh\hw\ip\prim\rtl\prim_lc_and_hardened.sv'("C:\Workspace\FPGA\coralnpu-nano20k\bazel\external\lowrisc_opentitan_gh\hw\ip\prim\rtl\prim_lc_and_hardened.sv":10)
Analyzing Verilog file 'C:\Workspace\FPGA\coralnpu-nano20k\bazel\external\lowrisc_opentitan_gh\hw\ip\prim\rtl\prim_lc_combine.sv'
Analyzing Verilog file 'C:\Workspace\FPGA\coralnpu-nano20k\bazel\external\lowrisc_opentitan_gh\hw\ip\prim\rtl\prim_lc_dec.sv'
Analyzing Verilog file 'C:\Workspace\FPGA\coralnpu-nano20k\bazel\external\lowrisc_opentitan_gh\hw\ip\prim\rtl\prim_lc_or_hardened.sv'
Analyzing included file 'C:\Workspace\FPGA\coralnpu-nano20k\bazel\external\lowrisc_opentitan_gh\hw\ip\prim\rtl\prim_assert.sv'("C:\Workspace\FPGA\coralnpu-nano20k\bazel\external\lowrisc_opentitan_gh\hw\ip\prim\rtl\prim_lc_or_hardened.sv":10)
Back to file 'C:\Workspace\FPGA\coralnpu-nano20k\bazel\external\lowrisc_opentitan_gh\hw\ip\prim\rtl\prim_lc_or_hardened.sv'("C:\Workspace\FPGA\coralnpu-nano20k\bazel\external\lowrisc_opentitan_gh\hw\ip\prim\rtl\prim_lc_or_hardened.sv":10)
Analyzing Verilog file 'C:\Workspace\FPGA\coralnpu-nano20k\bazel\external\lowrisc_opentitan_gh\hw\ip\prim\rtl\prim_lc_sender.sv'
Analyzing included file 'C:\Workspace\FPGA\coralnpu-nano20k\bazel\external\lowrisc_opentitan_gh\hw\ip\prim\rtl\prim_assert.sv'("C:\Workspace\FPGA\coralnpu-nano20k\bazel\external\lowrisc_opentitan_gh\hw\ip\prim\rtl\prim_lc_sender.sv":12)
Back to file 'C:\Workspace\FPGA\coralnpu-nano20k\bazel\external\lowrisc_opentitan_gh\hw\ip\prim\rtl\prim_lc_sender.sv'("C:\Workspace\FPGA\coralnpu-nano20k\bazel\external\lowrisc_opentitan_gh\hw\ip\prim\rtl\prim_lc_sender.sv":12)
Analyzing Verilog file 'C:\Workspace\FPGA\coralnpu-nano20k\bazel\external\lowrisc_opentitan_gh\hw\ip\prim\rtl\prim_lc_sync.sv'
Analyzing included file 'C:\Workspace\FPGA\coralnpu-nano20k\bazel\external\lowrisc_opentitan_gh\hw\ip\prim\rtl\prim_assert.sv'("C:\Workspace\FPGA\coralnpu-nano20k\bazel\external\lowrisc_opentitan_gh\hw\ip\prim\rtl\prim_lc_sync.sv":12)
Back to file 'C:\Workspace\FPGA\coralnpu-nano20k\bazel\external\lowrisc_opentitan_gh\hw\ip\prim\rtl\prim_lc_sync.sv'("C:\Workspace\FPGA\coralnpu-nano20k\bazel\external\lowrisc_opentitan_gh\hw\ip\prim\rtl\prim_lc_sync.sv":12)
Analyzing Verilog file 'C:\Workspace\FPGA\coralnpu-nano20k\bazel\external\lowrisc_opentitan_gh\hw\ip\prim\rtl\prim_leading_one_ppc.sv'
Analyzing Verilog file 'C:\Workspace\FPGA\coralnpu-nano20k\bazel\external\lowrisc_opentitan_gh\hw\ip\prim\rtl\prim_lfsr.sv'
Analyzing included file 'C:\Workspace\FPGA\coralnpu-nano20k\bazel\external\lowrisc_opentitan_gh\hw\ip\prim\rtl\prim_assert.sv'("C:\Workspace\FPGA\coralnpu-nano20k\bazel\external\lowrisc_opentitan_gh\hw\ip\prim\rtl\prim_lfsr.sv":28)
Back to file 'C:\Workspace\FPGA\coralnpu-nano20k\bazel\external\lowrisc_opentitan_gh\hw\ip\prim\rtl\prim_lfsr.sv'("C:\Workspace\FPGA\coralnpu-nano20k\bazel\external\lowrisc_opentitan_gh\hw\ip\prim\rtl\prim_lfsr.sv":28)
Analyzing Verilog file 'C:\Workspace\FPGA\coralnpu-nano20k\bazel\external\lowrisc_opentitan_gh\hw\ip\prim\rtl\prim_max_tree.sv'
Analyzing included file 'C:\Workspace\FPGA\coralnpu-nano20k\bazel\external\lowrisc_opentitan_gh\hw\ip\prim\rtl\prim_assert.sv'("C:\Workspace\FPGA\coralnpu-nano20k\bazel\external\lowrisc_opentitan_gh\hw\ip\prim\rtl\prim_max_tree.sv":18)
Back to file 'C:\Workspace\FPGA\coralnpu-nano20k\bazel\external\lowrisc_opentitan_gh\hw\ip\prim\rtl\prim_max_tree.sv'("C:\Workspace\FPGA\coralnpu-nano20k\bazel\external\lowrisc_opentitan_gh\hw\ip\prim\rtl\prim_max_tree.sv":18)
Analyzing Verilog file 'C:\Workspace\FPGA\coralnpu-nano20k\bazel\external\lowrisc_opentitan_gh\hw\ip\prim\rtl\prim_msb_extend.sv'
Analyzing included file 'C:\Workspace\FPGA\coralnpu-nano20k\bazel\external\lowrisc_opentitan_gh\hw\ip\prim\rtl\prim_assert.sv'("C:\Workspace\FPGA\coralnpu-nano20k\bazel\external\lowrisc_opentitan_gh\hw\ip\prim\rtl\prim_msb_extend.sv":8)
Back to file 'C:\Workspace\FPGA\coralnpu-nano20k\bazel\external\lowrisc_opentitan_gh\hw\ip\prim\rtl\prim_msb_extend.sv'("C:\Workspace\FPGA\coralnpu-nano20k\bazel\external\lowrisc_opentitan_gh\hw\ip\prim\rtl\prim_msb_extend.sv":8)
Analyzing Verilog file 'C:\Workspace\FPGA\coralnpu-nano20k\bazel\external\lowrisc_opentitan_gh\hw\ip\prim\rtl\prim_mubi12_dec.sv'
Analyzing included file 'C:\Workspace\FPGA\coralnpu-nano20k\bazel\external\lowrisc_opentitan_gh\hw\ip\prim\rtl\prim_assert.sv'("C:\Workspace\FPGA\coralnpu-nano20k\bazel\external\lowrisc_opentitan_gh\hw\ip\prim\rtl\prim_mubi12_dec.sv":13)
Back to file 'C:\Workspace\FPGA\coralnpu-nano20k\bazel\external\lowrisc_opentitan_gh\hw\ip\prim\rtl\prim_mubi12_dec.sv'("C:\Workspace\FPGA\coralnpu-nano20k\bazel\external\lowrisc_opentitan_gh\hw\ip\prim\rtl\prim_mubi12_dec.sv":13)
Analyzing Verilog file 'C:\Workspace\FPGA\coralnpu-nano20k\bazel\external\lowrisc_opentitan_gh\hw\ip\prim\rtl\prim_mubi12_sender.sv'
Analyzing included file 'C:\Workspace\FPGA\coralnpu-nano20k\bazel\external\lowrisc_opentitan_gh\hw\ip\prim\rtl\prim_assert.sv'("C:\Workspace\FPGA\coralnpu-nano20k\bazel\external\lowrisc_opentitan_gh\hw\ip\prim\rtl\prim_mubi12_sender.sv":14)
Back to file 'C:\Workspace\FPGA\coralnpu-nano20k\bazel\external\lowrisc_opentitan_gh\hw\ip\prim\rtl\prim_mubi12_sender.sv'("C:\Workspace\FPGA\coralnpu-nano20k\bazel\external\lowrisc_opentitan_gh\hw\ip\prim\rtl\prim_mubi12_sender.sv":14)
Analyzing Verilog file 'C:\Workspace\FPGA\coralnpu-nano20k\bazel\external\lowrisc_opentitan_gh\hw\ip\prim\rtl\prim_mubi12_sync.sv'
Analyzing included file 'C:\Workspace\FPGA\coralnpu-nano20k\bazel\external\lowrisc_opentitan_gh\hw\ip\prim\rtl\prim_assert.sv'("C:\Workspace\FPGA\coralnpu-nano20k\bazel\external\lowrisc_opentitan_gh\hw\ip\prim\rtl\prim_mubi12_sync.sv":13)
Back to file 'C:\Workspace\FPGA\coralnpu-nano20k\bazel\external\lowrisc_opentitan_gh\hw\ip\prim\rtl\prim_mubi12_sync.sv'("C:\Workspace\FPGA\coralnpu-nano20k\bazel\external\lowrisc_opentitan_gh\hw\ip\prim\rtl\prim_mubi12_sync.sv":13)
Analyzing Verilog file 'C:\Workspace\FPGA\coralnpu-nano20k\bazel\external\lowrisc_opentitan_gh\hw\ip\prim\rtl\prim_mubi16_dec.sv'
Analyzing included file 'C:\Workspace\FPGA\coralnpu-nano20k\bazel\external\lowrisc_opentitan_gh\hw\ip\prim\rtl\prim_assert.sv'("C:\Workspace\FPGA\coralnpu-nano20k\bazel\external\lowrisc_opentitan_gh\hw\ip\prim\rtl\prim_mubi16_dec.sv":13)
Back to file 'C:\Workspace\FPGA\coralnpu-nano20k\bazel\external\lowrisc_opentitan_gh\hw\ip\prim\rtl\prim_mubi16_dec.sv'("C:\Workspace\FPGA\coralnpu-nano20k\bazel\external\lowrisc_opentitan_gh\hw\ip\prim\rtl\prim_mubi16_dec.sv":13)
Analyzing Verilog file 'C:\Workspace\FPGA\coralnpu-nano20k\bazel\external\lowrisc_opentitan_gh\hw\ip\prim\rtl\prim_mubi16_sender.sv'
Analyzing included file 'C:\Workspace\FPGA\coralnpu-nano20k\bazel\external\lowrisc_opentitan_gh\hw\ip\prim\rtl\prim_assert.sv'("C:\Workspace\FPGA\coralnpu-nano20k\bazel\external\lowrisc_opentitan_gh\hw\ip\prim\rtl\prim_mubi16_sender.sv":14)
Back to file 'C:\Workspace\FPGA\coralnpu-nano20k\bazel\external\lowrisc_opentitan_gh\hw\ip\prim\rtl\prim_mubi16_sender.sv'("C:\Workspace\FPGA\coralnpu-nano20k\bazel\external\lowrisc_opentitan_gh\hw\ip\prim\rtl\prim_mubi16_sender.sv":14)
Analyzing Verilog file 'C:\Workspace\FPGA\coralnpu-nano20k\bazel\external\lowrisc_opentitan_gh\hw\ip\prim\rtl\prim_mubi16_sync.sv'
Analyzing included file 'C:\Workspace\FPGA\coralnpu-nano20k\bazel\external\lowrisc_opentitan_gh\hw\ip\prim\rtl\prim_assert.sv'("C:\Workspace\FPGA\coralnpu-nano20k\bazel\external\lowrisc_opentitan_gh\hw\ip\prim\rtl\prim_mubi16_sync.sv":13)
Back to file 'C:\Workspace\FPGA\coralnpu-nano20k\bazel\external\lowrisc_opentitan_gh\hw\ip\prim\rtl\prim_mubi16_sync.sv'("C:\Workspace\FPGA\coralnpu-nano20k\bazel\external\lowrisc_opentitan_gh\hw\ip\prim\rtl\prim_mubi16_sync.sv":13)
Analyzing Verilog file 'C:\Workspace\FPGA\coralnpu-nano20k\bazel\external\lowrisc_opentitan_gh\hw\ip\prim\rtl\prim_mubi20_dec.sv'
Analyzing included file 'C:\Workspace\FPGA\coralnpu-nano20k\bazel\external\lowrisc_opentitan_gh\hw\ip\prim\rtl\prim_assert.sv'("C:\Workspace\FPGA\coralnpu-nano20k\bazel\external\lowrisc_opentitan_gh\hw\ip\prim\rtl\prim_mubi20_dec.sv":13)
Back to file 'C:\Workspace\FPGA\coralnpu-nano20k\bazel\external\lowrisc_opentitan_gh\hw\ip\prim\rtl\prim_mubi20_dec.sv'("C:\Workspace\FPGA\coralnpu-nano20k\bazel\external\lowrisc_opentitan_gh\hw\ip\prim\rtl\prim_mubi20_dec.sv":13)
Analyzing Verilog file 'C:\Workspace\FPGA\coralnpu-nano20k\bazel\external\lowrisc_opentitan_gh\hw\ip\prim\rtl\prim_mubi20_sender.sv'
Analyzing included file 'C:\Workspace\FPGA\coralnpu-nano20k\bazel\external\lowrisc_opentitan_gh\hw\ip\prim\rtl\prim_assert.sv'("C:\Workspace\FPGA\coralnpu-nano20k\bazel\external\lowrisc_opentitan_gh\hw\ip\prim\rtl\prim_mubi20_sender.sv":14)
Back to file 'C:\Workspace\FPGA\coralnpu-nano20k\bazel\external\lowrisc_opentitan_gh\hw\ip\prim\rtl\prim_mubi20_sender.sv'("C:\Workspace\FPGA\coralnpu-nano20k\bazel\external\lowrisc_opentitan_gh\hw\ip\prim\rtl\prim_mubi20_sender.sv":14)
Analyzing Verilog file 'C:\Workspace\FPGA\coralnpu-nano20k\bazel\external\lowrisc_opentitan_gh\hw\ip\prim\rtl\prim_mubi20_sync.sv'
Analyzing included file 'C:\Workspace\FPGA\coralnpu-nano20k\bazel\external\lowrisc_opentitan_gh\hw\ip\prim\rtl\prim_assert.sv'("C:\Workspace\FPGA\coralnpu-nano20k\bazel\external\lowrisc_opentitan_gh\hw\ip\prim\rtl\prim_mubi20_sync.sv":13)
Back to file 'C:\Workspace\FPGA\coralnpu-nano20k\bazel\external\lowrisc_opentitan_gh\hw\ip\prim\rtl\prim_mubi20_sync.sv'("C:\Workspace\FPGA\coralnpu-nano20k\bazel\external\lowrisc_opentitan_gh\hw\ip\prim\rtl\prim_mubi20_sync.sv":13)
Analyzing Verilog file 'C:\Workspace\FPGA\coralnpu-nano20k\bazel\external\lowrisc_opentitan_gh\hw\ip\prim\rtl\prim_mubi24_dec.sv'
Analyzing included file 'C:\Workspace\FPGA\coralnpu-nano20k\bazel\external\lowrisc_opentitan_gh\hw\ip\prim\rtl\prim_assert.sv'("C:\Workspace\FPGA\coralnpu-nano20k\bazel\external\lowrisc_opentitan_gh\hw\ip\prim\rtl\prim_mubi24_dec.sv":13)
Back to file 'C:\Workspace\FPGA\coralnpu-nano20k\bazel\external\lowrisc_opentitan_gh\hw\ip\prim\rtl\prim_mubi24_dec.sv'("C:\Workspace\FPGA\coralnpu-nano20k\bazel\external\lowrisc_opentitan_gh\hw\ip\prim\rtl\prim_mubi24_dec.sv":13)
Analyzing Verilog file 'C:\Workspace\FPGA\coralnpu-nano20k\bazel\external\lowrisc_opentitan_gh\hw\ip\prim\rtl\prim_mubi24_sender.sv'
Analyzing included file 'C:\Workspace\FPGA\coralnpu-nano20k\bazel\external\lowrisc_opentitan_gh\hw\ip\prim\rtl\prim_assert.sv'("C:\Workspace\FPGA\coralnpu-nano20k\bazel\external\lowrisc_opentitan_gh\hw\ip\prim\rtl\prim_mubi24_sender.sv":14)
Back to file 'C:\Workspace\FPGA\coralnpu-nano20k\bazel\external\lowrisc_opentitan_gh\hw\ip\prim\rtl\prim_mubi24_sender.sv'("C:\Workspace\FPGA\coralnpu-nano20k\bazel\external\lowrisc_opentitan_gh\hw\ip\prim\rtl\prim_mubi24_sender.sv":14)
Analyzing Verilog file 'C:\Workspace\FPGA\coralnpu-nano20k\bazel\external\lowrisc_opentitan_gh\hw\ip\prim\rtl\prim_mubi24_sync.sv'
Analyzing included file 'C:\Workspace\FPGA\coralnpu-nano20k\bazel\external\lowrisc_opentitan_gh\hw\ip\prim\rtl\prim_assert.sv'("C:\Workspace\FPGA\coralnpu-nano20k\bazel\external\lowrisc_opentitan_gh\hw\ip\prim\rtl\prim_mubi24_sync.sv":13)
Back to file 'C:\Workspace\FPGA\coralnpu-nano20k\bazel\external\lowrisc_opentitan_gh\hw\ip\prim\rtl\prim_mubi24_sync.sv'("C:\Workspace\FPGA\coralnpu-nano20k\bazel\external\lowrisc_opentitan_gh\hw\ip\prim\rtl\prim_mubi24_sync.sv":13)
Analyzing Verilog file 'C:\Workspace\FPGA\coralnpu-nano20k\bazel\external\lowrisc_opentitan_gh\hw\ip\prim\rtl\prim_mubi28_dec.sv'
Analyzing included file 'C:\Workspace\FPGA\coralnpu-nano20k\bazel\external\lowrisc_opentitan_gh\hw\ip\prim\rtl\prim_assert.sv'("C:\Workspace\FPGA\coralnpu-nano20k\bazel\external\lowrisc_opentitan_gh\hw\ip\prim\rtl\prim_mubi28_dec.sv":13)
Back to file 'C:\Workspace\FPGA\coralnpu-nano20k\bazel\external\lowrisc_opentitan_gh\hw\ip\prim\rtl\prim_mubi28_dec.sv'("C:\Workspace\FPGA\coralnpu-nano20k\bazel\external\lowrisc_opentitan_gh\hw\ip\prim\rtl\prim_mubi28_dec.sv":13)
Analyzing Verilog file 'C:\Workspace\FPGA\coralnpu-nano20k\bazel\external\lowrisc_opentitan_gh\hw\ip\prim\rtl\prim_mubi28_sender.sv'
Analyzing included file 'C:\Workspace\FPGA\coralnpu-nano20k\bazel\external\lowrisc_opentitan_gh\hw\ip\prim\rtl\prim_assert.sv'("C:\Workspace\FPGA\coralnpu-nano20k\bazel\external\lowrisc_opentitan_gh\hw\ip\prim\rtl\prim_mubi28_sender.sv":14)
Back to file 'C:\Workspace\FPGA\coralnpu-nano20k\bazel\external\lowrisc_opentitan_gh\hw\ip\prim\rtl\prim_mubi28_sender.sv'("C:\Workspace\FPGA\coralnpu-nano20k\bazel\external\lowrisc_opentitan_gh\hw\ip\prim\rtl\prim_mubi28_sender.sv":14)
Analyzing Verilog file 'C:\Workspace\FPGA\coralnpu-nano20k\bazel\external\lowrisc_opentitan_gh\hw\ip\prim\rtl\prim_mubi28_sync.sv'
Analyzing included file 'C:\Workspace\FPGA\coralnpu-nano20k\bazel\external\lowrisc_opentitan_gh\hw\ip\prim\rtl\prim_assert.sv'("C:\Workspace\FPGA\coralnpu-nano20k\bazel\external\lowrisc_opentitan_gh\hw\ip\prim\rtl\prim_mubi28_sync.sv":13)
Back to file 'C:\Workspace\FPGA\coralnpu-nano20k\bazel\external\lowrisc_opentitan_gh\hw\ip\prim\rtl\prim_mubi28_sync.sv'("C:\Workspace\FPGA\coralnpu-nano20k\bazel\external\lowrisc_opentitan_gh\hw\ip\prim\rtl\prim_mubi28_sync.sv":13)
Analyzing Verilog file 'C:\Workspace\FPGA\coralnpu-nano20k\bazel\external\lowrisc_opentitan_gh\hw\ip\prim\rtl\prim_mubi32_dec.sv'
Analyzing included file 'C:\Workspace\FPGA\coralnpu-nano20k\bazel\external\lowrisc_opentitan_gh\hw\ip\prim\rtl\prim_assert.sv'("C:\Workspace\FPGA\coralnpu-nano20k\bazel\external\lowrisc_opentitan_gh\hw\ip\prim\rtl\prim_mubi32_dec.sv":13)
Back to file 'C:\Workspace\FPGA\coralnpu-nano20k\bazel\external\lowrisc_opentitan_gh\hw\ip\prim\rtl\prim_mubi32_dec.sv'("C:\Workspace\FPGA\coralnpu-nano20k\bazel\external\lowrisc_opentitan_gh\hw\ip\prim\rtl\prim_mubi32_dec.sv":13)
Analyzing Verilog file 'C:\Workspace\FPGA\coralnpu-nano20k\bazel\external\lowrisc_opentitan_gh\hw\ip\prim\rtl\prim_mubi32_sender.sv'
Analyzing included file 'C:\Workspace\FPGA\coralnpu-nano20k\bazel\external\lowrisc_opentitan_gh\hw\ip\prim\rtl\prim_assert.sv'("C:\Workspace\FPGA\coralnpu-nano20k\bazel\external\lowrisc_opentitan_gh\hw\ip\prim\rtl\prim_mubi32_sender.sv":14)
Back to file 'C:\Workspace\FPGA\coralnpu-nano20k\bazel\external\lowrisc_opentitan_gh\hw\ip\prim\rtl\prim_mubi32_sender.sv'("C:\Workspace\FPGA\coralnpu-nano20k\bazel\external\lowrisc_opentitan_gh\hw\ip\prim\rtl\prim_mubi32_sender.sv":14)
Analyzing Verilog file 'C:\Workspace\FPGA\coralnpu-nano20k\bazel\external\lowrisc_opentitan_gh\hw\ip\prim\rtl\prim_mubi32_sync.sv'
Analyzing included file 'C:\Workspace\FPGA\coralnpu-nano20k\bazel\external\lowrisc_opentitan_gh\hw\ip\prim\rtl\prim_assert.sv'("C:\Workspace\FPGA\coralnpu-nano20k\bazel\external\lowrisc_opentitan_gh\hw\ip\prim\rtl\prim_mubi32_sync.sv":13)
Back to file 'C:\Workspace\FPGA\coralnpu-nano20k\bazel\external\lowrisc_opentitan_gh\hw\ip\prim\rtl\prim_mubi32_sync.sv'("C:\Workspace\FPGA\coralnpu-nano20k\bazel\external\lowrisc_opentitan_gh\hw\ip\prim\rtl\prim_mubi32_sync.sv":13)
Analyzing Verilog file 'C:\Workspace\FPGA\coralnpu-nano20k\bazel\external\lowrisc_opentitan_gh\hw\ip\prim\rtl\prim_mubi4_dec.sv'
Analyzing included file 'C:\Workspace\FPGA\coralnpu-nano20k\bazel\external\lowrisc_opentitan_gh\hw\ip\prim\rtl\prim_assert.sv'("C:\Workspace\FPGA\coralnpu-nano20k\bazel\external\lowrisc_opentitan_gh\hw\ip\prim\rtl\prim_mubi4_dec.sv":13)
Back to file 'C:\Workspace\FPGA\coralnpu-nano20k\bazel\external\lowrisc_opentitan_gh\hw\ip\prim\rtl\prim_mubi4_dec.sv'("C:\Workspace\FPGA\coralnpu-nano20k\bazel\external\lowrisc_opentitan_gh\hw\ip\prim\rtl\prim_mubi4_dec.sv":13)
Analyzing Verilog file 'C:\Workspace\FPGA\coralnpu-nano20k\bazel\external\lowrisc_opentitan_gh\hw\ip\prim\rtl\prim_mubi4_sender.sv'
Analyzing included file 'C:\Workspace\FPGA\coralnpu-nano20k\bazel\external\lowrisc_opentitan_gh\hw\ip\prim\rtl\prim_assert.sv'("C:\Workspace\FPGA\coralnpu-nano20k\bazel\external\lowrisc_opentitan_gh\hw\ip\prim\rtl\prim_mubi4_sender.sv":14)
Back to file 'C:\Workspace\FPGA\coralnpu-nano20k\bazel\external\lowrisc_opentitan_gh\hw\ip\prim\rtl\prim_mubi4_sender.sv'("C:\Workspace\FPGA\coralnpu-nano20k\bazel\external\lowrisc_opentitan_gh\hw\ip\prim\rtl\prim_mubi4_sender.sv":14)
Analyzing Verilog file 'C:\Workspace\FPGA\coralnpu-nano20k\bazel\external\lowrisc_opentitan_gh\hw\ip\prim\rtl\prim_mubi4_sync.sv'
Analyzing included file 'C:\Workspace\FPGA\coralnpu-nano20k\bazel\external\lowrisc_opentitan_gh\hw\ip\prim\rtl\prim_assert.sv'("C:\Workspace\FPGA\coralnpu-nano20k\bazel\external\lowrisc_opentitan_gh\hw\ip\prim\rtl\prim_mubi4_sync.sv":13)
Back to file 'C:\Workspace\FPGA\coralnpu-nano20k\bazel\external\lowrisc_opentitan_gh\hw\ip\prim\rtl\prim_mubi4_sync.sv'("C:\Workspace\FPGA\coralnpu-nano20k\bazel\external\lowrisc_opentitan_gh\hw\ip\prim\rtl\prim_mubi4_sync.sv":13)
Analyzing Verilog file 'C:\Workspace\FPGA\coralnpu-nano20k\bazel\external\lowrisc_opentitan_gh\hw\ip\prim\rtl\prim_mubi8_dec.sv'
Analyzing included file 'C:\Workspace\FPGA\coralnpu-nano20k\bazel\external\lowrisc_opentitan_gh\hw\ip\prim\rtl\prim_assert.sv'("C:\Workspace\FPGA\coralnpu-nano20k\bazel\external\lowrisc_opentitan_gh\hw\ip\prim\rtl\prim_mubi8_dec.sv":13)
Back to file 'C:\Workspace\FPGA\coralnpu-nano20k\bazel\external\lowrisc_opentitan_gh\hw\ip\prim\rtl\prim_mubi8_dec.sv'("C:\Workspace\FPGA\coralnpu-nano20k\bazel\external\lowrisc_opentitan_gh\hw\ip\prim\rtl\prim_mubi8_dec.sv":13)
Analyzing Verilog file 'C:\Workspace\FPGA\coralnpu-nano20k\bazel\external\lowrisc_opentitan_gh\hw\ip\prim\rtl\prim_mubi8_sender.sv'
Analyzing included file 'C:\Workspace\FPGA\coralnpu-nano20k\bazel\external\lowrisc_opentitan_gh\hw\ip\prim\rtl\prim_assert.sv'("C:\Workspace\FPGA\coralnpu-nano20k\bazel\external\lowrisc_opentitan_gh\hw\ip\prim\rtl\prim_mubi8_sender.sv":14)
Back to file 'C:\Workspace\FPGA\coralnpu-nano20k\bazel\external\lowrisc_opentitan_gh\hw\ip\prim\rtl\prim_mubi8_sender.sv'("C:\Workspace\FPGA\coralnpu-nano20k\bazel\external\lowrisc_opentitan_gh\hw\ip\prim\rtl\prim_mubi8_sender.sv":14)
Analyzing Verilog file 'C:\Workspace\FPGA\coralnpu-nano20k\bazel\external\lowrisc_opentitan_gh\hw\ip\prim\rtl\prim_mubi8_sync.sv'
Analyzing included file 'C:\Workspace\FPGA\coralnpu-nano20k\bazel\external\lowrisc_opentitan_gh\hw\ip\prim\rtl\prim_assert.sv'("C:\Workspace\FPGA\coralnpu-nano20k\bazel\external\lowrisc_opentitan_gh\hw\ip\prim\rtl\prim_mubi8_sync.sv":13)
Back to file 'C:\Workspace\FPGA\coralnpu-nano20k\bazel\external\lowrisc_opentitan_gh\hw\ip\prim\rtl\prim_mubi8_sync.sv'("C:\Workspace\FPGA\coralnpu-nano20k\bazel\external\lowrisc_opentitan_gh\hw\ip\prim\rtl\prim_mubi8_sync.sv":13)
Analyzing Verilog file 'C:\Workspace\FPGA\coralnpu-nano20k\bazel\external\lowrisc_opentitan_gh\hw\ip\prim\rtl\prim_multibit_sync.sv'
Analyzing included file 'C:\Workspace\FPGA\coralnpu-nano20k\bazel\external\lowrisc_opentitan_gh\hw\ip\prim\rtl\prim_assert.sv'("C:\Workspace\FPGA\coralnpu-nano20k\bazel\external\lowrisc_opentitan_gh\hw\ip\prim\rtl\prim_multibit_sync.sv":39)
Back to file 'C:\Workspace\FPGA\coralnpu-nano20k\bazel\external\lowrisc_opentitan_gh\hw\ip\prim\rtl\prim_multibit_sync.sv'("C:\Workspace\FPGA\coralnpu-nano20k\bazel\external\lowrisc_opentitan_gh\hw\ip\prim\rtl\prim_multibit_sync.sv":39)
Analyzing Verilog file 'C:\Workspace\FPGA\coralnpu-nano20k\bazel\external\lowrisc_opentitan_gh\hw\ip\prim\rtl\prim_onehot_check.sv'
Analyzing included file 'C:\Workspace\FPGA\coralnpu-nano20k\bazel\external\lowrisc_opentitan_gh\hw\ip\prim\rtl\prim_assert.sv'("C:\Workspace\FPGA\coralnpu-nano20k\bazel\external\lowrisc_opentitan_gh\hw\ip\prim\rtl\prim_onehot_check.sv":20)
Back to file 'C:\Workspace\FPGA\coralnpu-nano20k\bazel\external\lowrisc_opentitan_gh\hw\ip\prim\rtl\prim_onehot_check.sv'("C:\Workspace\FPGA\coralnpu-nano20k\bazel\external\lowrisc_opentitan_gh\hw\ip\prim\rtl\prim_onehot_check.sv":20)
Analyzing Verilog file 'C:\Workspace\FPGA\coralnpu-nano20k\bazel\external\lowrisc_opentitan_gh\hw\ip\prim\rtl\prim_onehot_enc.sv'
Analyzing Verilog file 'C:\Workspace\FPGA\coralnpu-nano20k\bazel\external\lowrisc_opentitan_gh\hw\ip\prim\rtl\prim_onehot_mux.sv'
Analyzing included file 'C:\Workspace\FPGA\coralnpu-nano20k\bazel\external\lowrisc_opentitan_gh\hw\ip\prim\rtl\prim_assert.sv'("C:\Workspace\FPGA\coralnpu-nano20k\bazel\external\lowrisc_opentitan_gh\hw\ip\prim\rtl\prim_onehot_mux.sv":9)
Back to file 'C:\Workspace\FPGA\coralnpu-nano20k\bazel\external\lowrisc_opentitan_gh\hw\ip\prim\rtl\prim_onehot_mux.sv'("C:\Workspace\FPGA\coralnpu-nano20k\bazel\external\lowrisc_opentitan_gh\hw\ip\prim\rtl\prim_onehot_mux.sv":9)
Analyzing Verilog file 'C:\Workspace\FPGA\coralnpu-nano20k\bazel\external\lowrisc_opentitan_gh\hw\ip\prim\rtl\prim_packer.sv'
Analyzing included file 'C:\Workspace\FPGA\coralnpu-nano20k\bazel\external\lowrisc_opentitan_gh\hw\ip\prim\rtl\prim_assert.sv'("C:\Workspace\FPGA\coralnpu-nano20k\bazel\external\lowrisc_opentitan_gh\hw\ip\prim\rtl\prim_packer.sv":8)
Back to file 'C:\Workspace\FPGA\coralnpu-nano20k\bazel\external\lowrisc_opentitan_gh\hw\ip\prim\rtl\prim_packer.sv'("C:\Workspace\FPGA\coralnpu-nano20k\bazel\external\lowrisc_opentitan_gh\hw\ip\prim\rtl\prim_packer.sv":8)
Analyzing Verilog file 'C:\Workspace\FPGA\coralnpu-nano20k\bazel\external\lowrisc_opentitan_gh\hw\ip\prim\rtl\prim_packer_fifo.sv'
Analyzing included file 'C:\Workspace\FPGA\coralnpu-nano20k\bazel\external\lowrisc_opentitan_gh\hw\ip\prim\rtl\prim_assert.sv'("C:\Workspace\FPGA\coralnpu-nano20k\bazel\external\lowrisc_opentitan_gh\hw\ip\prim\rtl\prim_packer_fifo.sv":43)
Back to file 'C:\Workspace\FPGA\coralnpu-nano20k\bazel\external\lowrisc_opentitan_gh\hw\ip\prim\rtl\prim_packer_fifo.sv'("C:\Workspace\FPGA\coralnpu-nano20k\bazel\external\lowrisc_opentitan_gh\hw\ip\prim\rtl\prim_packer_fifo.sv":43)
Analyzing Verilog file 'C:\Workspace\FPGA\coralnpu-nano20k\bazel\external\lowrisc_opentitan_gh\hw\ip\prim\rtl\prim_pad_wrapper_pkg.sv'
Analyzing Verilog file 'C:\Workspace\FPGA\coralnpu-nano20k\bazel\external\lowrisc_opentitan_gh\hw\ip\prim\rtl\prim_pkg.sv'
Analyzing Verilog file 'C:\Workspace\FPGA\coralnpu-nano20k\bazel\external\lowrisc_opentitan_gh\hw\ip\prim\rtl\prim_present.sv'
Analyzing included file 'C:\Workspace\FPGA\coralnpu-nano20k\bazel\external\lowrisc_opentitan_gh\hw\ip\prim\rtl\prim_assert.sv'("C:\Workspace\FPGA\coralnpu-nano20k\bazel\external\lowrisc_opentitan_gh\hw\ip\prim\rtl\prim_present.sv":25)
Back to file 'C:\Workspace\FPGA\coralnpu-nano20k\bazel\external\lowrisc_opentitan_gh\hw\ip\prim\rtl\prim_present.sv'("C:\Workspace\FPGA\coralnpu-nano20k\bazel\external\lowrisc_opentitan_gh\hw\ip\prim\rtl\prim_present.sv":25)
Analyzing Verilog file 'C:\Workspace\FPGA\coralnpu-nano20k\bazel\external\lowrisc_opentitan_gh\hw\ip\prim\rtl\prim_prince.sv'
Analyzing included file 'C:\Workspace\FPGA\coralnpu-nano20k\bazel\external\lowrisc_opentitan_gh\hw\ip\prim\rtl\prim_assert.sv'("C:\Workspace\FPGA\coralnpu-nano20k\bazel\external\lowrisc_opentitan_gh\hw\ip\prim\rtl\prim_prince.sv":26)
Back to file 'C:\Workspace\FPGA\coralnpu-nano20k\bazel\external\lowrisc_opentitan_gh\hw\ip\prim\rtl\prim_prince.sv'("C:\Workspace\FPGA\coralnpu-nano20k\bazel\external\lowrisc_opentitan_gh\hw\ip\prim\rtl\prim_prince.sv":26)
Analyzing Verilog file 'C:\Workspace\FPGA\coralnpu-nano20k\bazel\external\lowrisc_opentitan_gh\hw\ip\prim\rtl\prim_pulse_sync.sv'
Analyzing included file 'C:\Workspace\FPGA\coralnpu-nano20k\bazel\external\lowrisc_opentitan_gh\hw\ip\prim\rtl\prim_assert.sv'("C:\Workspace\FPGA\coralnpu-nano20k\bazel\external\lowrisc_opentitan_gh\hw\ip\prim\rtl\prim_pulse_sync.sv":15)
Back to file 'C:\Workspace\FPGA\coralnpu-nano20k\bazel\external\lowrisc_opentitan_gh\hw\ip\prim\rtl\prim_pulse_sync.sv'("C:\Workspace\FPGA\coralnpu-nano20k\bazel\external\lowrisc_opentitan_gh\hw\ip\prim\rtl\prim_pulse_sync.sv":15)
Analyzing Verilog file 'C:\Workspace\FPGA\coralnpu-nano20k\bazel\external\lowrisc_opentitan_gh\hw\ip\prim\rtl\prim_racl_error_arb.sv'
Analyzing Verilog file 'C:\Workspace\FPGA\coralnpu-nano20k\bazel\external\lowrisc_opentitan_gh\hw\ip\prim_generic\rtl\prim_ram_1p_pkg.sv'
Analyzing Verilog file 'C:\Workspace\FPGA\coralnpu-nano20k\bazel\external\lowrisc_opentitan_gh\hw\ip\prim\rtl\prim_ram_1p_adv.sv'
Analyzing included file 'C:\Workspace\FPGA\coralnpu-nano20k\bazel\external\lowrisc_opentitan_gh\hw\ip\prim\rtl\prim_assert.sv'("C:\Workspace\FPGA\coralnpu-nano20k\bazel\external\lowrisc_opentitan_gh\hw\ip\prim\rtl\prim_ram_1p_adv.sv":17)
Back to file 'C:\Workspace\FPGA\coralnpu-nano20k\bazel\external\lowrisc_opentitan_gh\hw\ip\prim\rtl\prim_ram_1p_adv.sv'("C:\Workspace\FPGA\coralnpu-nano20k\bazel\external\lowrisc_opentitan_gh\hw\ip\prim\rtl\prim_ram_1p_adv.sv":17)
Analyzing Verilog file 'C:\Workspace\FPGA\coralnpu-nano20k\bazel\external\lowrisc_opentitan_gh\hw\ip\prim\rtl\prim_ram_1p_scr.sv'
Analyzing included file 'C:\Workspace\FPGA\coralnpu-nano20k\bazel\external\lowrisc_opentitan_gh\hw\ip\prim\rtl\prim_assert.sv'("C:\Workspace\FPGA\coralnpu-nano20k\bazel\external\lowrisc_opentitan_gh\hw\ip\prim\rtl\prim_ram_1p_scr.sv":25)
Back to file 'C:\Workspace\FPGA\coralnpu-nano20k\bazel\external\lowrisc_opentitan_gh\hw\ip\prim\rtl\prim_ram_1p_scr.sv'("C:\Workspace\FPGA\coralnpu-nano20k\bazel\external\lowrisc_opentitan_gh\hw\ip\prim\rtl\prim_ram_1p_scr.sv":25)
Analyzing included file 'C:\Workspace\FPGA\coralnpu-nano20k\bazel\external\lowrisc_opentitan_gh\hw\ip\prim\rtl\prim_util_get_scramble_params.svh'("C:\Workspace\FPGA\coralnpu-nano20k\bazel\external\lowrisc_opentitan_gh\hw\ip\prim\rtl\prim_ram_1p_scr.sv":513)
Back to file 'C:\Workspace\FPGA\coralnpu-nano20k\bazel\external\lowrisc_opentitan_gh\hw\ip\prim\rtl\prim_ram_1p_scr.sv'("C:\Workspace\FPGA\coralnpu-nano20k\bazel\external\lowrisc_opentitan_gh\hw\ip\prim\rtl\prim_ram_1p_scr.sv":513)
Analyzing Verilog file 'C:\Workspace\FPGA\coralnpu-nano20k\bazel\external\lowrisc_opentitan_gh\hw\ip\prim_generic\rtl\prim_ram_2p_pkg.sv'
Analyzing Verilog file 'C:\Workspace\FPGA\coralnpu-nano20k\bazel\external\lowrisc_opentitan_gh\hw\ip\prim\rtl\prim_ram_1r1w_adv.sv'
Analyzing included file 'C:\Workspace\FPGA\coralnpu-nano20k\bazel\external\lowrisc_opentitan_gh\hw\ip\prim\rtl\prim_assert.sv'("C:\Workspace\FPGA\coralnpu-nano20k\bazel\external\lowrisc_opentitan_gh\hw\ip\prim\rtl\prim_ram_1r1w_adv.sv":17)
Back to file 'C:\Workspace\FPGA\coralnpu-nano20k\bazel\external\lowrisc_opentitan_gh\hw\ip\prim\rtl\prim_ram_1r1w_adv.sv'("C:\Workspace\FPGA\coralnpu-nano20k\bazel\external\lowrisc_opentitan_gh\hw\ip\prim\rtl\prim_ram_1r1w_adv.sv":17)
Analyzing Verilog file 'C:\Workspace\FPGA\coralnpu-nano20k\bazel\external\lowrisc_opentitan_gh\hw\ip\prim\rtl\prim_ram_1r1w_async_adv.sv'
Analyzing included file 'C:\Workspace\FPGA\coralnpu-nano20k\bazel\external\lowrisc_opentitan_gh\hw\ip\prim\rtl\prim_assert.sv'("C:\Workspace\FPGA\coralnpu-nano20k\bazel\external\lowrisc_opentitan_gh\hw\ip\prim\rtl\prim_ram_1r1w_async_adv.sv":17)
Back to file 'C:\Workspace\FPGA\coralnpu-nano20k\bazel\external\lowrisc_opentitan_gh\hw\ip\prim\rtl\prim_ram_1r1w_async_adv.sv'("C:\Workspace\FPGA\coralnpu-nano20k\bazel\external\lowrisc_opentitan_gh\hw\ip\prim\rtl\prim_ram_1r1w_async_adv.sv":17)
Analyzing Verilog file 'C:\Workspace\FPGA\coralnpu-nano20k\bazel\external\lowrisc_opentitan_gh\hw\ip\prim\rtl\prim_ram_2p_adv.sv'
Analyzing included file 'C:\Workspace\FPGA\coralnpu-nano20k\bazel\external\lowrisc_opentitan_gh\hw\ip\prim\rtl\prim_assert.sv'("C:\Workspace\FPGA\coralnpu-nano20k\bazel\external\lowrisc_opentitan_gh\hw\ip\prim\rtl\prim_ram_2p_adv.sv":17)
Back to file 'C:\Workspace\FPGA\coralnpu-nano20k\bazel\external\lowrisc_opentitan_gh\hw\ip\prim\rtl\prim_ram_2p_adv.sv'("C:\Workspace\FPGA\coralnpu-nano20k\bazel\external\lowrisc_opentitan_gh\hw\ip\prim\rtl\prim_ram_2p_adv.sv":17)
Analyzing Verilog file 'C:\Workspace\FPGA\coralnpu-nano20k\bazel\external\lowrisc_opentitan_gh\hw\ip\prim\rtl\prim_ram_2p_async_adv.sv'
Analyzing included file 'C:\Workspace\FPGA\coralnpu-nano20k\bazel\external\lowrisc_opentitan_gh\hw\ip\prim\rtl\prim_assert.sv'("C:\Workspace\FPGA\coralnpu-nano20k\bazel\external\lowrisc_opentitan_gh\hw\ip\prim\rtl\prim_ram_2p_async_adv.sv":17)
Back to file 'C:\Workspace\FPGA\coralnpu-nano20k\bazel\external\lowrisc_opentitan_gh\hw\ip\prim\rtl\prim_ram_2p_async_adv.sv'("C:\Workspace\FPGA\coralnpu-nano20k\bazel\external\lowrisc_opentitan_gh\hw\ip\prim\rtl\prim_ram_2p_async_adv.sv":17)
Analyzing Verilog file 'C:\Workspace\FPGA\coralnpu-nano20k\bazel\external\lowrisc_opentitan_gh\hw\ip\prim\rtl\prim_reg_cdc.sv'
Analyzing included file 'C:\Workspace\FPGA\coralnpu-nano20k\bazel\external\lowrisc_opentitan_gh\hw\ip\prim\rtl\prim_assert.sv'("C:\Workspace\FPGA\coralnpu-nano20k\bazel\external\lowrisc_opentitan_gh\hw\ip\prim\rtl\prim_reg_cdc.sv":27)
Back to file 'C:\Workspace\FPGA\coralnpu-nano20k\bazel\external\lowrisc_opentitan_gh\hw\ip\prim\rtl\prim_reg_cdc.sv'("C:\Workspace\FPGA\coralnpu-nano20k\bazel\external\lowrisc_opentitan_gh\hw\ip\prim\rtl\prim_reg_cdc.sv":27)
Analyzing Verilog file 'C:\Workspace\FPGA\coralnpu-nano20k\bazel\external\lowrisc_opentitan_gh\hw\ip\prim\rtl\prim_reg_cdc_arb.sv'
Analyzing included file 'C:\Workspace\FPGA\coralnpu-nano20k\bazel\external\lowrisc_opentitan_gh\hw\ip\prim\rtl\prim_assert.sv'("C:\Workspace\FPGA\coralnpu-nano20k\bazel\external\lowrisc_opentitan_gh\hw\ip\prim\rtl\prim_reg_cdc_arb.sv":8)
Back to file 'C:\Workspace\FPGA\coralnpu-nano20k\bazel\external\lowrisc_opentitan_gh\hw\ip\prim\rtl\prim_reg_cdc_arb.sv'("C:\Workspace\FPGA\coralnpu-nano20k\bazel\external\lowrisc_opentitan_gh\hw\ip\prim\rtl\prim_reg_cdc_arb.sv":8)
Analyzing Verilog file 'C:\Workspace\FPGA\coralnpu-nano20k\bazel\external\lowrisc_opentitan_gh\hw\ip\prim\rtl\prim_reg_we_check.sv'
Analyzing included file 'C:\Workspace\FPGA\coralnpu-nano20k\bazel\external\lowrisc_opentitan_gh\hw\ip\prim\rtl\prim_assert.sv'("C:\Workspace\FPGA\coralnpu-nano20k\bazel\external\lowrisc_opentitan_gh\hw\ip\prim\rtl\prim_reg_we_check.sv":9)
Back to file 'C:\Workspace\FPGA\coralnpu-nano20k\bazel\external\lowrisc_opentitan_gh\hw\ip\prim\rtl\prim_reg_we_check.sv'("C:\Workspace\FPGA\coralnpu-nano20k\bazel\external\lowrisc_opentitan_gh\hw\ip\prim\rtl\prim_reg_we_check.sv":9)
Analyzing Verilog file 'C:\Workspace\FPGA\coralnpu-nano20k\bazel\external\lowrisc_opentitan_gh\hw\ip\prim_generic\rtl\prim_rom_pkg.sv'
Analyzing Verilog file 'C:\Workspace\FPGA\coralnpu-nano20k\bazel\external\lowrisc_opentitan_gh\hw\ip\prim\rtl\prim_rom_adv.sv'
Analyzing included file 'C:\Workspace\FPGA\coralnpu-nano20k\bazel\external\lowrisc_opentitan_gh\hw\ip\prim\rtl\prim_assert.sv'("C:\Workspace\FPGA\coralnpu-nano20k\bazel\external\lowrisc_opentitan_gh\hw\ip\prim\rtl\prim_rom_adv.sv":8)
Back to file 'C:\Workspace\FPGA\coralnpu-nano20k\bazel\external\lowrisc_opentitan_gh\hw\ip\prim\rtl\prim_rom_adv.sv'("C:\Workspace\FPGA\coralnpu-nano20k\bazel\external\lowrisc_opentitan_gh\hw\ip\prim\rtl\prim_rom_adv.sv":8)
Analyzing Verilog file 'C:\Workspace\FPGA\coralnpu-nano20k\bazel\external\lowrisc_opentitan_gh\hw\ip\prim\rtl\prim_rst_sync.sv'
Analyzing Verilog file 'C:\Workspace\FPGA\coralnpu-nano20k\bazel\external\lowrisc_opentitan_gh\hw\ip\prim\rtl\prim_sec_anchor_buf.sv'
Analyzing included file 'C:\Workspace\FPGA\coralnpu-nano20k\bazel\external\lowrisc_opentitan_gh\hw\ip\prim\rtl\prim_assert.sv'("C:\Workspace\FPGA\coralnpu-nano20k\bazel\external\lowrisc_opentitan_gh\hw\ip\prim\rtl\prim_sec_anchor_buf.sv":6)
Back to file 'C:\Workspace\FPGA\coralnpu-nano20k\bazel\external\lowrisc_opentitan_gh\hw\ip\prim\rtl\prim_sec_anchor_buf.sv'("C:\Workspace\FPGA\coralnpu-nano20k\bazel\external\lowrisc_opentitan_gh\hw\ip\prim\rtl\prim_sec_anchor_buf.sv":6)
Analyzing Verilog file 'C:\Workspace\FPGA\coralnpu-nano20k\bazel\external\lowrisc_opentitan_gh\hw\ip\prim\rtl\prim_sec_anchor_flop.sv'
Analyzing included file 'C:\Workspace\FPGA\coralnpu-nano20k\bazel\external\lowrisc_opentitan_gh\hw\ip\prim\rtl\prim_assert.sv'("C:\Workspace\FPGA\coralnpu-nano20k\bazel\external\lowrisc_opentitan_gh\hw\ip\prim\rtl\prim_sec_anchor_flop.sv":6)
Back to file 'C:\Workspace\FPGA\coralnpu-nano20k\bazel\external\lowrisc_opentitan_gh\hw\ip\prim\rtl\prim_sec_anchor_flop.sv'("C:\Workspace\FPGA\coralnpu-nano20k\bazel\external\lowrisc_opentitan_gh\hw\ip\prim\rtl\prim_sec_anchor_flop.sv":6)
Analyzing Verilog file 'C:\Workspace\FPGA\coralnpu-nano20k\bazel\external\lowrisc_opentitan_gh\hw\ip\prim\rtl\prim_secded_22_16_dec.sv'
Analyzing Verilog file 'C:\Workspace\FPGA\coralnpu-nano20k\bazel\external\lowrisc_opentitan_gh\hw\ip\prim\rtl\prim_secded_22_16_enc.sv'
Analyzing Verilog file 'C:\Workspace\FPGA\coralnpu-nano20k\bazel\external\lowrisc_opentitan_gh\hw\ip\prim\rtl\prim_secded_28_22_dec.sv'
Analyzing Verilog file 'C:\Workspace\FPGA\coralnpu-nano20k\bazel\external\lowrisc_opentitan_gh\hw\ip\prim\rtl\prim_secded_28_22_enc.sv'
Analyzing Verilog file 'C:\Workspace\FPGA\coralnpu-nano20k\bazel\external\lowrisc_opentitan_gh\hw\ip\prim\rtl\prim_secded_39_32_dec.sv'
Analyzing Verilog file 'C:\Workspace\FPGA\coralnpu-nano20k\bazel\external\lowrisc_opentitan_gh\hw\ip\prim\rtl\prim_secded_39_32_enc.sv'
Analyzing Verilog file 'C:\Workspace\FPGA\coralnpu-nano20k\bazel\external\lowrisc_opentitan_gh\hw\ip\prim\rtl\prim_secded_64_57_dec.sv'
Analyzing Verilog file 'C:\Workspace\FPGA\coralnpu-nano20k\bazel\external\lowrisc_opentitan_gh\hw\ip\prim\rtl\prim_secded_64_57_enc.sv'
Analyzing Verilog file 'C:\Workspace\FPGA\coralnpu-nano20k\bazel\external\lowrisc_opentitan_gh\hw\ip\prim\rtl\prim_secded_72_64_dec.sv'
Analyzing Verilog file 'C:\Workspace\FPGA\coralnpu-nano20k\bazel\external\lowrisc_opentitan_gh\hw\ip\prim\rtl\prim_secded_72_64_enc.sv'
Analyzing Verilog file 'C:\Workspace\FPGA\coralnpu-nano20k\bazel\external\lowrisc_opentitan_gh\hw\ip\prim\rtl\prim_secded_hamming_22_16_dec.sv'
Analyzing Verilog file 'C:\Workspace\FPGA\coralnpu-nano20k\bazel\external\lowrisc_opentitan_gh\hw\ip\prim\rtl\prim_secded_hamming_22_16_enc.sv'
Analyzing Verilog file 'C:\Workspace\FPGA\coralnpu-nano20k\bazel\external\lowrisc_opentitan_gh\hw\ip\prim\rtl\prim_secded_hamming_39_32_dec.sv'
Analyzing Verilog file 'C:\Workspace\FPGA\coralnpu-nano20k\bazel\external\lowrisc_opentitan_gh\hw\ip\prim\rtl\prim_secded_hamming_39_32_enc.sv'
Analyzing Verilog file 'C:\Workspace\FPGA\coralnpu-nano20k\bazel\external\lowrisc_opentitan_gh\hw\ip\prim\rtl\prim_secded_hamming_72_64_dec.sv'
Analyzing Verilog file 'C:\Workspace\FPGA\coralnpu-nano20k\bazel\external\lowrisc_opentitan_gh\hw\ip\prim\rtl\prim_secded_hamming_72_64_enc.sv'
Analyzing Verilog file 'C:\Workspace\FPGA\coralnpu-nano20k\bazel\external\lowrisc_opentitan_gh\hw\ip\prim\rtl\prim_secded_hamming_76_68_dec.sv'
Analyzing Verilog file 'C:\Workspace\FPGA\coralnpu-nano20k\bazel\external\lowrisc_opentitan_gh\hw\ip\prim\rtl\prim_secded_hamming_76_68_enc.sv'
Analyzing Verilog file 'C:\Workspace\FPGA\coralnpu-nano20k\bazel\external\lowrisc_opentitan_gh\hw\ip\prim\rtl\prim_secded_inv_22_16_dec.sv'
Analyzing Verilog file 'C:\Workspace\FPGA\coralnpu-nano20k\bazel\external\lowrisc_opentitan_gh\hw\ip\prim\rtl\prim_secded_inv_22_16_enc.sv'
Analyzing Verilog file 'C:\Workspace\FPGA\coralnpu-nano20k\bazel\external\lowrisc_opentitan_gh\hw\ip\prim\rtl\prim_secded_inv_28_22_dec.sv'
Analyzing Verilog file 'C:\Workspace\FPGA\coralnpu-nano20k\bazel\external\lowrisc_opentitan_gh\hw\ip\prim\rtl\prim_secded_inv_28_22_enc.sv'
Analyzing Verilog file 'C:\Workspace\FPGA\coralnpu-nano20k\bazel\external\lowrisc_opentitan_gh\hw\ip\prim\rtl\prim_secded_inv_39_32_dec.sv'
Analyzing Verilog file 'C:\Workspace\FPGA\coralnpu-nano20k\bazel\external\lowrisc_opentitan_gh\hw\ip\prim\rtl\prim_secded_inv_39_32_enc.sv'
Analyzing Verilog file 'C:\Workspace\FPGA\coralnpu-nano20k\bazel\external\lowrisc_opentitan_gh\hw\ip\prim\rtl\prim_secded_inv_64_57_dec.sv'
Analyzing Verilog file 'C:\Workspace\FPGA\coralnpu-nano20k\bazel\external\lowrisc_opentitan_gh\hw\ip\prim\rtl\prim_secded_inv_64_57_enc.sv'
Analyzing Verilog file 'C:\Workspace\FPGA\coralnpu-nano20k\bazel\external\lowrisc_opentitan_gh\hw\ip\prim\rtl\prim_secded_inv_72_64_dec.sv'
Analyzing Verilog file 'C:\Workspace\FPGA\coralnpu-nano20k\bazel\external\lowrisc_opentitan_gh\hw\ip\prim\rtl\prim_secded_inv_72_64_enc.sv'
Analyzing Verilog file 'C:\Workspace\FPGA\coralnpu-nano20k\bazel\external\lowrisc_opentitan_gh\hw\ip\prim\rtl\prim_secded_inv_hamming_22_16_dec.sv'
Analyzing Verilog file 'C:\Workspace\FPGA\coralnpu-nano20k\bazel\external\lowrisc_opentitan_gh\hw\ip\prim\rtl\prim_secded_inv_hamming_22_16_enc.sv'
Analyzing Verilog file 'C:\Workspace\FPGA\coralnpu-nano20k\bazel\external\lowrisc_opentitan_gh\hw\ip\prim\rtl\prim_secded_inv_hamming_39_32_dec.sv'
Analyzing Verilog file 'C:\Workspace\FPGA\coralnpu-nano20k\bazel\external\lowrisc_opentitan_gh\hw\ip\prim\rtl\prim_secded_inv_hamming_39_32_enc.sv'
Analyzing Verilog file 'C:\Workspace\FPGA\coralnpu-nano20k\bazel\external\lowrisc_opentitan_gh\hw\ip\prim\rtl\prim_secded_inv_hamming_72_64_dec.sv'
Analyzing Verilog file 'C:\Workspace\FPGA\coralnpu-nano20k\bazel\external\lowrisc_opentitan_gh\hw\ip\prim\rtl\prim_secded_inv_hamming_72_64_enc.sv'
Analyzing Verilog file 'C:\Workspace\FPGA\coralnpu-nano20k\bazel\external\lowrisc_opentitan_gh\hw\ip\prim\rtl\prim_secded_inv_hamming_76_68_dec.sv'
Analyzing Verilog file 'C:\Workspace\FPGA\coralnpu-nano20k\bazel\external\lowrisc_opentitan_gh\hw\ip\prim\rtl\prim_secded_inv_hamming_76_68_enc.sv'
Analyzing Verilog file 'C:\Workspace\FPGA\coralnpu-nano20k\bazel\external\lowrisc_opentitan_gh\hw\ip\prim\rtl\prim_sha2_pkg.sv'
Analyzing Verilog file 'C:\Workspace\FPGA\coralnpu-nano20k\bazel\external\lowrisc_opentitan_gh\hw\ip\prim\rtl\prim_sha2.sv'
Analyzing Verilog file 'C:\Workspace\FPGA\coralnpu-nano20k\bazel\external\lowrisc_opentitan_gh\hw\ip\prim\rtl\prim_sha2_32.sv'
Analyzing Verilog file 'C:\Workspace\FPGA\coralnpu-nano20k\bazel\external\lowrisc_opentitan_gh\hw\ip\prim\rtl\prim_sha2_pad.sv'
Analyzing included file 'C:\Workspace\FPGA\coralnpu-nano20k\bazel\external\lowrisc_opentitan_gh\hw\ip\prim\rtl\prim_assert.sv'("C:\Workspace\FPGA\coralnpu-nano20k\bazel\external\lowrisc_opentitan_gh\hw\ip\prim\rtl\prim_sha2_pad.sv":8)
Back to file 'C:\Workspace\FPGA\coralnpu-nano20k\bazel\external\lowrisc_opentitan_gh\hw\ip\prim\rtl\prim_sha2_pad.sv'("C:\Workspace\FPGA\coralnpu-nano20k\bazel\external\lowrisc_opentitan_gh\hw\ip\prim\rtl\prim_sha2_pad.sv":8)
Analyzing Verilog file 'C:\Workspace\FPGA\coralnpu-nano20k\bazel\external\lowrisc_opentitan_gh\hw\ip\prim\rtl\prim_slicer.sv'
Analyzing included file 'C:\Workspace\FPGA\coralnpu-nano20k\bazel\external\lowrisc_opentitan_gh\hw\ip\prim\rtl\prim_assert.sv'("C:\Workspace\FPGA\coralnpu-nano20k\bazel\external\lowrisc_opentitan_gh\hw\ip\prim\rtl\prim_slicer.sv":9)
Back to file 'C:\Workspace\FPGA\coralnpu-nano20k\bazel\external\lowrisc_opentitan_gh\hw\ip\prim\rtl\prim_slicer.sv'("C:\Workspace\FPGA\coralnpu-nano20k\bazel\external\lowrisc_opentitan_gh\hw\ip\prim\rtl\prim_slicer.sv":9)
Analyzing Verilog file 'C:\Workspace\FPGA\coralnpu-nano20k\bazel\external\lowrisc_opentitan_gh\hw\ip\prim\rtl\prim_sparse_fsm_flop.sv'
Analyzing included file 'C:\Workspace\FPGA\coralnpu-nano20k\bazel\external\lowrisc_opentitan_gh\hw\ip\prim\rtl\prim_assert.sv'("C:\Workspace\FPGA\coralnpu-nano20k\bazel\external\lowrisc_opentitan_gh\hw\ip\prim\rtl\prim_sparse_fsm_flop.sv":6)
Back to file 'C:\Workspace\FPGA\coralnpu-nano20k\bazel\external\lowrisc_opentitan_gh\hw\ip\prim\rtl\prim_sparse_fsm_flop.sv'("C:\Workspace\FPGA\coralnpu-nano20k\bazel\external\lowrisc_opentitan_gh\hw\ip\prim\rtl\prim_sparse_fsm_flop.sv":6)
Analyzing Verilog file 'C:\Workspace\FPGA\coralnpu-nano20k\bazel\external\lowrisc_opentitan_gh\hw\ip\prim\rtl\prim_sram_arbiter.sv'
Analyzing included file 'C:\Workspace\FPGA\coralnpu-nano20k\bazel\external\lowrisc_opentitan_gh\hw\ip\prim\rtl\prim_assert.sv'("C:\Workspace\FPGA\coralnpu-nano20k\bazel\external\lowrisc_opentitan_gh\hw\ip\prim\rtl\prim_sram_arbiter.sv":13)
Back to file 'C:\Workspace\FPGA\coralnpu-nano20k\bazel\external\lowrisc_opentitan_gh\hw\ip\prim\rtl\prim_sram_arbiter.sv'("C:\Workspace\FPGA\coralnpu-nano20k\bazel\external\lowrisc_opentitan_gh\hw\ip\prim\rtl\prim_sram_arbiter.sv":13)
Analyzing Verilog file 'C:\Workspace\FPGA\coralnpu-nano20k\bazel\external\lowrisc_opentitan_gh\hw\ip\prim\rtl\prim_subreg.sv'
Analyzing Verilog file 'C:\Workspace\FPGA\coralnpu-nano20k\bazel\external\lowrisc_opentitan_gh\hw\ip\prim\rtl\prim_subreg_arb.sv'
Analyzing Verilog file 'C:\Workspace\FPGA\coralnpu-nano20k\bazel\external\lowrisc_opentitan_gh\hw\ip\prim\rtl\prim_subreg_ext.sv'
Analyzing Verilog file 'C:\Workspace\FPGA\coralnpu-nano20k\bazel\external\lowrisc_opentitan_gh\hw\ip\prim\rtl\prim_subreg_shadow.sv'
Analyzing included file 'C:\Workspace\FPGA\coralnpu-nano20k\bazel\external\lowrisc_opentitan_gh\hw\ip\prim\rtl\prim_assert.sv'("C:\Workspace\FPGA\coralnpu-nano20k\bazel\external\lowrisc_opentitan_gh\hw\ip\prim\rtl\prim_subreg_shadow.sv":8)
Back to file 'C:\Workspace\FPGA\coralnpu-nano20k\bazel\external\lowrisc_opentitan_gh\hw\ip\prim\rtl\prim_subreg_shadow.sv'("C:\Workspace\FPGA\coralnpu-nano20k\bazel\external\lowrisc_opentitan_gh\hw\ip\prim\rtl\prim_subreg_shadow.sv":8)
Analyzing Verilog file 'C:\Workspace\FPGA\coralnpu-nano20k\bazel\external\lowrisc_opentitan_gh\hw\ip\prim\rtl\prim_subst_perm.sv'
Analyzing Verilog file 'C:\Workspace\FPGA\coralnpu-nano20k\bazel\external\lowrisc_opentitan_gh\hw\ip\prim\rtl\prim_sum_tree.sv'
Analyzing included file 'C:\Workspace\FPGA\coralnpu-nano20k\bazel\external\lowrisc_opentitan_gh\hw\ip\prim\rtl\prim_assert.sv'("C:\Workspace\FPGA\coralnpu-nano20k\bazel\external\lowrisc_opentitan_gh\hw\ip\prim\rtl\prim_sum_tree.sv":14)
Back to file 'C:\Workspace\FPGA\coralnpu-nano20k\bazel\external\lowrisc_opentitan_gh\hw\ip\prim\rtl\prim_sum_tree.sv'("C:\Workspace\FPGA\coralnpu-nano20k\bazel\external\lowrisc_opentitan_gh\hw\ip\prim\rtl\prim_sum_tree.sv":14)
Analyzing Verilog file 'C:\Workspace\FPGA\coralnpu-nano20k\bazel\external\lowrisc_opentitan_gh\hw\ip\prim\rtl\prim_sync_reqack.sv'
Analyzing included file 'C:\Workspace\FPGA\coralnpu-nano20k\bazel\external\lowrisc_opentitan_gh\hw\ip\prim\rtl\prim_assert.sv'("C:\Workspace\FPGA\coralnpu-nano20k\bazel\external\lowrisc_opentitan_gh\hw\ip\prim\rtl\prim_sync_reqack.sv":33)
Back to file 'C:\Workspace\FPGA\coralnpu-nano20k\bazel\external\lowrisc_opentitan_gh\hw\ip\prim\rtl\prim_sync_reqack.sv'("C:\Workspace\FPGA\coralnpu-nano20k\bazel\external\lowrisc_opentitan_gh\hw\ip\prim\rtl\prim_sync_reqack.sv":33)
Analyzing Verilog file 'C:\Workspace\FPGA\coralnpu-nano20k\bazel\external\lowrisc_opentitan_gh\hw\ip\prim\rtl\prim_sync_reqack_data.sv'
Analyzing included file 'C:\Workspace\FPGA\coralnpu-nano20k\bazel\external\lowrisc_opentitan_gh\hw\ip\prim\rtl\prim_assert.sv'("C:\Workspace\FPGA\coralnpu-nano20k\bazel\external\lowrisc_opentitan_gh\hw\ip\prim\rtl\prim_sync_reqack_data.sv":18)
Back to file 'C:\Workspace\FPGA\coralnpu-nano20k\bazel\external\lowrisc_opentitan_gh\hw\ip\prim\rtl\prim_sync_reqack_data.sv'("C:\Workspace\FPGA\coralnpu-nano20k\bazel\external\lowrisc_opentitan_gh\hw\ip\prim\rtl\prim_sync_reqack_data.sv":18)
Analyzing Verilog file 'C:\Workspace\FPGA\coralnpu-nano20k\bazel\external\lowrisc_opentitan_gh\hw\ip\prim\rtl\prim_sync_slow_fast.sv'
Analyzing Verilog file 'C:\Workspace\FPGA\coralnpu-nano20k\bazel\external\lowrisc_opentitan_gh\hw\ip\prim\rtl\prim_trivium.sv'
Analyzing included file 'C:\Workspace\FPGA\coralnpu-nano20k\bazel\external\lowrisc_opentitan_gh\hw\ip\prim\rtl\prim_assert.sv'("C:\Workspace\FPGA\coralnpu-nano20k\bazel\external\lowrisc_opentitan_gh\hw\ip\prim\rtl\prim_trivium.sv":58)
Back to file 'C:\Workspace\FPGA\coralnpu-nano20k\bazel\external\lowrisc_opentitan_gh\hw\ip\prim\rtl\prim_trivium.sv'("C:\Workspace\FPGA\coralnpu-nano20k\bazel\external\lowrisc_opentitan_gh\hw\ip\prim\rtl\prim_trivium.sv":58)
Analyzing Verilog file 'C:\Workspace\FPGA\coralnpu-nano20k\bazel\external\lowrisc_opentitan_gh\hw\ip\prim\rtl\prim_xoshiro256pp.sv'
Analyzing included file 'C:\Workspace\FPGA\coralnpu-nano20k\bazel\external\lowrisc_opentitan_gh\hw\ip\prim\rtl\prim_assert.sv'("C:\Workspace\FPGA\coralnpu-nano20k\bazel\external\lowrisc_opentitan_gh\hw\ip\prim\rtl\prim_xoshiro256pp.sv":16)
Back to file 'C:\Workspace\FPGA\coralnpu-nano20k\bazel\external\lowrisc_opentitan_gh\hw\ip\prim\rtl\prim_xoshiro256pp.sv'("C:\Workspace\FPGA\coralnpu-nano20k\bazel\external\lowrisc_opentitan_gh\hw\ip\prim\rtl\prim_xoshiro256pp.sv":16)
Analyzing Verilog file 'C:\Workspace\FPGA\coralnpu-nano20k\bazel\external\lowrisc_opentitan_gh\hw\ip\prim_generic\rtl\prim_and2.sv'
Analyzing included file 'C:\Workspace\FPGA\coralnpu-nano20k\bazel\external\lowrisc_opentitan_gh\hw\ip\prim\rtl\prim_assert.sv'("C:\Workspace\FPGA\coralnpu-nano20k\bazel\external\lowrisc_opentitan_gh\hw\ip\prim_generic\rtl\prim_and2.sv":6)
Back to file 'C:\Workspace\FPGA\coralnpu-nano20k\bazel\external\lowrisc_opentitan_gh\hw\ip\prim_generic\rtl\prim_and2.sv'("C:\Workspace\FPGA\coralnpu-nano20k\bazel\external\lowrisc_opentitan_gh\hw\ip\prim_generic\rtl\prim_and2.sv":6)
Analyzing Verilog file 'C:\Workspace\FPGA\coralnpu-nano20k\bazel\external\lowrisc_opentitan_gh\hw\ip\prim_generic\rtl\prim_buf.sv'
Analyzing included file 'C:\Workspace\FPGA\coralnpu-nano20k\bazel\external\lowrisc_opentitan_gh\hw\ip\prim\rtl\prim_assert.sv'("C:\Workspace\FPGA\coralnpu-nano20k\bazel\external\lowrisc_opentitan_gh\hw\ip\prim_generic\rtl\prim_buf.sv":6)
Back to file 'C:\Workspace\FPGA\coralnpu-nano20k\bazel\external\lowrisc_opentitan_gh\hw\ip\prim_generic\rtl\prim_buf.sv'("C:\Workspace\FPGA\coralnpu-nano20k\bazel\external\lowrisc_opentitan_gh\hw\ip\prim_generic\rtl\prim_buf.sv":6)
Analyzing Verilog file 'C:\Workspace\FPGA\coralnpu-nano20k\bazel\external\lowrisc_opentitan_gh\hw\ip\prim_generic\rtl\prim_clock_buf.sv'
Analyzing included file 'C:\Workspace\FPGA\coralnpu-nano20k\bazel\external\lowrisc_opentitan_gh\hw\ip\prim\rtl\prim_assert.sv'("C:\Workspace\FPGA\coralnpu-nano20k\bazel\external\lowrisc_opentitan_gh\hw\ip\prim_generic\rtl\prim_clock_buf.sv":6)
Back to file 'C:\Workspace\FPGA\coralnpu-nano20k\bazel\external\lowrisc_opentitan_gh\hw\ip\prim_generic\rtl\prim_clock_buf.sv'("C:\Workspace\FPGA\coralnpu-nano20k\bazel\external\lowrisc_opentitan_gh\hw\ip\prim_generic\rtl\prim_clock_buf.sv":6)
Analyzing Verilog file 'C:\Workspace\FPGA\coralnpu-nano20k\bazel\external\lowrisc_opentitan_gh\hw\ip\prim_generic\rtl\prim_clock_div.sv'
Analyzing included file 'C:\Workspace\FPGA\coralnpu-nano20k\bazel\external\lowrisc_opentitan_gh\hw\ip\prim\rtl\prim_assert.sv'("C:\Workspace\FPGA\coralnpu-nano20k\bazel\external\lowrisc_opentitan_gh\hw\ip\prim_generic\rtl\prim_clock_div.sv":6)
Back to file 'C:\Workspace\FPGA\coralnpu-nano20k\bazel\external\lowrisc_opentitan_gh\hw\ip\prim_generic\rtl\prim_clock_div.sv'("C:\Workspace\FPGA\coralnpu-nano20k\bazel\external\lowrisc_opentitan_gh\hw\ip\prim_generic\rtl\prim_clock_div.sv":6)
Analyzing Verilog file 'C:\Workspace\FPGA\coralnpu-nano20k\bazel\external\lowrisc_opentitan_gh\hw\ip\prim_generic\rtl\prim_clock_gating.sv'
Analyzing Verilog file 'C:\Workspace\FPGA\coralnpu-nano20k\bazel\external\lowrisc_opentitan_gh\hw\ip\prim_generic\rtl\prim_clock_inv.sv'
Analyzing Verilog file 'C:\Workspace\FPGA\coralnpu-nano20k\bazel\external\lowrisc_opentitan_gh\hw\ip\prim_generic\rtl\prim_clock_mux2.sv'
Analyzing included file 'C:\Workspace\FPGA\coralnpu-nano20k\bazel\external\lowrisc_opentitan_gh\hw\ip\prim\rtl\prim_assert.sv'("C:\Workspace\FPGA\coralnpu-nano20k\bazel\external\lowrisc_opentitan_gh\hw\ip\prim_generic\rtl\prim_clock_mux2.sv":6)
Back to file 'C:\Workspace\FPGA\coralnpu-nano20k\bazel\external\lowrisc_opentitan_gh\hw\ip\prim_generic\rtl\prim_clock_mux2.sv'("C:\Workspace\FPGA\coralnpu-nano20k\bazel\external\lowrisc_opentitan_gh\hw\ip\prim_generic\rtl\prim_clock_mux2.sv":6)
Analyzing Verilog file 'C:\Workspace\FPGA\coralnpu-nano20k\bazel\external\lowrisc_opentitan_gh\hw\top_earlgrey\ip_autogen\flash_ctrl\rtl\flash_ctrl_reg_pkg.sv'
Analyzing Verilog file 'C:\Workspace\FPGA\coralnpu-nano20k\bazel\external\lowrisc_opentitan_gh\hw\top_earlgrey\ip_autogen\flash_ctrl\rtl\flash_ctrl_top_specific_pkg.sv'
Analyzing Verilog file 'C:\Workspace\FPGA\coralnpu-nano20k\bazel\external\lowrisc_opentitan_gh\hw\top_earlgrey\ip_autogen\flash_ctrl\rtl\flash_phy_pkg.sv'
Analyzing Verilog file 'C:\Workspace\FPGA\coralnpu-nano20k\bazel\external\lowrisc_opentitan_gh\hw\ip\prim_generic\rtl\prim_flash.sv'
Analyzing Verilog file 'C:\Workspace\FPGA\coralnpu-nano20k\bazel\external\lowrisc_opentitan_gh\hw\ip\prim_generic\rtl\prim_flop.sv'
Analyzing included file 'C:\Workspace\FPGA\coralnpu-nano20k\bazel\external\lowrisc_opentitan_gh\hw\ip\prim\rtl\prim_assert.sv'("C:\Workspace\FPGA\coralnpu-nano20k\bazel\external\lowrisc_opentitan_gh\hw\ip\prim_generic\rtl\prim_flop.sv":6)
Back to file 'C:\Workspace\FPGA\coralnpu-nano20k\bazel\external\lowrisc_opentitan_gh\hw\ip\prim_generic\rtl\prim_flop.sv'("C:\Workspace\FPGA\coralnpu-nano20k\bazel\external\lowrisc_opentitan_gh\hw\ip\prim_generic\rtl\prim_flop.sv":6)
Analyzing Verilog file 'C:\Workspace\FPGA\coralnpu-nano20k\bazel\external\lowrisc_opentitan_gh\hw\ip\prim_generic\rtl\prim_flop_2sync.sv'
Analyzing Verilog file 'C:\Workspace\FPGA\coralnpu-nano20k\bazel\external\lowrisc_opentitan_gh\hw\ip\prim_generic\rtl\prim_flop_en.sv'
Analyzing included file 'C:\Workspace\FPGA\coralnpu-nano20k\bazel\external\lowrisc_opentitan_gh\hw\ip\prim\rtl\prim_assert.sv'("C:\Workspace\FPGA\coralnpu-nano20k\bazel\external\lowrisc_opentitan_gh\hw\ip\prim_generic\rtl\prim_flop_en.sv":6)
Back to file 'C:\Workspace\FPGA\coralnpu-nano20k\bazel\external\lowrisc_opentitan_gh\hw\ip\prim_generic\rtl\prim_flop_en.sv'("C:\Workspace\FPGA\coralnpu-nano20k\bazel\external\lowrisc_opentitan_gh\hw\ip\prim_generic\rtl\prim_flop_en.sv":6)
Analyzing Verilog file 'C:\Workspace\FPGA\coralnpu-nano20k\bazel\external\lowrisc_opentitan_gh\hw\ip\prim_generic\rtl\prim_flop_no_rst.sv'
Analyzing included file 'C:\Workspace\FPGA\coralnpu-nano20k\bazel\external\lowrisc_opentitan_gh\hw\ip\prim\rtl\prim_assert.sv'("C:\Workspace\FPGA\coralnpu-nano20k\bazel\external\lowrisc_opentitan_gh\hw\ip\prim_generic\rtl\prim_flop_no_rst.sv":6)
Back to file 'C:\Workspace\FPGA\coralnpu-nano20k\bazel\external\lowrisc_opentitan_gh\hw\ip\prim_generic\rtl\prim_flop_no_rst.sv'("C:\Workspace\FPGA\coralnpu-nano20k\bazel\external\lowrisc_opentitan_gh\hw\ip\prim_generic\rtl\prim_flop_no_rst.sv":6)
Analyzing Verilog file 'C:\Workspace\FPGA\coralnpu-nano20k\bazel\external\lowrisc_opentitan_gh\hw\ip\prim_generic\rtl\prim_generic_flash_bank.sv'
Analyzing Verilog file 'C:\Workspace\FPGA\coralnpu-nano20k\bazel\external\lowrisc_opentitan_gh\hw\ip\prim_generic\rtl\prim_pad_attr.sv'
Analyzing included file 'C:\Workspace\FPGA\coralnpu-nano20k\bazel\external\lowrisc_opentitan_gh\hw\ip\prim\rtl\prim_assert.sv'("C:\Workspace\FPGA\coralnpu-nano20k\bazel\external\lowrisc_opentitan_gh\hw\ip\prim_generic\rtl\prim_pad_attr.sv":7)
Back to file 'C:\Workspace\FPGA\coralnpu-nano20k\bazel\external\lowrisc_opentitan_gh\hw\ip\prim_generic\rtl\prim_pad_attr.sv'("C:\Workspace\FPGA\coralnpu-nano20k\bazel\external\lowrisc_opentitan_gh\hw\ip\prim_generic\rtl\prim_pad_attr.sv":7)
Analyzing Verilog file 'C:\Workspace\FPGA\coralnpu-nano20k\bazel\external\lowrisc_opentitan_gh\hw\ip\prim_generic\rtl\prim_pad_wrapper.sv'
Analyzing included file 'C:\Workspace\FPGA\coralnpu-nano20k\bazel\external\lowrisc_opentitan_gh\hw\ip\prim\rtl\prim_assert.sv'("C:\Workspace\FPGA\coralnpu-nano20k\bazel\external\lowrisc_opentitan_gh\hw\ip\prim_generic\rtl\prim_pad_wrapper.sv":9)
Back to file 'C:\Workspace\FPGA\coralnpu-nano20k\bazel\external\lowrisc_opentitan_gh\hw\ip\prim_generic\rtl\prim_pad_wrapper.sv'("C:\Workspace\FPGA\coralnpu-nano20k\bazel\external\lowrisc_opentitan_gh\hw\ip\prim_generic\rtl\prim_pad_wrapper.sv":9)
Analyzing Verilog file 'C:\Workspace\FPGA\coralnpu-nano20k\bazel\external\lowrisc_opentitan_gh\hw\ip\prim_generic\rtl\prim_ram_1p.sv'
Analyzing included file 'C:\Workspace\FPGA\coralnpu-nano20k\bazel\external\lowrisc_opentitan_gh\hw\ip\prim\rtl\prim_assert.sv'("C:\Workspace\FPGA\coralnpu-nano20k\bazel\external\lowrisc_opentitan_gh\hw\ip\prim_generic\rtl\prim_ram_1p.sv":8)
Back to file 'C:\Workspace\FPGA\coralnpu-nano20k\bazel\external\lowrisc_opentitan_gh\hw\ip\prim_generic\rtl\prim_ram_1p.sv'("C:\Workspace\FPGA\coralnpu-nano20k\bazel\external\lowrisc_opentitan_gh\hw\ip\prim_generic\rtl\prim_ram_1p.sv":8)
Analyzing included file 'C:\Workspace\FPGA\coralnpu-nano20k\bazel\external\lowrisc_opentitan_gh\hw\ip\prim\rtl\prim_util_memload.svh'("C:\Workspace\FPGA\coralnpu-nano20k\bazel\external\lowrisc_opentitan_gh\hw\ip\prim_generic\rtl\prim_ram_1p.sv":81)
Back to file 'C:\Workspace\FPGA\coralnpu-nano20k\bazel\external\lowrisc_opentitan_gh\hw\ip\prim_generic\rtl\prim_ram_1p.sv'("C:\Workspace\FPGA\coralnpu-nano20k\bazel\external\lowrisc_opentitan_gh\hw\ip\prim_generic\rtl\prim_ram_1p.sv":81)
Analyzing Verilog file 'C:\Workspace\FPGA\coralnpu-nano20k\bazel\external\lowrisc_opentitan_gh\hw\ip\prim_generic\rtl\prim_ram_1r1w.sv'
Analyzing included file 'C:\Workspace\FPGA\coralnpu-nano20k\bazel\external\lowrisc_opentitan_gh\hw\ip\prim\rtl\prim_assert.sv'("C:\Workspace\FPGA\coralnpu-nano20k\bazel\external\lowrisc_opentitan_gh\hw\ip\prim_generic\rtl\prim_ram_1r1w.sv":9)
Back to file 'C:\Workspace\FPGA\coralnpu-nano20k\bazel\external\lowrisc_opentitan_gh\hw\ip\prim_generic\rtl\prim_ram_1r1w.sv'("C:\Workspace\FPGA\coralnpu-nano20k\bazel\external\lowrisc_opentitan_gh\hw\ip\prim_generic\rtl\prim_ram_1r1w.sv":9)
Analyzing included file 'C:\Workspace\FPGA\coralnpu-nano20k\bazel\external\lowrisc_opentitan_gh\hw\ip\prim\rtl\prim_util_memload.svh'("C:\Workspace\FPGA\coralnpu-nano20k\bazel\external\lowrisc_opentitan_gh\hw\ip\prim_generic\rtl\prim_ram_1r1w.sv":87)
Back to file 'C:\Workspace\FPGA\coralnpu-nano20k\bazel\external\lowrisc_opentitan_gh\hw\ip\prim_generic\rtl\prim_ram_1r1w.sv'("C:\Workspace\FPGA\coralnpu-nano20k\bazel\external\lowrisc_opentitan_gh\hw\ip\prim_generic\rtl\prim_ram_1r1w.sv":87)
Analyzing Verilog file 'C:\Workspace\FPGA\coralnpu-nano20k\bazel\external\lowrisc_opentitan_gh\hw\ip\prim_generic\rtl\prim_ram_2p.sv'
Analyzing included file 'C:\Workspace\FPGA\coralnpu-nano20k\bazel\external\lowrisc_opentitan_gh\hw\ip\prim\rtl\prim_assert.sv'("C:\Workspace\FPGA\coralnpu-nano20k\bazel\external\lowrisc_opentitan_gh\hw\ip\prim_generic\rtl\prim_ram_2p.sv":9)
Back to file 'C:\Workspace\FPGA\coralnpu-nano20k\bazel\external\lowrisc_opentitan_gh\hw\ip\prim_generic\rtl\prim_ram_2p.sv'("C:\Workspace\FPGA\coralnpu-nano20k\bazel\external\lowrisc_opentitan_gh\hw\ip\prim_generic\rtl\prim_ram_2p.sv":9)
Analyzing included file 'C:\Workspace\FPGA\coralnpu-nano20k\bazel\external\lowrisc_opentitan_gh\hw\ip\prim\rtl\prim_util_memload.svh'("C:\Workspace\FPGA\coralnpu-nano20k\bazel\external\lowrisc_opentitan_gh\hw\ip\prim_generic\rtl\prim_ram_2p.sv":108)
Back to file 'C:\Workspace\FPGA\coralnpu-nano20k\bazel\external\lowrisc_opentitan_gh\hw\ip\prim_generic\rtl\prim_ram_2p.sv'("C:\Workspace\FPGA\coralnpu-nano20k\bazel\external\lowrisc_opentitan_gh\hw\ip\prim_generic\rtl\prim_ram_2p.sv":108)
Analyzing Verilog file 'C:\Workspace\FPGA\coralnpu-nano20k\bazel\external\lowrisc_opentitan_gh\hw\ip\prim_generic\rtl\prim_rom.sv'
Analyzing included file 'C:\Workspace\FPGA\coralnpu-nano20k\bazel\external\lowrisc_opentitan_gh\hw\ip\prim\rtl\prim_assert.sv'("C:\Workspace\FPGA\coralnpu-nano20k\bazel\external\lowrisc_opentitan_gh\hw\ip\prim_generic\rtl\prim_rom.sv":6)
Back to file 'C:\Workspace\FPGA\coralnpu-nano20k\bazel\external\lowrisc_opentitan_gh\hw\ip\prim_generic\rtl\prim_rom.sv'("C:\Workspace\FPGA\coralnpu-nano20k\bazel\external\lowrisc_opentitan_gh\hw\ip\prim_generic\rtl\prim_rom.sv":6)
Analyzing included file 'C:\Workspace\FPGA\coralnpu-nano20k\bazel\external\lowrisc_opentitan_gh\hw\ip\prim\rtl\prim_util_memload.svh'("C:\Workspace\FPGA\coralnpu-nano20k\bazel\external\lowrisc_opentitan_gh\hw\ip\prim_generic\rtl\prim_rom.sv":34)
Back to file 'C:\Workspace\FPGA\coralnpu-nano20k\bazel\external\lowrisc_opentitan_gh\hw\ip\prim_generic\rtl\prim_rom.sv'("C:\Workspace\FPGA\coralnpu-nano20k\bazel\external\lowrisc_opentitan_gh\hw\ip\prim_generic\rtl\prim_rom.sv":34)
Analyzing Verilog file 'C:\Workspace\FPGA\coralnpu-nano20k\bazel\external\lowrisc_opentitan_gh\hw\ip\prim_generic\rtl\prim_usb_diff_rx.sv'
Analyzing included file 'C:\Workspace\FPGA\coralnpu-nano20k\bazel\external\lowrisc_opentitan_gh\hw\ip\prim\rtl\prim_assert.sv'("C:\Workspace\FPGA\coralnpu-nano20k\bazel\external\lowrisc_opentitan_gh\hw\ip\prim_generic\rtl\prim_usb_diff_rx.sv":9)
Back to file 'C:\Workspace\FPGA\coralnpu-nano20k\bazel\external\lowrisc_opentitan_gh\hw\ip\prim_generic\rtl\prim_usb_diff_rx.sv'("C:\Workspace\FPGA\coralnpu-nano20k\bazel\external\lowrisc_opentitan_gh\hw\ip\prim_generic\rtl\prim_usb_diff_rx.sv":9)
Analyzing Verilog file 'C:\Workspace\FPGA\coralnpu-nano20k\bazel\external\lowrisc_opentitan_gh\hw\ip\prim_generic\rtl\prim_xnor2.sv'
Analyzing included file 'C:\Workspace\FPGA\coralnpu-nano20k\bazel\external\lowrisc_opentitan_gh\hw\ip\prim\rtl\prim_assert.sv'("C:\Workspace\FPGA\coralnpu-nano20k\bazel\external\lowrisc_opentitan_gh\hw\ip\prim_generic\rtl\prim_xnor2.sv":6)
Back to file 'C:\Workspace\FPGA\coralnpu-nano20k\bazel\external\lowrisc_opentitan_gh\hw\ip\prim_generic\rtl\prim_xnor2.sv'("C:\Workspace\FPGA\coralnpu-nano20k\bazel\external\lowrisc_opentitan_gh\hw\ip\prim_generic\rtl\prim_xnor2.sv":6)
Analyzing Verilog file 'C:\Workspace\FPGA\coralnpu-nano20k\bazel\external\lowrisc_opentitan_gh\hw\ip\prim_generic\rtl\prim_xor2.sv'
Analyzing included file 'C:\Workspace\FPGA\coralnpu-nano20k\bazel\external\lowrisc_opentitan_gh\hw\ip\prim\rtl\prim_assert.sv'("C:\Workspace\FPGA\coralnpu-nano20k\bazel\external\lowrisc_opentitan_gh\hw\ip\prim_generic\rtl\prim_xor2.sv":6)
Back to file 'C:\Workspace\FPGA\coralnpu-nano20k\bazel\external\lowrisc_opentitan_gh\hw\ip\prim_generic\rtl\prim_xor2.sv'("C:\Workspace\FPGA\coralnpu-nano20k\bazel\external\lowrisc_opentitan_gh\hw\ip\prim_generic\rtl\prim_xor2.sv":6)
Analyzing Verilog file 'C:\Workspace\FPGA\coralnpu-nano20k\bazel\external\lowrisc_opentitan_gh\hw\ip\rom_ctrl\rtl\rom_ctrl_reg_pkg.sv'
Analyzing Verilog file 'C:\Workspace\FPGA\coralnpu-nano20k\bazel\external\lowrisc_opentitan_gh\hw\ip\rom_ctrl\rtl\rom_ctrl.sv'
Analyzing included file 'C:\Workspace\FPGA\coralnpu-nano20k\bazel\external\lowrisc_opentitan_gh\hw\ip\prim\rtl\prim_assert.sv'("C:\Workspace\FPGA\coralnpu-nano20k\bazel\external\lowrisc_opentitan_gh\hw\ip\rom_ctrl\rtl\rom_ctrl.sv":6)
Back to file 'C:\Workspace\FPGA\coralnpu-nano20k\bazel\external\lowrisc_opentitan_gh\hw\ip\rom_ctrl\rtl\rom_ctrl.sv'("C:\Workspace\FPGA\coralnpu-nano20k\bazel\external\lowrisc_opentitan_gh\hw\ip\rom_ctrl\rtl\rom_ctrl.sv":6)
Analyzing Verilog file 'C:\Workspace\FPGA\coralnpu-nano20k\bazel\external\lowrisc_opentitan_gh\hw\ip\rom_ctrl\rtl\rom_ctrl_compare.sv'
Analyzing included file 'C:\Workspace\FPGA\coralnpu-nano20k\bazel\external\lowrisc_opentitan_gh\hw\ip\prim\rtl\prim_assert.sv'("C:\Workspace\FPGA\coralnpu-nano20k\bazel\external\lowrisc_opentitan_gh\hw\ip\rom_ctrl\rtl\rom_ctrl_compare.sv":13)
Back to file 'C:\Workspace\FPGA\coralnpu-nano20k\bazel\external\lowrisc_opentitan_gh\hw\ip\rom_ctrl\rtl\rom_ctrl_compare.sv'("C:\Workspace\FPGA\coralnpu-nano20k\bazel\external\lowrisc_opentitan_gh\hw\ip\rom_ctrl\rtl\rom_ctrl_compare.sv":13)
Analyzing Verilog file 'C:\Workspace\FPGA\coralnpu-nano20k\bazel\external\lowrisc_opentitan_gh\hw\ip\rom_ctrl\rtl\rom_ctrl_counter.sv'
Analyzing included file 'C:\Workspace\FPGA\coralnpu-nano20k\bazel\external\lowrisc_opentitan_gh\hw\ip\prim\rtl\prim_assert.sv'("C:\Workspace\FPGA\coralnpu-nano20k\bazel\external\lowrisc_opentitan_gh\hw\ip\rom_ctrl\rtl\rom_ctrl_counter.sv":32)
Back to file 'C:\Workspace\FPGA\coralnpu-nano20k\bazel\external\lowrisc_opentitan_gh\hw\ip\rom_ctrl\rtl\rom_ctrl_counter.sv'("C:\Workspace\FPGA\coralnpu-nano20k\bazel\external\lowrisc_opentitan_gh\hw\ip\rom_ctrl\rtl\rom_ctrl_counter.sv":32)
Analyzing Verilog file 'C:\Workspace\FPGA\coralnpu-nano20k\bazel\external\lowrisc_opentitan_gh\hw\ip\rom_ctrl\rtl\rom_ctrl_fsm.sv'
Analyzing included file 'C:\Workspace\FPGA\coralnpu-nano20k\bazel\external\lowrisc_opentitan_gh\hw\ip\prim\rtl\prim_assert.sv'("C:\Workspace\FPGA\coralnpu-nano20k\bazel\external\lowrisc_opentitan_gh\hw\ip\rom_ctrl\rtl\rom_ctrl_fsm.sv":46)
Back to file 'C:\Workspace\FPGA\coralnpu-nano20k\bazel\external\lowrisc_opentitan_gh\hw\ip\rom_ctrl\rtl\rom_ctrl_fsm.sv'("C:\Workspace\FPGA\coralnpu-nano20k\bazel\external\lowrisc_opentitan_gh\hw\ip\rom_ctrl\rtl\rom_ctrl_fsm.sv":46)
Analyzing Verilog file 'C:\Workspace\FPGA\coralnpu-nano20k\bazel\external\lowrisc_opentitan_gh\hw\ip\rom_ctrl\rtl\rom_ctrl_mux.sv'
Analyzing Verilog file 'C:\Workspace\FPGA\coralnpu-nano20k\bazel\external\lowrisc_opentitan_gh\hw\ip\rom_ctrl\rtl\rom_ctrl_regs_reg_top.sv'
Analyzing included file 'C:\Workspace\FPGA\coralnpu-nano20k\bazel\external\lowrisc_opentitan_gh\hw\ip\prim\rtl\prim_assert.sv'("C:\Workspace\FPGA\coralnpu-nano20k\bazel\external\lowrisc_opentitan_gh\hw\ip\rom_ctrl\rtl\rom_ctrl_regs_reg_top.sv":8)
Back to file 'C:\Workspace\FPGA\coralnpu-nano20k\bazel\external\lowrisc_opentitan_gh\hw\ip\rom_ctrl\rtl\rom_ctrl_regs_reg_top.sv'("C:\Workspace\FPGA\coralnpu-nano20k\bazel\external\lowrisc_opentitan_gh\hw\ip\rom_ctrl\rtl\rom_ctrl_regs_reg_top.sv":8)
Analyzing Verilog file 'C:\Workspace\FPGA\coralnpu-nano20k\bazel\external\lowrisc_opentitan_gh\hw\ip\rom_ctrl\rtl\rom_ctrl_scrambled_rom.sv'
Analyzing included file 'C:\Workspace\FPGA\coralnpu-nano20k\bazel\external\lowrisc_opentitan_gh\hw\ip\prim\rtl\prim_assert.sv'("C:\Workspace\FPGA\coralnpu-nano20k\bazel\external\lowrisc_opentitan_gh\hw\ip\rom_ctrl\rtl\rom_ctrl_scrambled_rom.sv":6)
Back to file 'C:\Workspace\FPGA\coralnpu-nano20k\bazel\external\lowrisc_opentitan_gh\hw\ip\rom_ctrl\rtl\rom_ctrl_scrambled_rom.sv'("C:\Workspace\FPGA\coralnpu-nano20k\bazel\external\lowrisc_opentitan_gh\hw\ip\rom_ctrl\rtl\rom_ctrl_scrambled_rom.sv":6)
Analyzing Verilog file 'C:\Workspace\FPGA\coralnpu-nano20k\bazel\external\lowrisc_opentitan_gh\hw\vendor\lowrisc_ibex\rtl\ibex_pkg.sv'
Analyzing Verilog file 'C:\Workspace\FPGA\coralnpu-nano20k\bazel\external\lowrisc_opentitan_gh\hw\ip\rv_core_ibex\rtl\rv_core_ibex_pkg.sv'
Analyzing Verilog file 'C:\Workspace\FPGA\coralnpu-nano20k\bazel\external\lowrisc_opentitan_gh\hw\ip\rv_dm\rtl\rv_dm_reg_pkg.sv'
Analyzing Verilog file 'C:\Workspace\FPGA\coralnpu-nano20k\bazel\external\lowrisc_opentitan_gh\hw\ip\rv_dm\rtl\rv_dm.sv'
Analyzing included file 'C:\Workspace\FPGA\coralnpu-nano20k\bazel\external\lowrisc_opentitan_gh\hw\ip\prim\rtl\prim_assert.sv'("C:\Workspace\FPGA\coralnpu-nano20k\bazel\external\lowrisc_opentitan_gh\hw\ip\rv_dm\rtl\rv_dm.sv":14)
Back to file 'C:\Workspace\FPGA\coralnpu-nano20k\bazel\external\lowrisc_opentitan_gh\hw\ip\rv_dm\rtl\rv_dm.sv'("C:\Workspace\FPGA\coralnpu-nano20k\bazel\external\lowrisc_opentitan_gh\hw\ip\rv_dm\rtl\rv_dm.sv":14)
Analyzing Verilog file 'C:\Workspace\FPGA\coralnpu-nano20k\bazel\external\lowrisc_opentitan_gh\hw\ip\rv_dm\rtl\rv_dm_dbg_reg_top.sv'
Analyzing included file 'C:\Workspace\FPGA\coralnpu-nano20k\bazel\external\lowrisc_opentitan_gh\hw\ip\prim\rtl\prim_assert.sv'("C:\Workspace\FPGA\coralnpu-nano20k\bazel\external\lowrisc_opentitan_gh\hw\ip\rv_dm\rtl\rv_dm_dbg_reg_top.sv":8)
Back to file 'C:\Workspace\FPGA\coralnpu-nano20k\bazel\external\lowrisc_opentitan_gh\hw\ip\rv_dm\rtl\rv_dm_dbg_reg_top.sv'("C:\Workspace\FPGA\coralnpu-nano20k\bazel\external\lowrisc_opentitan_gh\hw\ip\rv_dm\rtl\rv_dm_dbg_reg_top.sv":8)
Analyzing Verilog file 'C:\Workspace\FPGA\coralnpu-nano20k\bazel\external\lowrisc_opentitan_gh\hw\ip\rv_dm\rtl\rv_dm_dmi_gate.sv'
Analyzing included file 'C:\Workspace\FPGA\coralnpu-nano20k\bazel\external\lowrisc_opentitan_gh\hw\ip\prim\rtl\prim_assert.sv'("C:\Workspace\FPGA\coralnpu-nano20k\bazel\external\lowrisc_opentitan_gh\hw\ip\rv_dm\rtl\rv_dm_dmi_gate.sv":12)
Back to file 'C:\Workspace\FPGA\coralnpu-nano20k\bazel\external\lowrisc_opentitan_gh\hw\ip\rv_dm\rtl\rv_dm_dmi_gate.sv'("C:\Workspace\FPGA\coralnpu-nano20k\bazel\external\lowrisc_opentitan_gh\hw\ip\rv_dm\rtl\rv_dm_dmi_gate.sv":12)
Analyzing Verilog file 'C:\Workspace\FPGA\coralnpu-nano20k\bazel\external\lowrisc_opentitan_gh\hw\ip\rv_dm\rtl\rv_dm_mem_reg_top.sv'
Analyzing included file 'C:\Workspace\FPGA\coralnpu-nano20k\bazel\external\lowrisc_opentitan_gh\hw\ip\prim\rtl\prim_assert.sv'("C:\Workspace\FPGA\coralnpu-nano20k\bazel\external\lowrisc_opentitan_gh\hw\ip\rv_dm\rtl\rv_dm_mem_reg_top.sv":8)
Back to file 'C:\Workspace\FPGA\coralnpu-nano20k\bazel\external\lowrisc_opentitan_gh\hw\ip\rv_dm\rtl\rv_dm_mem_reg_top.sv'("C:\Workspace\FPGA\coralnpu-nano20k\bazel\external\lowrisc_opentitan_gh\hw\ip\rv_dm\rtl\rv_dm_mem_reg_top.sv":8)
Analyzing Verilog file 'C:\Workspace\FPGA\coralnpu-nano20k\bazel\external\lowrisc_opentitan_gh\hw\ip\rv_dm\rtl\rv_dm_pkg.sv'
Analyzing Verilog file 'C:\Workspace\FPGA\coralnpu-nano20k\bazel\external\lowrisc_opentitan_gh\hw\ip\rv_dm\rtl\rv_dm_regs_reg_top.sv'
Analyzing included file 'C:\Workspace\FPGA\coralnpu-nano20k\bazel\external\lowrisc_opentitan_gh\hw\ip\prim\rtl\prim_assert.sv'("C:\Workspace\FPGA\coralnpu-nano20k\bazel\external\lowrisc_opentitan_gh\hw\ip\rv_dm\rtl\rv_dm_regs_reg_top.sv":8)
Back to file 'C:\Workspace\FPGA\coralnpu-nano20k\bazel\external\lowrisc_opentitan_gh\hw\ip\rv_dm\rtl\rv_dm_regs_reg_top.sv'("C:\Workspace\FPGA\coralnpu-nano20k\bazel\external\lowrisc_opentitan_gh\hw\ip\rv_dm\rtl\rv_dm_regs_reg_top.sv":8)
Analyzing Verilog file 'C:\Workspace\FPGA\coralnpu-nano20k\bazel\external\lowrisc_opentitan_gh\hw\ip\tlul\rtl\sram2tlul.sv'
Analyzing included file 'C:\Workspace\FPGA\coralnpu-nano20k\bazel\external\lowrisc_opentitan_gh\hw\ip\prim\rtl\prim_assert.sv'("C:\Workspace\FPGA\coralnpu-nano20k\bazel\external\lowrisc_opentitan_gh\hw\ip\tlul\rtl\sram2tlul.sv":11)
Back to file 'C:\Workspace\FPGA\coralnpu-nano20k\bazel\external\lowrisc_opentitan_gh\hw\ip\tlul\rtl\sram2tlul.sv'("C:\Workspace\FPGA\coralnpu-nano20k\bazel\external\lowrisc_opentitan_gh\hw\ip\tlul\rtl\sram2tlul.sv":11)
Analyzing Verilog file 'C:\Workspace\FPGA\coralnpu-nano20k\bazel\external\lowrisc_opentitan_gh\hw\ip\tlul\rtl\tlul_adapter_dmi.sv'
Analyzing included file 'C:\Workspace\FPGA\coralnpu-nano20k\bazel\external\lowrisc_opentitan_gh\hw\ip\prim\rtl\prim_assert.sv'("C:\Workspace\FPGA\coralnpu-nano20k\bazel\external\lowrisc_opentitan_gh\hw\ip\tlul\rtl\tlul_adapter_dmi.sv":10)
Back to file 'C:\Workspace\FPGA\coralnpu-nano20k\bazel\external\lowrisc_opentitan_gh\hw\ip\tlul\rtl\tlul_adapter_dmi.sv'("C:\Workspace\FPGA\coralnpu-nano20k\bazel\external\lowrisc_opentitan_gh\hw\ip\tlul\rtl\tlul_adapter_dmi.sv":10)
Analyzing Verilog file 'C:\Workspace\FPGA\coralnpu-nano20k\bazel\external\lowrisc_opentitan_gh\hw\ip\tlul\rtl\tlul_adapter_host.sv'
Analyzing included file 'C:\Workspace\FPGA\coralnpu-nano20k\bazel\external\lowrisc_opentitan_gh\hw\ip\prim\rtl\prim_assert.sv'("C:\Workspace\FPGA\coralnpu-nano20k\bazel\external\lowrisc_opentitan_gh\hw\ip\tlul\rtl\tlul_adapter_host.sv":23)
Back to file 'C:\Workspace\FPGA\coralnpu-nano20k\bazel\external\lowrisc_opentitan_gh\hw\ip\tlul\rtl\tlul_adapter_host.sv'("C:\Workspace\FPGA\coralnpu-nano20k\bazel\external\lowrisc_opentitan_gh\hw\ip\tlul\rtl\tlul_adapter_host.sv":23)
Analyzing Verilog file 'C:\Workspace\FPGA\coralnpu-nano20k\bazel\external\lowrisc_opentitan_gh\hw\ip\tlul\rtl\tlul_adapter_racl.sv'
Analyzing included file 'C:\Workspace\FPGA\coralnpu-nano20k\bazel\external\lowrisc_opentitan_gh\hw\ip\prim\rtl\prim_assert.sv'("C:\Workspace\FPGA\coralnpu-nano20k\bazel\external\lowrisc_opentitan_gh\hw\ip\tlul\rtl\tlul_adapter_racl.sv":6)
Back to file 'C:\Workspace\FPGA\coralnpu-nano20k\bazel\external\lowrisc_opentitan_gh\hw\ip\tlul\rtl\tlul_adapter_racl.sv'("C:\Workspace\FPGA\coralnpu-nano20k\bazel\external\lowrisc_opentitan_gh\hw\ip\tlul\rtl\tlul_adapter_racl.sv":6)
Analyzing Verilog file 'C:\Workspace\FPGA\coralnpu-nano20k\bazel\external\lowrisc_opentitan_gh\hw\ip\tlul\rtl\tlul_adapter_reg.sv'
Analyzing included file 'C:\Workspace\FPGA\coralnpu-nano20k\bazel\external\lowrisc_opentitan_gh\hw\ip\prim\rtl\prim_assert.sv'("C:\Workspace\FPGA\coralnpu-nano20k\bazel\external\lowrisc_opentitan_gh\hw\ip\tlul\rtl\tlul_adapter_reg.sv":6)
Back to file 'C:\Workspace\FPGA\coralnpu-nano20k\bazel\external\lowrisc_opentitan_gh\hw\ip\tlul\rtl\tlul_adapter_reg.sv'("C:\Workspace\FPGA\coralnpu-nano20k\bazel\external\lowrisc_opentitan_gh\hw\ip\tlul\rtl\tlul_adapter_reg.sv":6)
Analyzing Verilog file 'C:\Workspace\FPGA\coralnpu-nano20k\bazel\external\lowrisc_opentitan_gh\hw\ip\tlul\rtl\tlul_adapter_reg_racl.sv'
Analyzing included file 'C:\Workspace\FPGA\coralnpu-nano20k\bazel\external\lowrisc_opentitan_gh\hw\ip\prim\rtl\prim_assert.sv'("C:\Workspace\FPGA\coralnpu-nano20k\bazel\external\lowrisc_opentitan_gh\hw\ip\tlul\rtl\tlul_adapter_reg_racl.sv":6)
Back to file 'C:\Workspace\FPGA\coralnpu-nano20k\bazel\external\lowrisc_opentitan_gh\hw\ip\tlul\rtl\tlul_adapter_reg_racl.sv'("C:\Workspace\FPGA\coralnpu-nano20k\bazel\external\lowrisc_opentitan_gh\hw\ip\tlul\rtl\tlul_adapter_reg_racl.sv":6)
Analyzing Verilog file 'C:\Workspace\FPGA\coralnpu-nano20k\bazel\external\lowrisc_opentitan_gh\hw\ip\tlul\rtl\tlul_adapter_sram.sv'
Analyzing included file 'C:\Workspace\FPGA\coralnpu-nano20k\bazel\external\lowrisc_opentitan_gh\hw\ip\prim\rtl\prim_assert.sv'("C:\Workspace\FPGA\coralnpu-nano20k\bazel\external\lowrisc_opentitan_gh\hw\ip\tlul\rtl\tlul_adapter_sram.sv":6)
Back to file 'C:\Workspace\FPGA\coralnpu-nano20k\bazel\external\lowrisc_opentitan_gh\hw\ip\tlul\rtl\tlul_adapter_sram.sv'("C:\Workspace\FPGA\coralnpu-nano20k\bazel\external\lowrisc_opentitan_gh\hw\ip\tlul\rtl\tlul_adapter_sram.sv":6)
Analyzing Verilog file 'C:\Workspace\FPGA\coralnpu-nano20k\bazel\external\lowrisc_opentitan_gh\hw\ip\tlul\rtl\tlul_adapter_sram_racl.sv'
Analyzing included file 'C:\Workspace\FPGA\coralnpu-nano20k\bazel\external\lowrisc_opentitan_gh\hw\ip\prim\rtl\prim_assert.sv'("C:\Workspace\FPGA\coralnpu-nano20k\bazel\external\lowrisc_opentitan_gh\hw\ip\tlul\rtl\tlul_adapter_sram_racl.sv":6)
Back to file 'C:\Workspace\FPGA\coralnpu-nano20k\bazel\external\lowrisc_opentitan_gh\hw\ip\tlul\rtl\tlul_adapter_sram_racl.sv'("C:\Workspace\FPGA\coralnpu-nano20k\bazel\external\lowrisc_opentitan_gh\hw\ip\tlul\rtl\tlul_adapter_sram_racl.sv":6)
Analyzing Verilog file 'C:\Workspace\FPGA\coralnpu-nano20k\bazel\external\lowrisc_opentitan_gh\hw\ip\tlul\rtl\tlul_assert.sv'
Analyzing included file 'C:\Workspace\FPGA\coralnpu-nano20k\bazel\external\lowrisc_opentitan_gh\hw\ip\prim\rtl\prim_assert.sv'("C:\Workspace\FPGA\coralnpu-nano20k\bazel\external\lowrisc_opentitan_gh\hw\ip\tlul\rtl\tlul_assert.sv":9)
Back to file 'C:\Workspace\FPGA\coralnpu-nano20k\bazel\external\lowrisc_opentitan_gh\hw\ip\tlul\rtl\tlul_assert.sv'("C:\Workspace\FPGA\coralnpu-nano20k\bazel\external\lowrisc_opentitan_gh\hw\ip\tlul\rtl\tlul_assert.sv":9)
Analyzing Verilog file 'C:\Workspace\FPGA\coralnpu-nano20k\bazel\external\lowrisc_opentitan_gh\hw\ip\tlul\rtl\tlul_assert_multiple.sv'
Analyzing Verilog file 'C:\Workspace\FPGA\coralnpu-nano20k\bazel\external\lowrisc_opentitan_gh\hw\ip\tlul\rtl\tlul_cmd_intg_chk.sv'
Analyzing included file 'C:\Workspace\FPGA\coralnpu-nano20k\bazel\external\lowrisc_opentitan_gh\hw\ip\prim\rtl\prim_assert.sv'("C:\Workspace\FPGA\coralnpu-nano20k\bazel\external\lowrisc_opentitan_gh\hw\ip\tlul\rtl\tlul_cmd_intg_chk.sv":6)
Back to file 'C:\Workspace\FPGA\coralnpu-nano20k\bazel\external\lowrisc_opentitan_gh\hw\ip\tlul\rtl\tlul_cmd_intg_chk.sv'("C:\Workspace\FPGA\coralnpu-nano20k\bazel\external\lowrisc_opentitan_gh\hw\ip\tlul\rtl\tlul_cmd_intg_chk.sv":6)
Analyzing Verilog file 'C:\Workspace\FPGA\coralnpu-nano20k\bazel\external\lowrisc_opentitan_gh\hw\ip\tlul\rtl\tlul_cmd_intg_gen.sv'
Analyzing included file 'C:\Workspace\FPGA\coralnpu-nano20k\bazel\external\lowrisc_opentitan_gh\hw\ip\prim\rtl\prim_assert.sv'("C:\Workspace\FPGA\coralnpu-nano20k\bazel\external\lowrisc_opentitan_gh\hw\ip\tlul\rtl\tlul_cmd_intg_gen.sv":6)
Back to file 'C:\Workspace\FPGA\coralnpu-nano20k\bazel\external\lowrisc_opentitan_gh\hw\ip\tlul\rtl\tlul_cmd_intg_gen.sv'("C:\Workspace\FPGA\coralnpu-nano20k\bazel\external\lowrisc_opentitan_gh\hw\ip\tlul\rtl\tlul_cmd_intg_gen.sv":6)
Analyzing Verilog file 'C:\Workspace\FPGA\coralnpu-nano20k\bazel\external\lowrisc_opentitan_gh\hw\ip\tlul\rtl\tlul_data_integ_dec.sv'
Analyzing included file 'C:\Workspace\FPGA\coralnpu-nano20k\bazel\external\lowrisc_opentitan_gh\hw\ip\prim\rtl\prim_assert.sv'("C:\Workspace\FPGA\coralnpu-nano20k\bazel\external\lowrisc_opentitan_gh\hw\ip\tlul\rtl\tlul_data_integ_dec.sv":6)
Back to file 'C:\Workspace\FPGA\coralnpu-nano20k\bazel\external\lowrisc_opentitan_gh\hw\ip\tlul\rtl\tlul_data_integ_dec.sv'("C:\Workspace\FPGA\coralnpu-nano20k\bazel\external\lowrisc_opentitan_gh\hw\ip\tlul\rtl\tlul_data_integ_dec.sv":6)
Analyzing Verilog file 'C:\Workspace\FPGA\coralnpu-nano20k\bazel\external\lowrisc_opentitan_gh\hw\ip\tlul\rtl\tlul_data_integ_enc.sv'
Analyzing included file 'C:\Workspace\FPGA\coralnpu-nano20k\bazel\external\lowrisc_opentitan_gh\hw\ip\prim\rtl\prim_assert.sv'("C:\Workspace\FPGA\coralnpu-nano20k\bazel\external\lowrisc_opentitan_gh\hw\ip\tlul\rtl\tlul_data_integ_enc.sv":6)
Back to file 'C:\Workspace\FPGA\coralnpu-nano20k\bazel\external\lowrisc_opentitan_gh\hw\ip\tlul\rtl\tlul_data_integ_enc.sv'("C:\Workspace\FPGA\coralnpu-nano20k\bazel\external\lowrisc_opentitan_gh\hw\ip\tlul\rtl\tlul_data_integ_enc.sv":6)
Analyzing Verilog file 'C:\Workspace\FPGA\coralnpu-nano20k\bazel\external\lowrisc_opentitan_gh\hw\ip\tlul\rtl\tlul_err.sv'
Analyzing included file 'C:\Workspace\FPGA\coralnpu-nano20k\bazel\external\lowrisc_opentitan_gh\hw\ip\prim\rtl\prim_assert.sv'("C:\Workspace\FPGA\coralnpu-nano20k\bazel\external\lowrisc_opentitan_gh\hw\ip\tlul\rtl\tlul_err.sv":7)
Back to file 'C:\Workspace\FPGA\coralnpu-nano20k\bazel\external\lowrisc_opentitan_gh\hw\ip\tlul\rtl\tlul_err.sv'("C:\Workspace\FPGA\coralnpu-nano20k\bazel\external\lowrisc_opentitan_gh\hw\ip\tlul\rtl\tlul_err.sv":7)
Analyzing Verilog file 'C:\Workspace\FPGA\coralnpu-nano20k\bazel\external\lowrisc_opentitan_gh\hw\ip\tlul\rtl\tlul_err_resp.sv'
Analyzing Verilog file 'C:\Workspace\FPGA\coralnpu-nano20k\bazel\external\lowrisc_opentitan_gh\hw\ip\tlul\rtl\tlul_fifo_async.sv'
Analyzing included file 'C:\Workspace\FPGA\coralnpu-nano20k\bazel\external\lowrisc_opentitan_gh\hw\ip\prim\rtl\prim_assert.sv'("C:\Workspace\FPGA\coralnpu-nano20k\bazel\external\lowrisc_opentitan_gh\hw\ip\tlul\rtl\tlul_fifo_async.sv":10)
Back to file 'C:\Workspace\FPGA\coralnpu-nano20k\bazel\external\lowrisc_opentitan_gh\hw\ip\tlul\rtl\tlul_fifo_async.sv'("C:\Workspace\FPGA\coralnpu-nano20k\bazel\external\lowrisc_opentitan_gh\hw\ip\tlul\rtl\tlul_fifo_async.sv":10)
Analyzing Verilog file 'C:\Workspace\FPGA\coralnpu-nano20k\bazel\external\lowrisc_opentitan_gh\hw\ip\tlul\rtl\tlul_fifo_sync.sv'
Analyzing Verilog file 'C:\Workspace\FPGA\coralnpu-nano20k\bazel\external\lowrisc_opentitan_gh\hw\ip\tlul\rtl\tlul_jtag_dtm.sv'
Analyzing Verilog file 'C:\Workspace\FPGA\coralnpu-nano20k\bazel\external\lowrisc_opentitan_gh\hw\ip\tlul\rtl\tlul_lc_gate.sv'
Analyzing included file 'C:\Workspace\FPGA\coralnpu-nano20k\bazel\external\lowrisc_opentitan_gh\hw\ip\prim\rtl\prim_assert.sv'("C:\Workspace\FPGA\coralnpu-nano20k\bazel\external\lowrisc_opentitan_gh\hw\ip\tlul\rtl\tlul_lc_gate.sv":13)
Back to file 'C:\Workspace\FPGA\coralnpu-nano20k\bazel\external\lowrisc_opentitan_gh\hw\ip\tlul\rtl\tlul_lc_gate.sv'("C:\Workspace\FPGA\coralnpu-nano20k\bazel\external\lowrisc_opentitan_gh\hw\ip\tlul\rtl\tlul_lc_gate.sv":13)
Analyzing Verilog file 'C:\Workspace\FPGA\coralnpu-nano20k\bazel\external\lowrisc_opentitan_gh\hw\ip\tlul\rtl\tlul_request_loopback.sv'
Analyzing Verilog file 'C:\Workspace\FPGA\coralnpu-nano20k\bazel\external\lowrisc_opentitan_gh\hw\ip\tlul\rtl\tlul_rsp_intg_chk.sv'
Analyzing included file 'C:\Workspace\FPGA\coralnpu-nano20k\bazel\external\lowrisc_opentitan_gh\hw\ip\prim\rtl\prim_assert.sv'("C:\Workspace\FPGA\coralnpu-nano20k\bazel\external\lowrisc_opentitan_gh\hw\ip\tlul\rtl\tlul_rsp_intg_chk.sv":6)
Back to file 'C:\Workspace\FPGA\coralnpu-nano20k\bazel\external\lowrisc_opentitan_gh\hw\ip\tlul\rtl\tlul_rsp_intg_chk.sv'("C:\Workspace\FPGA\coralnpu-nano20k\bazel\external\lowrisc_opentitan_gh\hw\ip\tlul\rtl\tlul_rsp_intg_chk.sv":6)
Analyzing Verilog file 'C:\Workspace\FPGA\coralnpu-nano20k\bazel\external\lowrisc_opentitan_gh\hw\ip\tlul\rtl\tlul_rsp_intg_gen.sv'
Analyzing included file 'C:\Workspace\FPGA\coralnpu-nano20k\bazel\external\lowrisc_opentitan_gh\hw\ip\prim\rtl\prim_assert.sv'("C:\Workspace\FPGA\coralnpu-nano20k\bazel\external\lowrisc_opentitan_gh\hw\ip\tlul\rtl\tlul_rsp_intg_gen.sv":6)
Back to file 'C:\Workspace\FPGA\coralnpu-nano20k\bazel\external\lowrisc_opentitan_gh\hw\ip\tlul\rtl\tlul_rsp_intg_gen.sv'("C:\Workspace\FPGA\coralnpu-nano20k\bazel\external\lowrisc_opentitan_gh\hw\ip\tlul\rtl\tlul_rsp_intg_gen.sv":6)
Analyzing Verilog file 'C:\Workspace\FPGA\coralnpu-nano20k\bazel\external\lowrisc_opentitan_gh\hw\ip\tlul\rtl\tlul_socket_1n.sv'
Analyzing included file 'C:\Workspace\FPGA\coralnpu-nano20k\bazel\external\lowrisc_opentitan_gh\hw\ip\prim\rtl\prim_assert.sv'("C:\Workspace\FPGA\coralnpu-nano20k\bazel\external\lowrisc_opentitan_gh\hw\ip\tlul\rtl\tlul_socket_1n.sv":43)
Back to file 'C:\Workspace\FPGA\coralnpu-nano20k\bazel\external\lowrisc_opentitan_gh\hw\ip\tlul\rtl\tlul_socket_1n.sv'("C:\Workspace\FPGA\coralnpu-nano20k\bazel\external\lowrisc_opentitan_gh\hw\ip\tlul\rtl\tlul_socket_1n.sv":43)
Analyzing Verilog file 'C:\Workspace\FPGA\coralnpu-nano20k\bazel\external\lowrisc_opentitan_gh\hw\ip\tlul\rtl\tlul_socket_m1.sv'
Analyzing included file 'C:\Workspace\FPGA\coralnpu-nano20k\bazel\external\lowrisc_opentitan_gh\hw\ip\prim\rtl\prim_assert.sv'("C:\Workspace\FPGA\coralnpu-nano20k\bazel\external\lowrisc_opentitan_gh\hw\ip\tlul\rtl\tlul_socket_m1.sv":24)
Back to file 'C:\Workspace\FPGA\coralnpu-nano20k\bazel\external\lowrisc_opentitan_gh\hw\ip\tlul\rtl\tlul_socket_m1.sv'("C:\Workspace\FPGA\coralnpu-nano20k\bazel\external\lowrisc_opentitan_gh\hw\ip\tlul\rtl\tlul_socket_m1.sv":24)
Analyzing Verilog file 'C:\Workspace\FPGA\coralnpu-nano20k\bazel\external\lowrisc_opentitan_gh\hw\ip\tlul\rtl\tlul_sram_byte.sv'
Analyzing included file 'C:\Workspace\FPGA\coralnpu-nano20k\bazel\external\lowrisc_opentitan_gh\hw\ip\prim\rtl\prim_assert.sv'("C:\Workspace\FPGA\coralnpu-nano20k\bazel\external\lowrisc_opentitan_gh\hw\ip\tlul\rtl\tlul_sram_byte.sv":6)
Back to file 'C:\Workspace\FPGA\coralnpu-nano20k\bazel\external\lowrisc_opentitan_gh\hw\ip\tlul\rtl\tlul_sram_byte.sv'("C:\Workspace\FPGA\coralnpu-nano20k\bazel\external\lowrisc_opentitan_gh\hw\ip\tlul\rtl\tlul_sram_byte.sv":6)
Analyzing Verilog file 'C:\Workspace\FPGA\coralnpu-nano20k\bazel\external\lowrisc_opentitan_gh\hw\ip\uart\rtl\uart_reg_pkg.sv'
Analyzing Verilog file 'C:\Workspace\FPGA\coralnpu-nano20k\bazel\external\lowrisc_opentitan_gh\hw\ip\uart\rtl\uart.sv'
Analyzing included file 'C:\Workspace\FPGA\coralnpu-nano20k\bazel\external\lowrisc_opentitan_gh\hw\ip\prim\rtl\prim_assert.sv'("C:\Workspace\FPGA\coralnpu-nano20k\bazel\external\lowrisc_opentitan_gh\hw\ip\uart\rtl\uart.sv":8)
Back to file 'C:\Workspace\FPGA\coralnpu-nano20k\bazel\external\lowrisc_opentitan_gh\hw\ip\uart\rtl\uart.sv'("C:\Workspace\FPGA\coralnpu-nano20k\bazel\external\lowrisc_opentitan_gh\hw\ip\uart\rtl\uart.sv":8)
Analyzing Verilog file 'C:\Workspace\FPGA\coralnpu-nano20k\bazel\external\lowrisc_opentitan_gh\hw\ip\uart\rtl\uart_core.sv'
Analyzing Verilog file 'C:\Workspace\FPGA\coralnpu-nano20k\bazel\external\lowrisc_opentitan_gh\hw\ip\uart\rtl\uart_reg_top.sv'
Analyzing included file 'C:\Workspace\FPGA\coralnpu-nano20k\bazel\external\lowrisc_opentitan_gh\hw\ip\prim\rtl\prim_assert.sv'("C:\Workspace\FPGA\coralnpu-nano20k\bazel\external\lowrisc_opentitan_gh\hw\ip\uart\rtl\uart_reg_top.sv":8)
Back to file 'C:\Workspace\FPGA\coralnpu-nano20k\bazel\external\lowrisc_opentitan_gh\hw\ip\uart\rtl\uart_reg_top.sv'("C:\Workspace\FPGA\coralnpu-nano20k\bazel\external\lowrisc_opentitan_gh\hw\ip\uart\rtl\uart_reg_top.sv":8)
Analyzing Verilog file 'C:\Workspace\FPGA\coralnpu-nano20k\bazel\external\lowrisc_opentitan_gh\hw\ip\uart\rtl\uart_rx.sv'
Analyzing Verilog file 'C:\Workspace\FPGA\coralnpu-nano20k\bazel\external\lowrisc_opentitan_gh\hw\ip\uart\rtl\uart_tx.sv'
Analyzing Verilog file 'C:\Workspace\FPGA\coralnpu-nano20k\bazel\external\lowrisc_opentitan_gh\hw\top_earlgrey\ip\ast\rtl\adc.sv'
Analyzing Verilog file 'C:\Workspace\FPGA\coralnpu-nano20k\bazel\external\lowrisc_opentitan_gh\hw\top_earlgrey\ip\ast\rtl\adc_ana.sv'
Analyzing Verilog file 'C:\Workspace\FPGA\coralnpu-nano20k\bazel\external\lowrisc_opentitan_gh\hw\top_earlgrey\ip\ast\rtl\aon_clk.sv'
Analyzing Verilog file 'C:\Workspace\FPGA\coralnpu-nano20k\bazel\external\lowrisc_opentitan_gh\hw\top_earlgrey\ip\ast\rtl\aon_osc.sv'
Analyzing Verilog file 'C:\Workspace\FPGA\coralnpu-nano20k\bazel\external\lowrisc_opentitan_gh\hw\top_earlgrey\ip_autogen\clkmgr\rtl\clkmgr_pkg.sv'
Analyzing Verilog file 'C:\Workspace\FPGA\coralnpu-nano20k\bazel\external\lowrisc_opentitan_gh\hw\top_earlgrey\ip_autogen\rstmgr\rtl\rstmgr_reg_pkg.sv'
Analyzing Verilog file 'C:\Workspace\FPGA\coralnpu-nano20k\bazel\external\lowrisc_opentitan_gh\hw\top_earlgrey\ip_autogen\rstmgr\rtl\rstmgr_pkg.sv'
Analyzing Verilog file 'C:\Workspace\FPGA\coralnpu-nano20k\bazel\external\lowrisc_opentitan_gh\hw\top_earlgrey\ip_autogen\pinmux\rtl\pinmux_reg_pkg.sv'
Analyzing Verilog file 'C:\Workspace\FPGA\coralnpu-nano20k\bazel\external\lowrisc_opentitan_gh\hw\top_earlgrey\ip_autogen\pinmux\rtl\pinmux_pkg.sv'
Analyzing Verilog file 'C:\Workspace\FPGA\coralnpu-nano20k\bazel\external\lowrisc_opentitan_gh\hw\top_earlgrey\ip\ast\rtl\ast_reg_pkg.sv'
Analyzing Verilog file 'C:\Workspace\FPGA\coralnpu-nano20k\bazel\external\lowrisc_opentitan_gh\hw\top_earlgrey\ip\ast\rtl\ast_bhv_pkg.sv'
WARN  (EX2582) : Parameter 'AdcCnvtClks' declared inside package 'ast_bhv_pkg' shall be treated as localparam("C:\Workspace\FPGA\coralnpu-nano20k\bazel\external\lowrisc_opentitan_gh\hw\top_earlgrey\ip\ast\rtl\ast_bhv_pkg.sv":48)
Analyzing Verilog file 'C:\Workspace\FPGA\coralnpu-nano20k\bazel\external\lowrisc_opentitan_gh\hw\top_earlgrey\ip\ast\rtl\ast.sv'
Analyzing included file 'C:\Workspace\FPGA\coralnpu-nano20k\bazel\external\lowrisc_opentitan_gh\hw\ip\prim\rtl\prim_assert.sv'("C:\Workspace\FPGA\coralnpu-nano20k\bazel\external\lowrisc_opentitan_gh\hw\top_earlgrey\ip\ast\rtl\ast.sv":14)
Back to file 'C:\Workspace\FPGA\coralnpu-nano20k\bazel\external\lowrisc_opentitan_gh\hw\top_earlgrey\ip\ast\rtl\ast.sv'("C:\Workspace\FPGA\coralnpu-nano20k\bazel\external\lowrisc_opentitan_gh\hw\top_earlgrey\ip\ast\rtl\ast.sv":14)
Analyzing Verilog file 'C:\Workspace\FPGA\coralnpu-nano20k\bazel\external\lowrisc_opentitan_gh\hw\top_earlgrey\ip\ast\rtl\ast_alert.sv'
Analyzing Verilog file 'C:\Workspace\FPGA\coralnpu-nano20k\bazel\external\lowrisc_opentitan_gh\hw\top_earlgrey\ip\ast\rtl\ast_clks_byp.sv'
Analyzing included file 'C:\Workspace\FPGA\coralnpu-nano20k\bazel\external\lowrisc_opentitan_gh\hw\ip\prim\rtl\prim_assert.sv'("C:\Workspace\FPGA\coralnpu-nano20k\bazel\external\lowrisc_opentitan_gh\hw\top_earlgrey\ip\ast\rtl\ast_clks_byp.sv":14)
Back to file 'C:\Workspace\FPGA\coralnpu-nano20k\bazel\external\lowrisc_opentitan_gh\hw\top_earlgrey\ip\ast\rtl\ast_clks_byp.sv'("C:\Workspace\FPGA\coralnpu-nano20k\bazel\external\lowrisc_opentitan_gh\hw\top_earlgrey\ip\ast\rtl\ast_clks_byp.sv":14)
Analyzing Verilog file 'C:\Workspace\FPGA\coralnpu-nano20k\bazel\external\lowrisc_opentitan_gh\hw\top_earlgrey\ip\ast\rtl\ast_dft.sv'
Analyzing included file 'C:\Workspace\FPGA\coralnpu-nano20k\bazel\external\lowrisc_opentitan_gh\hw\ip\prim\rtl\prim_assert.sv'("C:\Workspace\FPGA\coralnpu-nano20k\bazel\external\lowrisc_opentitan_gh\hw\top_earlgrey\ip\ast\rtl\ast_dft.sv":14)
Back to file 'C:\Workspace\FPGA\coralnpu-nano20k\bazel\external\lowrisc_opentitan_gh\hw\top_earlgrey\ip\ast\rtl\ast_dft.sv'("C:\Workspace\FPGA\coralnpu-nano20k\bazel\external\lowrisc_opentitan_gh\hw\top_earlgrey\ip\ast\rtl\ast_dft.sv":14)
Analyzing Verilog file 'C:\Workspace\FPGA\coralnpu-nano20k\bazel\external\lowrisc_opentitan_gh\hw\top_earlgrey\ip\ast\rtl\ast_entropy.sv'
Analyzing Verilog file 'C:\Workspace\FPGA\coralnpu-nano20k\bazel\external\lowrisc_opentitan_gh\hw\top_earlgrey\ip\ast\rtl\ast_pulse_sync.sv'
Analyzing included file 'C:\Workspace\FPGA\coralnpu-nano20k\bazel\external\lowrisc_opentitan_gh\hw\ip\prim\rtl\prim_assert.sv'("C:\Workspace\FPGA\coralnpu-nano20k\bazel\external\lowrisc_opentitan_gh\hw\top_earlgrey\ip\ast\rtl\ast_pulse_sync.sv":17)
Back to file 'C:\Workspace\FPGA\coralnpu-nano20k\bazel\external\lowrisc_opentitan_gh\hw\top_earlgrey\ip\ast\rtl\ast_pulse_sync.sv'("C:\Workspace\FPGA\coralnpu-nano20k\bazel\external\lowrisc_opentitan_gh\hw\top_earlgrey\ip\ast\rtl\ast_pulse_sync.sv":17)
Analyzing Verilog file 'C:\Workspace\FPGA\coralnpu-nano20k\bazel\external\lowrisc_opentitan_gh\hw\top_earlgrey\ip\ast\rtl\ast_reg_top.sv'
Analyzing included file 'C:\Workspace\FPGA\coralnpu-nano20k\bazel\external\lowrisc_opentitan_gh\hw\ip\prim\rtl\prim_assert.sv'("C:\Workspace\FPGA\coralnpu-nano20k\bazel\external\lowrisc_opentitan_gh\hw\top_earlgrey\ip\ast\rtl\ast_reg_top.sv":8)
Back to file 'C:\Workspace\FPGA\coralnpu-nano20k\bazel\external\lowrisc_opentitan_gh\hw\top_earlgrey\ip\ast\rtl\ast_reg_top.sv'("C:\Workspace\FPGA\coralnpu-nano20k\bazel\external\lowrisc_opentitan_gh\hw\top_earlgrey\ip\ast\rtl\ast_reg_top.sv":8)
Analyzing Verilog file 'C:\Workspace\FPGA\coralnpu-nano20k\bazel\external\lowrisc_opentitan_gh\hw\top_earlgrey\ip\ast\rtl\dev_entropy.sv'
Analyzing Verilog file 'C:\Workspace\FPGA\coralnpu-nano20k\bazel\external\lowrisc_opentitan_gh\hw\top_earlgrey\ip\ast\rtl\gfr_clk_mux2.sv'
Analyzing Verilog file 'C:\Workspace\FPGA\coralnpu-nano20k\bazel\external\lowrisc_opentitan_gh\hw\top_earlgrey\ip\ast\rtl\io_clk.sv'
Analyzing Verilog file 'C:\Workspace\FPGA\coralnpu-nano20k\bazel\external\lowrisc_opentitan_gh\hw\top_earlgrey\ip\ast\rtl\io_osc.sv'
Analyzing Verilog file 'C:\Workspace\FPGA\coralnpu-nano20k\bazel\external\lowrisc_opentitan_gh\hw\top_earlgrey\ip\ast\rtl\rglts_pdm_3p3v.sv'
Analyzing included file 'C:\Workspace\FPGA\coralnpu-nano20k\bazel\external\lowrisc_opentitan_gh\hw\ip\prim\rtl\prim_assert.sv'("C:\Workspace\FPGA\coralnpu-nano20k\bazel\external\lowrisc_opentitan_gh\hw\top_earlgrey\ip\ast\rtl\rglts_pdm_3p3v.sv":14)
Back to file 'C:\Workspace\FPGA\coralnpu-nano20k\bazel\external\lowrisc_opentitan_gh\hw\top_earlgrey\ip\ast\rtl\rglts_pdm_3p3v.sv'("C:\Workspace\FPGA\coralnpu-nano20k\bazel\external\lowrisc_opentitan_gh\hw\top_earlgrey\ip\ast\rtl\rglts_pdm_3p3v.sv":14)
Analyzing Verilog file 'C:\Workspace\FPGA\coralnpu-nano20k\bazel\external\lowrisc_opentitan_gh\hw\top_earlgrey\ip\ast\rtl\rng.sv'
Analyzing included file 'C:\Workspace\FPGA\coralnpu-nano20k\bazel\external\lowrisc_opentitan_gh\hw\ip\prim\rtl\prim_assert.sv'("C:\Workspace\FPGA\coralnpu-nano20k\bazel\external\lowrisc_opentitan_gh\hw\top_earlgrey\ip\ast\rtl\rng.sv":14)
Back to file 'C:\Workspace\FPGA\coralnpu-nano20k\bazel\external\lowrisc_opentitan_gh\hw\top_earlgrey\ip\ast\rtl\rng.sv'("C:\Workspace\FPGA\coralnpu-nano20k\bazel\external\lowrisc_opentitan_gh\hw\top_earlgrey\ip\ast\rtl\rng.sv":14)
Analyzing Verilog file 'C:\Workspace\FPGA\coralnpu-nano20k\bazel\external\lowrisc_opentitan_gh\hw\top_earlgrey\ip\ast\rtl\sys_clk.sv'
Analyzing Verilog file 'C:\Workspace\FPGA\coralnpu-nano20k\bazel\external\lowrisc_opentitan_gh\hw\top_earlgrey\ip\ast\rtl\sys_osc.sv'
Analyzing Verilog file 'C:\Workspace\FPGA\coralnpu-nano20k\bazel\external\lowrisc_opentitan_gh\hw\top_earlgrey\ip\ast\rtl\usb_clk.sv'
Analyzing Verilog file 'C:\Workspace\FPGA\coralnpu-nano20k\bazel\external\lowrisc_opentitan_gh\hw\top_earlgrey\ip\ast\rtl\usb_osc.sv'
Analyzing Verilog file 'C:\Workspace\FPGA\coralnpu-nano20k\bazel\external\lowrisc_opentitan_gh\hw\top_earlgrey\ip\ast\rtl\vcaon_pgd.sv'
Analyzing Verilog file 'C:\Workspace\FPGA\coralnpu-nano20k\bazel\external\lowrisc_opentitan_gh\hw\top_earlgrey\ip\ast\rtl\vcc_pgd.sv'
Analyzing Verilog file 'C:\Workspace\FPGA\coralnpu-nano20k\bazel\external\lowrisc_opentitan_gh\hw\top_earlgrey\ip\ast\rtl\vcmain_pgd.sv'
Analyzing Verilog file 'C:\Workspace\FPGA\coralnpu-nano20k\bazel\external\lowrisc_opentitan_gh\hw\top_earlgrey\ip\ast\rtl\vio_pgd.sv'
Analyzing Verilog file 'C:\Workspace\FPGA\coralnpu-nano20k\bazel\external\lowrisc_opentitan_gh\hw\top_earlgrey\ip_autogen\alert_handler\rtl\alert_handler_reg_pkg.sv'
Analyzing Verilog file 'C:\Workspace\FPGA\coralnpu-nano20k\bazel\external\lowrisc_opentitan_gh\hw\top_earlgrey\ip_autogen\alert_handler\rtl\alert_handler_pkg.sv'
Analyzing Verilog file 'C:\Workspace\FPGA\coralnpu-nano20k\bazel\external\lowrisc_opentitan_gh\hw\top_earlgrey\ip_autogen\alert_handler\rtl\alert_handler.sv'
Analyzing included file 'C:\Workspace\FPGA\coralnpu-nano20k\bazel\external\lowrisc_opentitan_gh\hw\ip\prim\rtl\prim_assert.sv'("C:\Workspace\FPGA\coralnpu-nano20k\bazel\external\lowrisc_opentitan_gh\hw\top_earlgrey\ip_autogen\alert_handler\rtl\alert_handler.sv":8)
Back to file 'C:\Workspace\FPGA\coralnpu-nano20k\bazel\external\lowrisc_opentitan_gh\hw\top_earlgrey\ip_autogen\alert_handler\rtl\alert_handler.sv'("C:\Workspace\FPGA\coralnpu-nano20k\bazel\external\lowrisc_opentitan_gh\hw\top_earlgrey\ip_autogen\alert_handler\rtl\alert_handler.sv":8)
Analyzing Verilog file 'C:\Workspace\FPGA\coralnpu-nano20k\bazel\external\lowrisc_opentitan_gh\hw\top_earlgrey\ip_autogen\alert_handler\rtl\alert_handler_accu.sv'
Analyzing included file 'C:\Workspace\FPGA\coralnpu-nano20k\bazel\external\lowrisc_opentitan_gh\hw\ip\prim\rtl\prim_assert.sv'("C:\Workspace\FPGA\coralnpu-nano20k\bazel\external\lowrisc_opentitan_gh\hw\top_earlgrey\ip_autogen\alert_handler\rtl\alert_handler_accu.sv":14)
Back to file 'C:\Workspace\FPGA\coralnpu-nano20k\bazel\external\lowrisc_opentitan_gh\hw\top_earlgrey\ip_autogen\alert_handler\rtl\alert_handler_accu.sv'("C:\Workspace\FPGA\coralnpu-nano20k\bazel\external\lowrisc_opentitan_gh\hw\top_earlgrey\ip_autogen\alert_handler\rtl\alert_handler_accu.sv":14)
Analyzing Verilog file 'C:\Workspace\FPGA\coralnpu-nano20k\bazel\external\lowrisc_opentitan_gh\hw\top_earlgrey\ip_autogen\alert_handler\rtl\alert_handler_class.sv'
Analyzing Verilog file 'C:\Workspace\FPGA\coralnpu-nano20k\bazel\external\lowrisc_opentitan_gh\hw\top_earlgrey\ip_autogen\alert_handler\rtl\alert_handler_esc_timer.sv'
Analyzing included file 'C:\Workspace\FPGA\coralnpu-nano20k\bazel\external\lowrisc_opentitan_gh\hw\ip\prim\rtl\prim_assert.sv'("C:\Workspace\FPGA\coralnpu-nano20k\bazel\external\lowrisc_opentitan_gh\hw\top_earlgrey\ip_autogen\alert_handler\rtl\alert_handler_esc_timer.sv":20)
Back to file 'C:\Workspace\FPGA\coralnpu-nano20k\bazel\external\lowrisc_opentitan_gh\hw\top_earlgrey\ip_autogen\alert_handler\rtl\alert_handler_esc_timer.sv'("C:\Workspace\FPGA\coralnpu-nano20k\bazel\external\lowrisc_opentitan_gh\hw\top_earlgrey\ip_autogen\alert_handler\rtl\alert_handler_esc_timer.sv":20)
Analyzing Verilog file 'C:\Workspace\FPGA\coralnpu-nano20k\bazel\external\lowrisc_opentitan_gh\hw\top_earlgrey\ip_autogen\alert_handler\rtl\alert_handler_lpg_ctrl.sv'
Analyzing included file 'C:\Workspace\FPGA\coralnpu-nano20k\bazel\external\lowrisc_opentitan_gh\hw\ip\prim\rtl\prim_assert.sv'("C:\Workspace\FPGA\coralnpu-nano20k\bazel\external\lowrisc_opentitan_gh\hw\top_earlgrey\ip_autogen\alert_handler\rtl\alert_handler_lpg_ctrl.sv":13)
Back to file 'C:\Workspace\FPGA\coralnpu-nano20k\bazel\external\lowrisc_opentitan_gh\hw\top_earlgrey\ip_autogen\alert_handler\rtl\alert_handler_lpg_ctrl.sv'("C:\Workspace\FPGA\coralnpu-nano20k\bazel\external\lowrisc_opentitan_gh\hw\top_earlgrey\ip_autogen\alert_handler\rtl\alert_handler_lpg_ctrl.sv":13)
Analyzing Verilog file 'C:\Workspace\FPGA\coralnpu-nano20k\bazel\external\lowrisc_opentitan_gh\hw\top_earlgrey\ip_autogen\alert_handler\rtl\alert_handler_ping_timer.sv'
Analyzing included file 'C:\Workspace\FPGA\coralnpu-nano20k\bazel\external\lowrisc_opentitan_gh\hw\ip\prim\rtl\prim_assert.sv'("C:\Workspace\FPGA\coralnpu-nano20k\bazel\external\lowrisc_opentitan_gh\hw\top_earlgrey\ip_autogen\alert_handler\rtl\alert_handler_ping_timer.sv":23)
Back to file 'C:\Workspace\FPGA\coralnpu-nano20k\bazel\external\lowrisc_opentitan_gh\hw\top_earlgrey\ip_autogen\alert_handler\rtl\alert_handler_ping_timer.sv'("C:\Workspace\FPGA\coralnpu-nano20k\bazel\external\lowrisc_opentitan_gh\hw\top_earlgrey\ip_autogen\alert_handler\rtl\alert_handler_ping_timer.sv":23)
Analyzing Verilog file 'C:\Workspace\FPGA\coralnpu-nano20k\bazel\external\lowrisc_opentitan_gh\hw\top_earlgrey\ip_autogen\alert_handler\rtl\alert_handler_reg_top.sv'
Analyzing included file 'C:\Workspace\FPGA\coralnpu-nano20k\bazel\external\lowrisc_opentitan_gh\hw\ip\prim\rtl\prim_assert.sv'("C:\Workspace\FPGA\coralnpu-nano20k\bazel\external\lowrisc_opentitan_gh\hw\top_earlgrey\ip_autogen\alert_handler\rtl\alert_handler_reg_top.sv":8)
Back to file 'C:\Workspace\FPGA\coralnpu-nano20k\bazel\external\lowrisc_opentitan_gh\hw\top_earlgrey\ip_autogen\alert_handler\rtl\alert_handler_reg_top.sv'("C:\Workspace\FPGA\coralnpu-nano20k\bazel\external\lowrisc_opentitan_gh\hw\top_earlgrey\ip_autogen\alert_handler\rtl\alert_handler_reg_top.sv":8)
Analyzing Verilog file 'C:\Workspace\FPGA\coralnpu-nano20k\bazel\external\lowrisc_opentitan_gh\hw\top_earlgrey\ip_autogen\alert_handler\rtl\alert_handler_reg_wrap.sv'
Analyzing Verilog file 'C:\Workspace\FPGA\coralnpu-nano20k\bazel\external\lowrisc_opentitan_gh\hw\top_earlgrey\ip_autogen\clkmgr\rtl\clkmgr_reg_pkg.sv'
Analyzing Verilog file 'C:\Workspace\FPGA\coralnpu-nano20k\bazel\external\lowrisc_opentitan_gh\hw\top_earlgrey\ip_autogen\pwrmgr\rtl\pwrmgr_reg_pkg.sv'
Analyzing Verilog file 'C:\Workspace\FPGA\coralnpu-nano20k\bazel\external\lowrisc_opentitan_gh\hw\top_earlgrey\ip_autogen\pwrmgr\rtl\pwrmgr_pkg.sv'
Analyzing Verilog file 'C:\Workspace\FPGA\coralnpu-nano20k\bazel\external\lowrisc_opentitan_gh\hw\top_earlgrey\ip_autogen\clkmgr\rtl\clkmgr.sv'
Analyzing included file 'C:\Workspace\FPGA\coralnpu-nano20k\bazel\external\lowrisc_opentitan_gh\hw\ip\prim\rtl\prim_assert.sv'("C:\Workspace\FPGA\coralnpu-nano20k\bazel\external\lowrisc_opentitan_gh\hw\top_earlgrey\ip_autogen\clkmgr\rtl\clkmgr.sv":9)
Back to file 'C:\Workspace\FPGA\coralnpu-nano20k\bazel\external\lowrisc_opentitan_gh\hw\top_earlgrey\ip_autogen\clkmgr\rtl\clkmgr.sv'("C:\Workspace\FPGA\coralnpu-nano20k\bazel\external\lowrisc_opentitan_gh\hw\top_earlgrey\ip_autogen\clkmgr\rtl\clkmgr.sv":9)
Analyzing Verilog file 'C:\Workspace\FPGA\coralnpu-nano20k\bazel\external\lowrisc_opentitan_gh\hw\top_earlgrey\ip_autogen\clkmgr\rtl\clkmgr_byp.sv'
Analyzing Verilog file 'C:\Workspace\FPGA\coralnpu-nano20k\bazel\external\lowrisc_opentitan_gh\hw\top_earlgrey\ip_autogen\clkmgr\rtl\clkmgr_clk_status.sv'
Analyzing Verilog file 'C:\Workspace\FPGA\coralnpu-nano20k\bazel\external\lowrisc_opentitan_gh\hw\top_earlgrey\ip_autogen\clkmgr\rtl\clkmgr_meas_chk.sv'
Analyzing Verilog file 'C:\Workspace\FPGA\coralnpu-nano20k\bazel\external\lowrisc_opentitan_gh\hw\top_earlgrey\ip_autogen\clkmgr\rtl\clkmgr_reg_top.sv'
Analyzing included file 'C:\Workspace\FPGA\coralnpu-nano20k\bazel\external\lowrisc_opentitan_gh\hw\ip\prim\rtl\prim_assert.sv'("C:\Workspace\FPGA\coralnpu-nano20k\bazel\external\lowrisc_opentitan_gh\hw\top_earlgrey\ip_autogen\clkmgr\rtl\clkmgr_reg_top.sv":8)
Back to file 'C:\Workspace\FPGA\coralnpu-nano20k\bazel\external\lowrisc_opentitan_gh\hw\top_earlgrey\ip_autogen\clkmgr\rtl\clkmgr_reg_top.sv'("C:\Workspace\FPGA\coralnpu-nano20k\bazel\external\lowrisc_opentitan_gh\hw\top_earlgrey\ip_autogen\clkmgr\rtl\clkmgr_reg_top.sv":8)
Analyzing Verilog file 'C:\Workspace\FPGA\coralnpu-nano20k\bazel\external\lowrisc_opentitan_gh\hw\top_earlgrey\ip_autogen\clkmgr\rtl\clkmgr_root_ctrl.sv'
Analyzing Verilog file 'C:\Workspace\FPGA\coralnpu-nano20k\bazel\external\lowrisc_opentitan_gh\hw\top_earlgrey\ip_autogen\clkmgr\rtl\clkmgr_trans.sv'
Analyzing Verilog file 'C:\Workspace\FPGA\coralnpu-nano20k\bazel\external\lowrisc_opentitan_gh\hw\top_earlgrey\ip_autogen\flash_ctrl\rtl\flash_ctrl.sv'
Analyzing included file 'C:\Workspace\FPGA\coralnpu-nano20k\bazel\external\lowrisc_opentitan_gh\hw\ip\prim\rtl\prim_assert.sv'("C:\Workspace\FPGA\coralnpu-nano20k\bazel\external\lowrisc_opentitan_gh\hw\top_earlgrey\ip_autogen\flash_ctrl\rtl\flash_ctrl.sv":10)
Back to file 'C:\Workspace\FPGA\coralnpu-nano20k\bazel\external\lowrisc_opentitan_gh\hw\top_earlgrey\ip_autogen\flash_ctrl\rtl\flash_ctrl.sv'("C:\Workspace\FPGA\coralnpu-nano20k\bazel\external\lowrisc_opentitan_gh\hw\top_earlgrey\ip_autogen\flash_ctrl\rtl\flash_ctrl.sv":10)
Analyzing included file 'C:\Workspace\FPGA\coralnpu-nano20k\bazel\external\lowrisc_opentitan_gh\hw\ip\prim\rtl\prim_fifo_assert.svh'("C:\Workspace\FPGA\coralnpu-nano20k\bazel\external\lowrisc_opentitan_gh\hw\top_earlgrey\ip_autogen\flash_ctrl\rtl\flash_ctrl.sv":11)
Back to file 'C:\Workspace\FPGA\coralnpu-nano20k\bazel\external\lowrisc_opentitan_gh\hw\top_earlgrey\ip_autogen\flash_ctrl\rtl\flash_ctrl.sv'("C:\Workspace\FPGA\coralnpu-nano20k\bazel\external\lowrisc_opentitan_gh\hw\top_earlgrey\ip_autogen\flash_ctrl\rtl\flash_ctrl.sv":11)
Analyzing Verilog file 'C:\Workspace\FPGA\coralnpu-nano20k\bazel\external\lowrisc_opentitan_gh\hw\top_earlgrey\ip_autogen\flash_ctrl\rtl\flash_ctrl_arb.sv'
Analyzing included file 'C:\Workspace\FPGA\coralnpu-nano20k\bazel\external\lowrisc_opentitan_gh\hw\ip\prim\rtl\prim_assert.sv'("C:\Workspace\FPGA\coralnpu-nano20k\bazel\external\lowrisc_opentitan_gh\hw\top_earlgrey\ip_autogen\flash_ctrl\rtl\flash_ctrl_arb.sv":9)
Back to file 'C:\Workspace\FPGA\coralnpu-nano20k\bazel\external\lowrisc_opentitan_gh\hw\top_earlgrey\ip_autogen\flash_ctrl\rtl\flash_ctrl_arb.sv'("C:\Workspace\FPGA\coralnpu-nano20k\bazel\external\lowrisc_opentitan_gh\hw\top_earlgrey\ip_autogen\flash_ctrl\rtl\flash_ctrl_arb.sv":9)
Analyzing Verilog file 'C:\Workspace\FPGA\coralnpu-nano20k\bazel\external\lowrisc_opentitan_gh\hw\top_earlgrey\ip_autogen\flash_ctrl\rtl\flash_ctrl_core_reg_top.sv'
Analyzing included file 'C:\Workspace\FPGA\coralnpu-nano20k\bazel\external\lowrisc_opentitan_gh\hw\ip\prim\rtl\prim_assert.sv'("C:\Workspace\FPGA\coralnpu-nano20k\bazel\external\lowrisc_opentitan_gh\hw\top_earlgrey\ip_autogen\flash_ctrl\rtl\flash_ctrl_core_reg_top.sv":8)
Back to file 'C:\Workspace\FPGA\coralnpu-nano20k\bazel\external\lowrisc_opentitan_gh\hw\top_earlgrey\ip_autogen\flash_ctrl\rtl\flash_ctrl_core_reg_top.sv'("C:\Workspace\FPGA\coralnpu-nano20k\bazel\external\lowrisc_opentitan_gh\hw\top_earlgrey\ip_autogen\flash_ctrl\rtl\flash_ctrl_core_reg_top.sv":8)
Analyzing Verilog file 'C:\Workspace\FPGA\coralnpu-nano20k\bazel\external\lowrisc_opentitan_gh\hw\top_earlgrey\ip_autogen\flash_ctrl\rtl\flash_ctrl_erase.sv'
Analyzing Verilog file 'C:\Workspace\FPGA\coralnpu-nano20k\bazel\external\lowrisc_opentitan_gh\hw\top_earlgrey\ip_autogen\flash_ctrl\rtl\flash_ctrl_info_cfg.sv'
Analyzing included file 'C:\Workspace\FPGA\coralnpu-nano20k\bazel\external\lowrisc_opentitan_gh\hw\ip\prim\rtl\prim_assert.sv'("C:\Workspace\FPGA\coralnpu-nano20k\bazel\external\lowrisc_opentitan_gh\hw\top_earlgrey\ip_autogen\flash_ctrl\rtl\flash_ctrl_info_cfg.sv":9)
Back to file 'C:\Workspace\FPGA\coralnpu-nano20k\bazel\external\lowrisc_opentitan_gh\hw\top_earlgrey\ip_autogen\flash_ctrl\rtl\flash_ctrl_info_cfg.sv'("C:\Workspace\FPGA\coralnpu-nano20k\bazel\external\lowrisc_opentitan_gh\hw\top_earlgrey\ip_autogen\flash_ctrl\rtl\flash_ctrl_info_cfg.sv":9)
Analyzing Verilog file 'C:\Workspace\FPGA\coralnpu-nano20k\bazel\external\lowrisc_opentitan_gh\hw\top_earlgrey\ip_autogen\flash_ctrl\rtl\flash_ctrl_lcmgr.sv'
Analyzing Verilog file 'C:\Workspace\FPGA\coralnpu-nano20k\bazel\external\lowrisc_opentitan_gh\hw\top_earlgrey\ip_autogen\flash_ctrl\rtl\flash_ctrl_prim_reg_top.sv'
Analyzing included file 'C:\Workspace\FPGA\coralnpu-nano20k\bazel\external\lowrisc_opentitan_gh\hw\ip\prim\rtl\prim_assert.sv'("C:\Workspace\FPGA\coralnpu-nano20k\bazel\external\lowrisc_opentitan_gh\hw\top_earlgrey\ip_autogen\flash_ctrl\rtl\flash_ctrl_prim_reg_top.sv":8)
Back to file 'C:\Workspace\FPGA\coralnpu-nano20k\bazel\external\lowrisc_opentitan_gh\hw\top_earlgrey\ip_autogen\flash_ctrl\rtl\flash_ctrl_prim_reg_top.sv'("C:\Workspace\FPGA\coralnpu-nano20k\bazel\external\lowrisc_opentitan_gh\hw\top_earlgrey\ip_autogen\flash_ctrl\rtl\flash_ctrl_prim_reg_top.sv":8)
Analyzing Verilog file 'C:\Workspace\FPGA\coralnpu-nano20k\bazel\external\lowrisc_opentitan_gh\hw\top_earlgrey\ip_autogen\flash_ctrl\rtl\flash_ctrl_prog.sv'
Analyzing Verilog file 'C:\Workspace\FPGA\coralnpu-nano20k\bazel\external\lowrisc_opentitan_gh\hw\top_earlgrey\ip_autogen\flash_ctrl\rtl\flash_ctrl_rd.sv'
Analyzing Verilog file 'C:\Workspace\FPGA\coralnpu-nano20k\bazel\external\lowrisc_opentitan_gh\hw\top_earlgrey\ip_autogen\flash_ctrl\rtl\flash_ctrl_region_cfg.sv'
Analyzing Verilog file 'C:\Workspace\FPGA\coralnpu-nano20k\bazel\external\lowrisc_opentitan_gh\hw\top_earlgrey\ip_autogen\flash_ctrl\rtl\flash_mp.sv'
Analyzing included file 'C:\Workspace\FPGA\coralnpu-nano20k\bazel\external\lowrisc_opentitan_gh\hw\ip\prim\rtl\prim_assert.sv'("C:\Workspace\FPGA\coralnpu-nano20k\bazel\external\lowrisc_opentitan_gh\hw\top_earlgrey\ip_autogen\flash_ctrl\rtl\flash_mp.sv":9)
Back to file 'C:\Workspace\FPGA\coralnpu-nano20k\bazel\external\lowrisc_opentitan_gh\hw\top_earlgrey\ip_autogen\flash_ctrl\rtl\flash_mp.sv'("C:\Workspace\FPGA\coralnpu-nano20k\bazel\external\lowrisc_opentitan_gh\hw\top_earlgrey\ip_autogen\flash_ctrl\rtl\flash_mp.sv":9)
Analyzing Verilog file 'C:\Workspace\FPGA\coralnpu-nano20k\bazel\external\lowrisc_opentitan_gh\hw\top_earlgrey\ip_autogen\flash_ctrl\rtl\flash_mp_data_region_sel.sv'
Analyzing included file 'C:\Workspace\FPGA\coralnpu-nano20k\bazel\external\lowrisc_opentitan_gh\hw\ip\prim\rtl\prim_assert.sv'("C:\Workspace\FPGA\coralnpu-nano20k\bazel\external\lowrisc_opentitan_gh\hw\top_earlgrey\ip_autogen\flash_ctrl\rtl\flash_mp_data_region_sel.sv":9)
Back to file 'C:\Workspace\FPGA\coralnpu-nano20k\bazel\external\lowrisc_opentitan_gh\hw\top_earlgrey\ip_autogen\flash_ctrl\rtl\flash_mp_data_region_sel.sv'("C:\Workspace\FPGA\coralnpu-nano20k\bazel\external\lowrisc_opentitan_gh\hw\top_earlgrey\ip_autogen\flash_ctrl\rtl\flash_mp_data_region_sel.sv":9)
Analyzing Verilog file 'C:\Workspace\FPGA\coralnpu-nano20k\bazel\external\lowrisc_opentitan_gh\hw\top_earlgrey\ip_autogen\flash_ctrl\rtl\flash_phy.sv'
Analyzing Verilog file 'C:\Workspace\FPGA\coralnpu-nano20k\bazel\external\lowrisc_opentitan_gh\hw\top_earlgrey\ip_autogen\flash_ctrl\rtl\flash_phy_core.sv'
Analyzing Verilog file 'C:\Workspace\FPGA\coralnpu-nano20k\bazel\external\lowrisc_opentitan_gh\hw\top_earlgrey\ip_autogen\flash_ctrl\rtl\flash_phy_erase.sv'
Analyzing Verilog file 'C:\Workspace\FPGA\coralnpu-nano20k\bazel\external\lowrisc_opentitan_gh\hw\top_earlgrey\ip_autogen\flash_ctrl\rtl\flash_phy_prog.sv'
Analyzing Verilog file 'C:\Workspace\FPGA\coralnpu-nano20k\bazel\external\lowrisc_opentitan_gh\hw\top_earlgrey\ip_autogen\flash_ctrl\rtl\flash_phy_rd.sv'
Analyzing Verilog file 'C:\Workspace\FPGA\coralnpu-nano20k\bazel\external\lowrisc_opentitan_gh\hw\top_earlgrey\ip_autogen\flash_ctrl\rtl\flash_phy_rd_buf_dep.sv'
Analyzing Verilog file 'C:\Workspace\FPGA\coralnpu-nano20k\bazel\external\lowrisc_opentitan_gh\hw\top_earlgrey\ip_autogen\flash_ctrl\rtl\flash_phy_rd_buffers.sv'
Analyzing Verilog file 'C:\Workspace\FPGA\coralnpu-nano20k\bazel\external\lowrisc_opentitan_gh\hw\top_earlgrey\ip_autogen\flash_ctrl\rtl\flash_phy_scramble.sv'
Analyzing Verilog file 'C:\Workspace\FPGA\coralnpu-nano20k\bazel\external\lowrisc_opentitan_gh\hw\top_earlgrey\ip_autogen\otp_ctrl\rtl\otp_ctrl_reg_pkg.sv'
Analyzing Verilog file 'C:\Workspace\FPGA\coralnpu-nano20k\bazel\external\lowrisc_opentitan_gh\hw\top_earlgrey\ip_autogen\otp_ctrl\rtl\otp_ctrl_top_specific_pkg.sv'
Analyzing Verilog file 'C:\Workspace\FPGA\coralnpu-nano20k\bazel\external\lowrisc_opentitan_gh\hw\top_earlgrey\ip_autogen\otp_ctrl\rtl\otp_ctrl_part_pkg.sv'
Analyzing Verilog file 'C:\Workspace\FPGA\coralnpu-nano20k\bazel\external\lowrisc_opentitan_gh\hw\top_earlgrey\ip_autogen\otp_ctrl\rtl\otp_ctrl.sv'
Analyzing included file 'C:\Workspace\FPGA\coralnpu-nano20k\bazel\external\lowrisc_opentitan_gh\hw\ip\prim\rtl\prim_assert.sv'("C:\Workspace\FPGA\coralnpu-nano20k\bazel\external\lowrisc_opentitan_gh\hw\top_earlgrey\ip_autogen\otp_ctrl\rtl\otp_ctrl.sv":9)
Back to file 'C:\Workspace\FPGA\coralnpu-nano20k\bazel\external\lowrisc_opentitan_gh\hw\top_earlgrey\ip_autogen\otp_ctrl\rtl\otp_ctrl.sv'("C:\Workspace\FPGA\coralnpu-nano20k\bazel\external\lowrisc_opentitan_gh\hw\top_earlgrey\ip_autogen\otp_ctrl\rtl\otp_ctrl.sv":9)
Analyzing Verilog file 'C:\Workspace\FPGA\coralnpu-nano20k\bazel\external\lowrisc_opentitan_gh\hw\top_earlgrey\ip_autogen\otp_ctrl\rtl\otp_ctrl_core_reg_top.sv'
Analyzing included file 'C:\Workspace\FPGA\coralnpu-nano20k\bazel\external\lowrisc_opentitan_gh\hw\ip\prim\rtl\prim_assert.sv'("C:\Workspace\FPGA\coralnpu-nano20k\bazel\external\lowrisc_opentitan_gh\hw\top_earlgrey\ip_autogen\otp_ctrl\rtl\otp_ctrl_core_reg_top.sv":8)
Back to file 'C:\Workspace\FPGA\coralnpu-nano20k\bazel\external\lowrisc_opentitan_gh\hw\top_earlgrey\ip_autogen\otp_ctrl\rtl\otp_ctrl_core_reg_top.sv'("C:\Workspace\FPGA\coralnpu-nano20k\bazel\external\lowrisc_opentitan_gh\hw\top_earlgrey\ip_autogen\otp_ctrl\rtl\otp_ctrl_core_reg_top.sv":8)
Analyzing Verilog file 'C:\Workspace\FPGA\coralnpu-nano20k\bazel\external\lowrisc_opentitan_gh\hw\top_earlgrey\ip_autogen\otp_ctrl\rtl\otp_ctrl_dai.sv'
Analyzing included file 'C:\Workspace\FPGA\coralnpu-nano20k\bazel\external\lowrisc_opentitan_gh\hw\ip\prim\rtl\prim_flop_macros.sv'("C:\Workspace\FPGA\coralnpu-nano20k\bazel\external\lowrisc_opentitan_gh\hw\top_earlgrey\ip_autogen\otp_ctrl\rtl\otp_ctrl_dai.sv":9)
Back to file 'C:\Workspace\FPGA\coralnpu-nano20k\bazel\external\lowrisc_opentitan_gh\hw\top_earlgrey\ip_autogen\otp_ctrl\rtl\otp_ctrl_dai.sv'("C:\Workspace\FPGA\coralnpu-nano20k\bazel\external\lowrisc_opentitan_gh\hw\top_earlgrey\ip_autogen\otp_ctrl\rtl\otp_ctrl_dai.sv":9)
Analyzing Verilog file 'C:\Workspace\FPGA\coralnpu-nano20k\bazel\external\lowrisc_opentitan_gh\hw\top_earlgrey\ip_autogen\otp_ctrl\rtl\otp_ctrl_ecc_reg.sv'
Analyzing included file 'C:\Workspace\FPGA\coralnpu-nano20k\bazel\external\lowrisc_opentitan_gh\hw\ip\prim\rtl\prim_assert.sv'("C:\Workspace\FPGA\coralnpu-nano20k\bazel\external\lowrisc_opentitan_gh\hw\top_earlgrey\ip_autogen\otp_ctrl\rtl\otp_ctrl_ecc_reg.sv":9)
Back to file 'C:\Workspace\FPGA\coralnpu-nano20k\bazel\external\lowrisc_opentitan_gh\hw\top_earlgrey\ip_autogen\otp_ctrl\rtl\otp_ctrl_ecc_reg.sv'("C:\Workspace\FPGA\coralnpu-nano20k\bazel\external\lowrisc_opentitan_gh\hw\top_earlgrey\ip_autogen\otp_ctrl\rtl\otp_ctrl_ecc_reg.sv":9)
Analyzing Verilog file 'C:\Workspace\FPGA\coralnpu-nano20k\bazel\external\lowrisc_opentitan_gh\hw\top_earlgrey\ip_autogen\otp_ctrl\rtl\otp_ctrl_kdi.sv'
Analyzing included file 'C:\Workspace\FPGA\coralnpu-nano20k\bazel\external\lowrisc_opentitan_gh\hw\ip\prim\rtl\prim_flop_macros.sv'("C:\Workspace\FPGA\coralnpu-nano20k\bazel\external\lowrisc_opentitan_gh\hw\top_earlgrey\ip_autogen\otp_ctrl\rtl\otp_ctrl_kdi.sv":9)
Back to file 'C:\Workspace\FPGA\coralnpu-nano20k\bazel\external\lowrisc_opentitan_gh\hw\top_earlgrey\ip_autogen\otp_ctrl\rtl\otp_ctrl_kdi.sv'("C:\Workspace\FPGA\coralnpu-nano20k\bazel\external\lowrisc_opentitan_gh\hw\top_earlgrey\ip_autogen\otp_ctrl\rtl\otp_ctrl_kdi.sv":9)
Analyzing Verilog file 'C:\Workspace\FPGA\coralnpu-nano20k\bazel\external\lowrisc_opentitan_gh\hw\top_earlgrey\ip_autogen\otp_ctrl\rtl\otp_ctrl_lci.sv'
Analyzing included file 'C:\Workspace\FPGA\coralnpu-nano20k\bazel\external\lowrisc_opentitan_gh\hw\ip\prim\rtl\prim_flop_macros.sv'("C:\Workspace\FPGA\coralnpu-nano20k\bazel\external\lowrisc_opentitan_gh\hw\top_earlgrey\ip_autogen\otp_ctrl\rtl\otp_ctrl_lci.sv":9)
Back to file 'C:\Workspace\FPGA\coralnpu-nano20k\bazel\external\lowrisc_opentitan_gh\hw\top_earlgrey\ip_autogen\otp_ctrl\rtl\otp_ctrl_lci.sv'("C:\Workspace\FPGA\coralnpu-nano20k\bazel\external\lowrisc_opentitan_gh\hw\top_earlgrey\ip_autogen\otp_ctrl\rtl\otp_ctrl_lci.sv":9)
Analyzing Verilog file 'C:\Workspace\FPGA\coralnpu-nano20k\bazel\external\lowrisc_opentitan_gh\hw\top_earlgrey\ip_autogen\otp_ctrl\rtl\otp_ctrl_lfsr_timer.sv'
Analyzing included file 'C:\Workspace\FPGA\coralnpu-nano20k\bazel\external\lowrisc_opentitan_gh\hw\ip\prim\rtl\prim_flop_macros.sv'("C:\Workspace\FPGA\coralnpu-nano20k\bazel\external\lowrisc_opentitan_gh\hw\top_earlgrey\ip_autogen\otp_ctrl\rtl\otp_ctrl_lfsr_timer.sv":30)
Back to file 'C:\Workspace\FPGA\coralnpu-nano20k\bazel\external\lowrisc_opentitan_gh\hw\top_earlgrey\ip_autogen\otp_ctrl\rtl\otp_ctrl_lfsr_timer.sv'("C:\Workspace\FPGA\coralnpu-nano20k\bazel\external\lowrisc_opentitan_gh\hw\top_earlgrey\ip_autogen\otp_ctrl\rtl\otp_ctrl_lfsr_timer.sv":30)
Analyzing Verilog file 'C:\Workspace\FPGA\coralnpu-nano20k\bazel\external\lowrisc_opentitan_gh\hw\top_earlgrey\ip_autogen\otp_ctrl\rtl\otp_ctrl_part_buf.sv'
Analyzing included file 'C:\Workspace\FPGA\coralnpu-nano20k\bazel\external\lowrisc_opentitan_gh\hw\ip\prim\rtl\prim_flop_macros.sv'("C:\Workspace\FPGA\coralnpu-nano20k\bazel\external\lowrisc_opentitan_gh\hw\top_earlgrey\ip_autogen\otp_ctrl\rtl\otp_ctrl_part_buf.sv":9)
Back to file 'C:\Workspace\FPGA\coralnpu-nano20k\bazel\external\lowrisc_opentitan_gh\hw\top_earlgrey\ip_autogen\otp_ctrl\rtl\otp_ctrl_part_buf.sv'("C:\Workspace\FPGA\coralnpu-nano20k\bazel\external\lowrisc_opentitan_gh\hw\top_earlgrey\ip_autogen\otp_ctrl\rtl\otp_ctrl_part_buf.sv":9)
Analyzing Verilog file 'C:\Workspace\FPGA\coralnpu-nano20k\bazel\external\lowrisc_opentitan_gh\hw\top_earlgrey\ip_autogen\otp_ctrl\rtl\otp_ctrl_part_unbuf.sv'
Analyzing included file 'C:\Workspace\FPGA\coralnpu-nano20k\bazel\external\lowrisc_opentitan_gh\hw\ip\prim\rtl\prim_flop_macros.sv'("C:\Workspace\FPGA\coralnpu-nano20k\bazel\external\lowrisc_opentitan_gh\hw\top_earlgrey\ip_autogen\otp_ctrl\rtl\otp_ctrl_part_unbuf.sv":9)
Back to file 'C:\Workspace\FPGA\coralnpu-nano20k\bazel\external\lowrisc_opentitan_gh\hw\top_earlgrey\ip_autogen\otp_ctrl\rtl\otp_ctrl_part_unbuf.sv'("C:\Workspace\FPGA\coralnpu-nano20k\bazel\external\lowrisc_opentitan_gh\hw\top_earlgrey\ip_autogen\otp_ctrl\rtl\otp_ctrl_part_unbuf.sv":9)
Analyzing Verilog file 'C:\Workspace\FPGA\coralnpu-nano20k\bazel\external\lowrisc_opentitan_gh\hw\top_earlgrey\ip_autogen\otp_ctrl\rtl\otp_ctrl_scrmbl.sv'
Analyzing included file 'C:\Workspace\FPGA\coralnpu-nano20k\bazel\external\lowrisc_opentitan_gh\hw\ip\prim\rtl\prim_flop_macros.sv'("C:\Workspace\FPGA\coralnpu-nano20k\bazel\external\lowrisc_opentitan_gh\hw\top_earlgrey\ip_autogen\otp_ctrl\rtl\otp_ctrl_scrmbl.sv":73)
Back to file 'C:\Workspace\FPGA\coralnpu-nano20k\bazel\external\lowrisc_opentitan_gh\hw\top_earlgrey\ip_autogen\otp_ctrl\rtl\otp_ctrl_scrmbl.sv'("C:\Workspace\FPGA\coralnpu-nano20k\bazel\external\lowrisc_opentitan_gh\hw\top_earlgrey\ip_autogen\otp_ctrl\rtl\otp_ctrl_scrmbl.sv":73)
Analyzing Verilog file 'C:\Workspace\FPGA\coralnpu-nano20k\bazel\external\lowrisc_opentitan_gh\hw\top_earlgrey\ip_autogen\pinmux\rtl\pinmux.sv'
Analyzing included file 'C:\Workspace\FPGA\coralnpu-nano20k\bazel\external\lowrisc_opentitan_gh\hw\ip\prim\rtl\prim_assert.sv'("C:\Workspace\FPGA\coralnpu-nano20k\bazel\external\lowrisc_opentitan_gh\hw\top_earlgrey\ip_autogen\pinmux\rtl\pinmux.sv":9)
Back to file 'C:\Workspace\FPGA\coralnpu-nano20k\bazel\external\lowrisc_opentitan_gh\hw\top_earlgrey\ip_autogen\pinmux\rtl\pinmux.sv'("C:\Workspace\FPGA\coralnpu-nano20k\bazel\external\lowrisc_opentitan_gh\hw\top_earlgrey\ip_autogen\pinmux\rtl\pinmux.sv":9)
Analyzing Verilog file 'C:\Workspace\FPGA\coralnpu-nano20k\bazel\external\lowrisc_opentitan_gh\hw\top_earlgrey\ip_autogen\pinmux\rtl\pinmux_jtag_breakout.sv'
Analyzing Verilog file 'C:\Workspace\FPGA\coralnpu-nano20k\bazel\external\lowrisc_opentitan_gh\hw\top_earlgrey\ip_autogen\pinmux\rtl\pinmux_jtag_buf.sv'
Analyzing Verilog file 'C:\Workspace\FPGA\coralnpu-nano20k\bazel\external\lowrisc_opentitan_gh\hw\top_earlgrey\ip_autogen\pinmux\rtl\pinmux_reg_top.sv'
Analyzing included file 'C:\Workspace\FPGA\coralnpu-nano20k\bazel\external\lowrisc_opentitan_gh\hw\ip\prim\rtl\prim_assert.sv'("C:\Workspace\FPGA\coralnpu-nano20k\bazel\external\lowrisc_opentitan_gh\hw\top_earlgrey\ip_autogen\pinmux\rtl\pinmux_reg_top.sv":8)
Back to file 'C:\Workspace\FPGA\coralnpu-nano20k\bazel\external\lowrisc_opentitan_gh\hw\top_earlgrey\ip_autogen\pinmux\rtl\pinmux_reg_top.sv'("C:\Workspace\FPGA\coralnpu-nano20k\bazel\external\lowrisc_opentitan_gh\hw\top_earlgrey\ip_autogen\pinmux\rtl\pinmux_reg_top.sv":8)
Analyzing Verilog file 'C:\Workspace\FPGA\coralnpu-nano20k\bazel\external\lowrisc_opentitan_gh\hw\top_earlgrey\ip_autogen\pinmux\rtl\pinmux_strap_sampling.sv'
Analyzing Verilog file 'C:\Workspace\FPGA\coralnpu-nano20k\bazel\external\lowrisc_opentitan_gh\hw\top_earlgrey\ip_autogen\pinmux\rtl\pinmux_wkup.sv'
Analyzing Verilog file 'C:\Workspace\FPGA\coralnpu-nano20k\bazel\external\lowrisc_opentitan_gh\hw\top_earlgrey\ip_autogen\pwrmgr\rtl\pwrmgr.sv'
Analyzing included file 'C:\Workspace\FPGA\coralnpu-nano20k\bazel\external\lowrisc_opentitan_gh\hw\ip\prim\rtl\prim_assert.sv'("C:\Workspace\FPGA\coralnpu-nano20k\bazel\external\lowrisc_opentitan_gh\hw\top_earlgrey\ip_autogen\pwrmgr\rtl\pwrmgr.sv":9)
Back to file 'C:\Workspace\FPGA\coralnpu-nano20k\bazel\external\lowrisc_opentitan_gh\hw\top_earlgrey\ip_autogen\pwrmgr\rtl\pwrmgr.sv'("C:\Workspace\FPGA\coralnpu-nano20k\bazel\external\lowrisc_opentitan_gh\hw\top_earlgrey\ip_autogen\pwrmgr\rtl\pwrmgr.sv":9)
Analyzing Verilog file 'C:\Workspace\FPGA\coralnpu-nano20k\bazel\external\lowrisc_opentitan_gh\hw\top_earlgrey\ip_autogen\pwrmgr\rtl\pwrmgr_cdc.sv'
Analyzing included file 'C:\Workspace\FPGA\coralnpu-nano20k\bazel\external\lowrisc_opentitan_gh\hw\ip\prim\rtl\prim_assert.sv'("C:\Workspace\FPGA\coralnpu-nano20k\bazel\external\lowrisc_opentitan_gh\hw\top_earlgrey\ip_autogen\pwrmgr\rtl\pwrmgr_cdc.sv":9)
Back to file 'C:\Workspace\FPGA\coralnpu-nano20k\bazel\external\lowrisc_opentitan_gh\hw\top_earlgrey\ip_autogen\pwrmgr\rtl\pwrmgr_cdc.sv'("C:\Workspace\FPGA\coralnpu-nano20k\bazel\external\lowrisc_opentitan_gh\hw\top_earlgrey\ip_autogen\pwrmgr\rtl\pwrmgr_cdc.sv":9)
Analyzing Verilog file 'C:\Workspace\FPGA\coralnpu-nano20k\bazel\external\lowrisc_opentitan_gh\hw\top_earlgrey\ip_autogen\pwrmgr\rtl\pwrmgr_cdc_pulse.sv'
Analyzing included file 'C:\Workspace\FPGA\coralnpu-nano20k\bazel\external\lowrisc_opentitan_gh\hw\ip\prim\rtl\prim_assert.sv'("C:\Workspace\FPGA\coralnpu-nano20k\bazel\external\lowrisc_opentitan_gh\hw\top_earlgrey\ip_autogen\pwrmgr\rtl\pwrmgr_cdc_pulse.sv":10)
Back to file 'C:\Workspace\FPGA\coralnpu-nano20k\bazel\external\lowrisc_opentitan_gh\hw\top_earlgrey\ip_autogen\pwrmgr\rtl\pwrmgr_cdc_pulse.sv'("C:\Workspace\FPGA\coralnpu-nano20k\bazel\external\lowrisc_opentitan_gh\hw\top_earlgrey\ip_autogen\pwrmgr\rtl\pwrmgr_cdc_pulse.sv":10)
Analyzing Verilog file 'C:\Workspace\FPGA\coralnpu-nano20k\bazel\external\lowrisc_opentitan_gh\hw\top_earlgrey\ip_autogen\pwrmgr\rtl\pwrmgr_fsm.sv'
Analyzing included file 'C:\Workspace\FPGA\coralnpu-nano20k\bazel\external\lowrisc_opentitan_gh\hw\ip\prim\rtl\prim_assert.sv'("C:\Workspace\FPGA\coralnpu-nano20k\bazel\external\lowrisc_opentitan_gh\hw\top_earlgrey\ip_autogen\pwrmgr\rtl\pwrmgr_fsm.sv":9)
Back to file 'C:\Workspace\FPGA\coralnpu-nano20k\bazel\external\lowrisc_opentitan_gh\hw\top_earlgrey\ip_autogen\pwrmgr\rtl\pwrmgr_fsm.sv'("C:\Workspace\FPGA\coralnpu-nano20k\bazel\external\lowrisc_opentitan_gh\hw\top_earlgrey\ip_autogen\pwrmgr\rtl\pwrmgr_fsm.sv":9)
Analyzing Verilog file 'C:\Workspace\FPGA\coralnpu-nano20k\bazel\external\lowrisc_opentitan_gh\hw\top_earlgrey\ip_autogen\pwrmgr\rtl\pwrmgr_reg_top.sv'
Analyzing included file 'C:\Workspace\FPGA\coralnpu-nano20k\bazel\external\lowrisc_opentitan_gh\hw\ip\prim\rtl\prim_assert.sv'("C:\Workspace\FPGA\coralnpu-nano20k\bazel\external\lowrisc_opentitan_gh\hw\top_earlgrey\ip_autogen\pwrmgr\rtl\pwrmgr_reg_top.sv":8)
Back to file 'C:\Workspace\FPGA\coralnpu-nano20k\bazel\external\lowrisc_opentitan_gh\hw\top_earlgrey\ip_autogen\pwrmgr\rtl\pwrmgr_reg_top.sv'("C:\Workspace\FPGA\coralnpu-nano20k\bazel\external\lowrisc_opentitan_gh\hw\top_earlgrey\ip_autogen\pwrmgr\rtl\pwrmgr_reg_top.sv":8)
Analyzing Verilog file 'C:\Workspace\FPGA\coralnpu-nano20k\bazel\external\lowrisc_opentitan_gh\hw\top_earlgrey\ip_autogen\pwrmgr\rtl\pwrmgr_slow_fsm.sv'
Analyzing included file 'C:\Workspace\FPGA\coralnpu-nano20k\bazel\external\lowrisc_opentitan_gh\hw\ip\prim\rtl\prim_assert.sv'("C:\Workspace\FPGA\coralnpu-nano20k\bazel\external\lowrisc_opentitan_gh\hw\top_earlgrey\ip_autogen\pwrmgr\rtl\pwrmgr_slow_fsm.sv":9)
Back to file 'C:\Workspace\FPGA\coralnpu-nano20k\bazel\external\lowrisc_opentitan_gh\hw\top_earlgrey\ip_autogen\pwrmgr\rtl\pwrmgr_slow_fsm.sv'("C:\Workspace\FPGA\coralnpu-nano20k\bazel\external\lowrisc_opentitan_gh\hw\top_earlgrey\ip_autogen\pwrmgr\rtl\pwrmgr_slow_fsm.sv":9)
Analyzing Verilog file 'C:\Workspace\FPGA\coralnpu-nano20k\bazel\external\lowrisc_opentitan_gh\hw\top_earlgrey\ip_autogen\pwrmgr\rtl\pwrmgr_wake_info.sv'
Analyzing included file 'C:\Workspace\FPGA\coralnpu-nano20k\bazel\external\lowrisc_opentitan_gh\hw\ip\prim\rtl\prim_assert.sv'("C:\Workspace\FPGA\coralnpu-nano20k\bazel\external\lowrisc_opentitan_gh\hw\top_earlgrey\ip_autogen\pwrmgr\rtl\pwrmgr_wake_info.sv":9)
Back to file 'C:\Workspace\FPGA\coralnpu-nano20k\bazel\external\lowrisc_opentitan_gh\hw\top_earlgrey\ip_autogen\pwrmgr\rtl\pwrmgr_wake_info.sv'("C:\Workspace\FPGA\coralnpu-nano20k\bazel\external\lowrisc_opentitan_gh\hw\top_earlgrey\ip_autogen\pwrmgr\rtl\pwrmgr_wake_info.sv":9)
Analyzing Verilog file 'C:\Workspace\FPGA\coralnpu-nano20k\bazel\external\lowrisc_opentitan_gh\hw\top_earlgrey\ip_autogen\rstmgr\rtl\rstmgr.sv'
Analyzing included file 'C:\Workspace\FPGA\coralnpu-nano20k\bazel\external\lowrisc_opentitan_gh\hw\ip\prim\rtl\prim_assert.sv'("C:\Workspace\FPGA\coralnpu-nano20k\bazel\external\lowrisc_opentitan_gh\hw\top_earlgrey\ip_autogen\rstmgr\rtl\rstmgr.sv":8)
Back to file 'C:\Workspace\FPGA\coralnpu-nano20k\bazel\external\lowrisc_opentitan_gh\hw\top_earlgrey\ip_autogen\rstmgr\rtl\rstmgr.sv'("C:\Workspace\FPGA\coralnpu-nano20k\bazel\external\lowrisc_opentitan_gh\hw\top_earlgrey\ip_autogen\rstmgr\rtl\rstmgr.sv":8)
Analyzing Verilog file 'C:\Workspace\FPGA\coralnpu-nano20k\bazel\external\lowrisc_opentitan_gh\hw\top_earlgrey\ip_autogen\rstmgr\rtl\rstmgr_cnsty_chk.sv'
Analyzing included file 'C:\Workspace\FPGA\coralnpu-nano20k\bazel\external\lowrisc_opentitan_gh\hw\ip\prim\rtl\prim_assert.sv'("C:\Workspace\FPGA\coralnpu-nano20k\bazel\external\lowrisc_opentitan_gh\hw\top_earlgrey\ip_autogen\rstmgr\rtl\rstmgr_cnsty_chk.sv":13)
Back to file 'C:\Workspace\FPGA\coralnpu-nano20k\bazel\external\lowrisc_opentitan_gh\hw\top_earlgrey\ip_autogen\rstmgr\rtl\rstmgr_cnsty_chk.sv'("C:\Workspace\FPGA\coralnpu-nano20k\bazel\external\lowrisc_opentitan_gh\hw\top_earlgrey\ip_autogen\rstmgr\rtl\rstmgr_cnsty_chk.sv":13)
Analyzing Verilog file 'C:\Workspace\FPGA\coralnpu-nano20k\bazel\external\lowrisc_opentitan_gh\hw\top_earlgrey\ip_autogen\rstmgr\rtl\rstmgr_crash_info.sv'
Analyzing included file 'C:\Workspace\FPGA\coralnpu-nano20k\bazel\external\lowrisc_opentitan_gh\hw\ip\prim\rtl\prim_assert.sv'("C:\Workspace\FPGA\coralnpu-nano20k\bazel\external\lowrisc_opentitan_gh\hw\top_earlgrey\ip_autogen\rstmgr\rtl\rstmgr_crash_info.sv":7)
Back to file 'C:\Workspace\FPGA\coralnpu-nano20k\bazel\external\lowrisc_opentitan_gh\hw\top_earlgrey\ip_autogen\rstmgr\rtl\rstmgr_crash_info.sv'("C:\Workspace\FPGA\coralnpu-nano20k\bazel\external\lowrisc_opentitan_gh\hw\top_earlgrey\ip_autogen\rstmgr\rtl\rstmgr_crash_info.sv":7)
Analyzing Verilog file 'C:\Workspace\FPGA\coralnpu-nano20k\bazel\external\lowrisc_opentitan_gh\hw\top_earlgrey\ip_autogen\rstmgr\rtl\rstmgr_ctrl.sv'
Analyzing included file 'C:\Workspace\FPGA\coralnpu-nano20k\bazel\external\lowrisc_opentitan_gh\hw\ip\prim\rtl\prim_assert.sv'("C:\Workspace\FPGA\coralnpu-nano20k\bazel\external\lowrisc_opentitan_gh\hw\top_earlgrey\ip_autogen\rstmgr\rtl\rstmgr_ctrl.sv":9)
Back to file 'C:\Workspace\FPGA\coralnpu-nano20k\bazel\external\lowrisc_opentitan_gh\hw\top_earlgrey\ip_autogen\rstmgr\rtl\rstmgr_ctrl.sv'("C:\Workspace\FPGA\coralnpu-nano20k\bazel\external\lowrisc_opentitan_gh\hw\top_earlgrey\ip_autogen\rstmgr\rtl\rstmgr_ctrl.sv":9)
Analyzing Verilog file 'C:\Workspace\FPGA\coralnpu-nano20k\bazel\external\lowrisc_opentitan_gh\hw\top_earlgrey\ip_autogen\rstmgr\rtl\rstmgr_leaf_rst.sv'
Analyzing included file 'C:\Workspace\FPGA\coralnpu-nano20k\bazel\external\lowrisc_opentitan_gh\hw\ip\prim\rtl\prim_assert.sv'("C:\Workspace\FPGA\coralnpu-nano20k\bazel\external\lowrisc_opentitan_gh\hw\top_earlgrey\ip_autogen\rstmgr\rtl\rstmgr_leaf_rst.sv":9)
Back to file 'C:\Workspace\FPGA\coralnpu-nano20k\bazel\external\lowrisc_opentitan_gh\hw\top_earlgrey\ip_autogen\rstmgr\rtl\rstmgr_leaf_rst.sv'("C:\Workspace\FPGA\coralnpu-nano20k\bazel\external\lowrisc_opentitan_gh\hw\top_earlgrey\ip_autogen\rstmgr\rtl\rstmgr_leaf_rst.sv":9)
Analyzing Verilog file 'C:\Workspace\FPGA\coralnpu-nano20k\bazel\external\lowrisc_opentitan_gh\hw\top_earlgrey\ip_autogen\rstmgr\rtl\rstmgr_por.sv'
Analyzing Verilog file 'C:\Workspace\FPGA\coralnpu-nano20k\bazel\external\lowrisc_opentitan_gh\hw\top_earlgrey\ip_autogen\rstmgr\rtl\rstmgr_reg_top.sv'
Analyzing included file 'C:\Workspace\FPGA\coralnpu-nano20k\bazel\external\lowrisc_opentitan_gh\hw\ip\prim\rtl\prim_assert.sv'("C:\Workspace\FPGA\coralnpu-nano20k\bazel\external\lowrisc_opentitan_gh\hw\top_earlgrey\ip_autogen\rstmgr\rtl\rstmgr_reg_top.sv":8)
Back to file 'C:\Workspace\FPGA\coralnpu-nano20k\bazel\external\lowrisc_opentitan_gh\hw\top_earlgrey\ip_autogen\rstmgr\rtl\rstmgr_reg_top.sv'("C:\Workspace\FPGA\coralnpu-nano20k\bazel\external\lowrisc_opentitan_gh\hw\top_earlgrey\ip_autogen\rstmgr\rtl\rstmgr_reg_top.sv":8)
Analyzing Verilog file 'C:\Workspace\FPGA\coralnpu-nano20k\bazel\external\lowrisc_opentitan_gh\hw\top_earlgrey\ip_autogen\rv_plic\rtl\rv_plic_reg_pkg.sv'
Analyzing Verilog file 'C:\Workspace\FPGA\coralnpu-nano20k\bazel\external\lowrisc_opentitan_gh\hw\top_earlgrey\ip_autogen\rv_plic\rtl\rv_plic.sv'
Analyzing included file 'C:\Workspace\FPGA\coralnpu-nano20k\bazel\external\lowrisc_opentitan_gh\hw\ip\prim\rtl\prim_assert.sv'("C:\Workspace\FPGA\coralnpu-nano20k\bazel\external\lowrisc_opentitan_gh\hw\top_earlgrey\ip_autogen\rv_plic\rtl\rv_plic.sv":18)
Back to file 'C:\Workspace\FPGA\coralnpu-nano20k\bazel\external\lowrisc_opentitan_gh\hw\top_earlgrey\ip_autogen\rv_plic\rtl\rv_plic.sv'("C:\Workspace\FPGA\coralnpu-nano20k\bazel\external\lowrisc_opentitan_gh\hw\top_earlgrey\ip_autogen\rv_plic\rtl\rv_plic.sv":18)
Analyzing Verilog file 'C:\Workspace\FPGA\coralnpu-nano20k\bazel\external\lowrisc_opentitan_gh\hw\top_earlgrey\ip_autogen\rv_plic\rtl\rv_plic_gateway.sv'
Analyzing Verilog file 'C:\Workspace\FPGA\coralnpu-nano20k\bazel\external\lowrisc_opentitan_gh\hw\top_earlgrey\ip_autogen\rv_plic\rtl\rv_plic_reg_top.sv'
Analyzing included file 'C:\Workspace\FPGA\coralnpu-nano20k\bazel\external\lowrisc_opentitan_gh\hw\ip\prim\rtl\prim_assert.sv'("C:\Workspace\FPGA\coralnpu-nano20k\bazel\external\lowrisc_opentitan_gh\hw\top_earlgrey\ip_autogen\rv_plic\rtl\rv_plic_reg_top.sv":8)
Back to file 'C:\Workspace\FPGA\coralnpu-nano20k\bazel\external\lowrisc_opentitan_gh\hw\top_earlgrey\ip_autogen\rv_plic\rtl\rv_plic_reg_top.sv'("C:\Workspace\FPGA\coralnpu-nano20k\bazel\external\lowrisc_opentitan_gh\hw\top_earlgrey\ip_autogen\rv_plic\rtl\rv_plic_reg_top.sv":8)
Analyzing Verilog file 'C:\Workspace\FPGA\coralnpu-nano20k\bazel\external\lowrisc_opentitan_gh\hw\top_earlgrey\ip_autogen\rv_plic\rtl\rv_plic_target.sv'
Analyzing included file 'C:\Workspace\FPGA\coralnpu-nano20k\bazel\external\lowrisc_opentitan_gh\hw\ip\prim\rtl\prim_assert.sv'("C:\Workspace\FPGA\coralnpu-nano20k\bazel\external\lowrisc_opentitan_gh\hw\top_earlgrey\ip_autogen\rv_plic\rtl\rv_plic_target.sv":16)
Back to file 'C:\Workspace\FPGA\coralnpu-nano20k\bazel\external\lowrisc_opentitan_gh\hw\top_earlgrey\ip_autogen\rv_plic\rtl\rv_plic_target.sv'("C:\Workspace\FPGA\coralnpu-nano20k\bazel\external\lowrisc_opentitan_gh\hw\top_earlgrey\ip_autogen\rv_plic\rtl\rv_plic_target.sv":16)
Analyzing Verilog file 'C:\Workspace\FPGA\coralnpu-nano20k\bazel\external\lowrisc_opentitan_gh\hw\vendor\lowrisc_ibex\rtl\ibex_alu.sv'
Analyzing Verilog file 'C:\Workspace\FPGA\coralnpu-nano20k\bazel\external\lowrisc_opentitan_gh\hw\vendor\lowrisc_ibex\rtl\ibex_branch_predict.sv'
Analyzing included file 'C:\Workspace\FPGA\coralnpu-nano20k\bazel\external\lowrisc_opentitan_gh\hw\ip\prim\rtl\prim_assert.sv'("C:\Workspace\FPGA\coralnpu-nano20k\bazel\external\lowrisc_opentitan_gh\hw\vendor\lowrisc_ibex\rtl\ibex_branch_predict.sv":19)
Back to file 'C:\Workspace\FPGA\coralnpu-nano20k\bazel\external\lowrisc_opentitan_gh\hw\vendor\lowrisc_ibex\rtl\ibex_branch_predict.sv'("C:\Workspace\FPGA\coralnpu-nano20k\bazel\external\lowrisc_opentitan_gh\hw\vendor\lowrisc_ibex\rtl\ibex_branch_predict.sv":19)
Analyzing Verilog file 'C:\Workspace\FPGA\coralnpu-nano20k\bazel\external\lowrisc_opentitan_gh\hw\vendor\lowrisc_ibex\rtl\ibex_compressed_decoder.sv'
Analyzing included file 'C:\Workspace\FPGA\coralnpu-nano20k\bazel\external\lowrisc_opentitan_gh\hw\ip\prim\rtl\prim_assert.sv'("C:\Workspace\FPGA\coralnpu-nano20k\bazel\external\lowrisc_opentitan_gh\hw\vendor\lowrisc_ibex\rtl\ibex_compressed_decoder.sv":15)
Back to file 'C:\Workspace\FPGA\coralnpu-nano20k\bazel\external\lowrisc_opentitan_gh\hw\vendor\lowrisc_ibex\rtl\ibex_compressed_decoder.sv'("C:\Workspace\FPGA\coralnpu-nano20k\bazel\external\lowrisc_opentitan_gh\hw\vendor\lowrisc_ibex\rtl\ibex_compressed_decoder.sv":15)
Analyzing Verilog file 'C:\Workspace\FPGA\coralnpu-nano20k\bazel\external\lowrisc_opentitan_gh\hw\vendor\lowrisc_ibex\rtl\ibex_controller.sv'
Analyzing included file 'C:\Workspace\FPGA\coralnpu-nano20k\bazel\external\lowrisc_opentitan_gh\hw\ip\prim\rtl\prim_assert.sv'("C:\Workspace\FPGA\coralnpu-nano20k\bazel\external\lowrisc_opentitan_gh\hw\vendor\lowrisc_ibex\rtl\ibex_controller.sv":11)
Back to file 'C:\Workspace\FPGA\coralnpu-nano20k\bazel\external\lowrisc_opentitan_gh\hw\vendor\lowrisc_ibex\rtl\ibex_controller.sv'("C:\Workspace\FPGA\coralnpu-nano20k\bazel\external\lowrisc_opentitan_gh\hw\vendor\lowrisc_ibex\rtl\ibex_controller.sv":11)
Analyzing Verilog file 'C:\Workspace\FPGA\coralnpu-nano20k\bazel\external\lowrisc_opentitan_gh\hw\vendor\lowrisc_ibex\rtl\ibex_core.sv'
Analyzing included file 'C:\Workspace\FPGA\coralnpu-nano20k\bazel\external\lowrisc_opentitan_gh\hw\ip\prim\rtl\prim_assert.sv'("C:\Workspace\FPGA\coralnpu-nano20k\bazel\external\lowrisc_opentitan_gh\hw\vendor\lowrisc_ibex\rtl\ibex_core.sv":11)
Back to file 'C:\Workspace\FPGA\coralnpu-nano20k\bazel\external\lowrisc_opentitan_gh\hw\vendor\lowrisc_ibex\rtl\ibex_core.sv'("C:\Workspace\FPGA\coralnpu-nano20k\bazel\external\lowrisc_opentitan_gh\hw\vendor\lowrisc_ibex\rtl\ibex_core.sv":11)
Analyzing Verilog file 'C:\Workspace\FPGA\coralnpu-nano20k\bazel\external\lowrisc_opentitan_gh\hw\vendor\lowrisc_ibex\rtl\ibex_counter.sv'
Analyzing Verilog file 'C:\Workspace\FPGA\coralnpu-nano20k\bazel\external\lowrisc_opentitan_gh\hw\vendor\lowrisc_ibex\rtl\ibex_cs_registers.sv'
Analyzing included file 'C:\Workspace\FPGA\coralnpu-nano20k\bazel\external\lowrisc_opentitan_gh\hw\ip\prim\rtl\prim_assert.sv'("C:\Workspace\FPGA\coralnpu-nano20k\bazel\external\lowrisc_opentitan_gh\hw\vendor\lowrisc_ibex\rtl\ibex_cs_registers.sv":11)
Back to file 'C:\Workspace\FPGA\coralnpu-nano20k\bazel\external\lowrisc_opentitan_gh\hw\vendor\lowrisc_ibex\rtl\ibex_cs_registers.sv'("C:\Workspace\FPGA\coralnpu-nano20k\bazel\external\lowrisc_opentitan_gh\hw\vendor\lowrisc_ibex\rtl\ibex_cs_registers.sv":11)
Analyzing Verilog file 'C:\Workspace\FPGA\coralnpu-nano20k\bazel\external\lowrisc_opentitan_gh\hw\vendor\lowrisc_ibex\rtl\ibex_csr.sv'
Analyzing included file 'C:\Workspace\FPGA\coralnpu-nano20k\bazel\external\lowrisc_opentitan_gh\hw\ip\prim\rtl\prim_assert.sv'("C:\Workspace\FPGA\coralnpu-nano20k\bazel\external\lowrisc_opentitan_gh\hw\vendor\lowrisc_ibex\rtl\ibex_csr.sv":10)
Back to file 'C:\Workspace\FPGA\coralnpu-nano20k\bazel\external\lowrisc_opentitan_gh\hw\vendor\lowrisc_ibex\rtl\ibex_csr.sv'("C:\Workspace\FPGA\coralnpu-nano20k\bazel\external\lowrisc_opentitan_gh\hw\vendor\lowrisc_ibex\rtl\ibex_csr.sv":10)
Analyzing Verilog file 'C:\Workspace\FPGA\coralnpu-nano20k\bazel\external\lowrisc_opentitan_gh\hw\vendor\lowrisc_ibex\rtl\ibex_decoder.sv'
Analyzing included file 'C:\Workspace\FPGA\coralnpu-nano20k\bazel\external\lowrisc_opentitan_gh\hw\ip\prim\rtl\prim_assert.sv'("C:\Workspace\FPGA\coralnpu-nano20k\bazel\external\lowrisc_opentitan_gh\hw\vendor\lowrisc_ibex\rtl\ibex_decoder.sv":15)
Back to file 'C:\Workspace\FPGA\coralnpu-nano20k\bazel\external\lowrisc_opentitan_gh\hw\vendor\lowrisc_ibex\rtl\ibex_decoder.sv'("C:\Workspace\FPGA\coralnpu-nano20k\bazel\external\lowrisc_opentitan_gh\hw\vendor\lowrisc_ibex\rtl\ibex_decoder.sv":15)
Analyzing Verilog file 'C:\Workspace\FPGA\coralnpu-nano20k\bazel\external\lowrisc_opentitan_gh\hw\vendor\lowrisc_ibex\rtl\ibex_dummy_instr.sv'
Analyzing Verilog file 'C:\Workspace\FPGA\coralnpu-nano20k\bazel\external\lowrisc_opentitan_gh\hw\vendor\lowrisc_ibex\rtl\ibex_ex_block.sv'
Analyzing Verilog file 'C:\Workspace\FPGA\coralnpu-nano20k\bazel\external\lowrisc_opentitan_gh\hw\vendor\lowrisc_ibex\rtl\ibex_fetch_fifo.sv'
Analyzing included file 'C:\Workspace\FPGA\coralnpu-nano20k\bazel\external\lowrisc_opentitan_gh\hw\ip\prim\rtl\prim_assert.sv'("C:\Workspace\FPGA\coralnpu-nano20k\bazel\external\lowrisc_opentitan_gh\hw\vendor\lowrisc_ibex\rtl\ibex_fetch_fifo.sv":14)
Back to file 'C:\Workspace\FPGA\coralnpu-nano20k\bazel\external\lowrisc_opentitan_gh\hw\vendor\lowrisc_ibex\rtl\ibex_fetch_fifo.sv'("C:\Workspace\FPGA\coralnpu-nano20k\bazel\external\lowrisc_opentitan_gh\hw\vendor\lowrisc_ibex\rtl\ibex_fetch_fifo.sv":14)
Analyzing Verilog file 'C:\Workspace\FPGA\coralnpu-nano20k\bazel\external\lowrisc_opentitan_gh\hw\vendor\lowrisc_ibex\rtl\ibex_icache.sv'
Analyzing included file 'C:\Workspace\FPGA\coralnpu-nano20k\bazel\external\lowrisc_opentitan_gh\hw\ip\prim\rtl\prim_assert.sv'("C:\Workspace\FPGA\coralnpu-nano20k\bazel\external\lowrisc_opentitan_gh\hw\vendor\lowrisc_ibex\rtl\ibex_icache.sv":12)
Back to file 'C:\Workspace\FPGA\coralnpu-nano20k\bazel\external\lowrisc_opentitan_gh\hw\vendor\lowrisc_ibex\rtl\ibex_icache.sv'("C:\Workspace\FPGA\coralnpu-nano20k\bazel\external\lowrisc_opentitan_gh\hw\vendor\lowrisc_ibex\rtl\ibex_icache.sv":12)
Analyzing Verilog file 'C:\Workspace\FPGA\coralnpu-nano20k\bazel\external\lowrisc_opentitan_gh\hw\vendor\lowrisc_ibex\rtl\ibex_id_stage.sv'
Analyzing included file 'C:\Workspace\FPGA\coralnpu-nano20k\bazel\external\lowrisc_opentitan_gh\hw\ip\prim\rtl\prim_assert.sv'("C:\Workspace\FPGA\coralnpu-nano20k\bazel\external\lowrisc_opentitan_gh\hw\vendor\lowrisc_ibex\rtl\ibex_id_stage.sv":18)
Back to file 'C:\Workspace\FPGA\coralnpu-nano20k\bazel\external\lowrisc_opentitan_gh\hw\vendor\lowrisc_ibex\rtl\ibex_id_stage.sv'("C:\Workspace\FPGA\coralnpu-nano20k\bazel\external\lowrisc_opentitan_gh\hw\vendor\lowrisc_ibex\rtl\ibex_id_stage.sv":18)
Analyzing Verilog file 'C:\Workspace\FPGA\coralnpu-nano20k\bazel\external\lowrisc_opentitan_gh\hw\vendor\lowrisc_ibex\rtl\ibex_if_stage.sv'
Analyzing included file 'C:\Workspace\FPGA\coralnpu-nano20k\bazel\external\lowrisc_opentitan_gh\hw\ip\prim\rtl\prim_assert.sv'("C:\Workspace\FPGA\coralnpu-nano20k\bazel\external\lowrisc_opentitan_gh\hw\vendor\lowrisc_ibex\rtl\ibex_if_stage.sv":14)
Back to file 'C:\Workspace\FPGA\coralnpu-nano20k\bazel\external\lowrisc_opentitan_gh\hw\vendor\lowrisc_ibex\rtl\ibex_if_stage.sv'("C:\Workspace\FPGA\coralnpu-nano20k\bazel\external\lowrisc_opentitan_gh\hw\vendor\lowrisc_ibex\rtl\ibex_if_stage.sv":14)
Analyzing Verilog file 'C:\Workspace\FPGA\coralnpu-nano20k\bazel\external\lowrisc_opentitan_gh\hw\vendor\lowrisc_ibex\rtl\ibex_load_store_unit.sv'
Analyzing included file 'C:\Workspace\FPGA\coralnpu-nano20k\bazel\external\lowrisc_opentitan_gh\hw\ip\prim\rtl\prim_assert.sv'("C:\Workspace\FPGA\coralnpu-nano20k\bazel\external\lowrisc_opentitan_gh\hw\vendor\lowrisc_ibex\rtl\ibex_load_store_unit.sv":15)
Back to file 'C:\Workspace\FPGA\coralnpu-nano20k\bazel\external\lowrisc_opentitan_gh\hw\vendor\lowrisc_ibex\rtl\ibex_load_store_unit.sv'("C:\Workspace\FPGA\coralnpu-nano20k\bazel\external\lowrisc_opentitan_gh\hw\vendor\lowrisc_ibex\rtl\ibex_load_store_unit.sv":15)
Analyzing Verilog file 'C:\Workspace\FPGA\coralnpu-nano20k\bazel\external\lowrisc_opentitan_gh\hw\vendor\lowrisc_ibex\rtl\ibex_lockstep.sv'
Analyzing Verilog file 'C:\Workspace\FPGA\coralnpu-nano20k\bazel\external\lowrisc_opentitan_gh\hw\vendor\lowrisc_ibex\rtl\ibex_multdiv_fast.sv'
Analyzing included file 'C:\Workspace\FPGA\coralnpu-nano20k\bazel\external\lowrisc_opentitan_gh\hw\ip\prim\rtl\prim_assert.sv'("C:\Workspace\FPGA\coralnpu-nano20k\bazel\external\lowrisc_opentitan_gh\hw\vendor\lowrisc_ibex\rtl\ibex_multdiv_fast.sv":16)
Back to file 'C:\Workspace\FPGA\coralnpu-nano20k\bazel\external\lowrisc_opentitan_gh\hw\vendor\lowrisc_ibex\rtl\ibex_multdiv_fast.sv'("C:\Workspace\FPGA\coralnpu-nano20k\bazel\external\lowrisc_opentitan_gh\hw\vendor\lowrisc_ibex\rtl\ibex_multdiv_fast.sv":16)
Analyzing Verilog file 'C:\Workspace\FPGA\coralnpu-nano20k\bazel\external\lowrisc_opentitan_gh\hw\vendor\lowrisc_ibex\rtl\ibex_multdiv_slow.sv'
Analyzing included file 'C:\Workspace\FPGA\coralnpu-nano20k\bazel\external\lowrisc_opentitan_gh\hw\ip\prim\rtl\prim_assert.sv'("C:\Workspace\FPGA\coralnpu-nano20k\bazel\external\lowrisc_opentitan_gh\hw\vendor\lowrisc_ibex\rtl\ibex_multdiv_slow.sv":13)
Back to file 'C:\Workspace\FPGA\coralnpu-nano20k\bazel\external\lowrisc_opentitan_gh\hw\vendor\lowrisc_ibex\rtl\ibex_multdiv_slow.sv'("C:\Workspace\FPGA\coralnpu-nano20k\bazel\external\lowrisc_opentitan_gh\hw\vendor\lowrisc_ibex\rtl\ibex_multdiv_slow.sv":13)
Analyzing Verilog file 'C:\Workspace\FPGA\coralnpu-nano20k\bazel\external\lowrisc_opentitan_gh\hw\vendor\lowrisc_ibex\rtl\ibex_pmp.sv'
Analyzing Verilog file 'C:\Workspace\FPGA\coralnpu-nano20k\bazel\external\lowrisc_opentitan_gh\hw\vendor\lowrisc_ibex\rtl\ibex_prefetch_buffer.sv'
Analyzing Verilog file 'C:\Workspace\FPGA\coralnpu-nano20k\bazel\external\lowrisc_opentitan_gh\hw\vendor\lowrisc_ibex\rtl\ibex_register_file_ff.sv'
Analyzing Verilog file 'C:\Workspace\FPGA\coralnpu-nano20k\bazel\external\lowrisc_opentitan_gh\hw\vendor\lowrisc_ibex\rtl\ibex_register_file_fpga.sv'
Analyzing Verilog file 'C:\Workspace\FPGA\coralnpu-nano20k\bazel\external\lowrisc_opentitan_gh\hw\vendor\lowrisc_ibex\rtl\ibex_register_file_latch.sv'
Analyzing Verilog file 'C:\Workspace\FPGA\coralnpu-nano20k\bazel\external\lowrisc_opentitan_gh\hw\vendor\lowrisc_ibex\rtl\ibex_top.sv'
Analyzing included file 'C:\Workspace\FPGA\coralnpu-nano20k\bazel\external\lowrisc_opentitan_gh\hw\ip\prim\rtl\prim_assert.sv'("C:\Workspace\FPGA\coralnpu-nano20k\bazel\external\lowrisc_opentitan_gh\hw\vendor\lowrisc_ibex\rtl\ibex_top.sv":11)
Back to file 'C:\Workspace\FPGA\coralnpu-nano20k\bazel\external\lowrisc_opentitan_gh\hw\vendor\lowrisc_ibex\rtl\ibex_top.sv'("C:\Workspace\FPGA\coralnpu-nano20k\bazel\external\lowrisc_opentitan_gh\hw\vendor\lowrisc_ibex\rtl\ibex_top.sv":11)
Analyzing Verilog file 'C:\Workspace\FPGA\coralnpu-nano20k\bazel\external\lowrisc_opentitan_gh\hw\vendor\lowrisc_ibex\rtl\ibex_top_tracing.sv'
Analyzing Verilog file 'C:\Workspace\FPGA\coralnpu-nano20k\bazel\external\lowrisc_opentitan_gh\hw\vendor\lowrisc_ibex\rtl\ibex_tracer_pkg.sv'
Analyzing Verilog file 'C:\Workspace\FPGA\coralnpu-nano20k\bazel\external\lowrisc_opentitan_gh\hw\vendor\lowrisc_ibex\rtl\ibex_tracer.sv'
Analyzing Verilog file 'C:\Workspace\FPGA\coralnpu-nano20k\bazel\external\lowrisc_opentitan_gh\hw\vendor\lowrisc_ibex\rtl\ibex_wb_stage.sv'
Analyzing included file 'C:\Workspace\FPGA\coralnpu-nano20k\bazel\external\lowrisc_opentitan_gh\hw\ip\prim\rtl\prim_assert.sv'("C:\Workspace\FPGA\coralnpu-nano20k\bazel\external\lowrisc_opentitan_gh\hw\vendor\lowrisc_ibex\rtl\ibex_wb_stage.sv":15)
Back to file 'C:\Workspace\FPGA\coralnpu-nano20k\bazel\external\lowrisc_opentitan_gh\hw\vendor\lowrisc_ibex\rtl\ibex_wb_stage.sv'("C:\Workspace\FPGA\coralnpu-nano20k\bazel\external\lowrisc_opentitan_gh\hw\vendor\lowrisc_ibex\rtl\ibex_wb_stage.sv":15)
Analyzing Verilog file 'C:\Workspace\FPGA\coralnpu-nano20k\bazel\external\lowrisc_opentitan_gh\hw\vendor\pulp_riscv_dbg\src\dm_csrs.sv'
Analyzing Verilog file 'C:\Workspace\FPGA\coralnpu-nano20k\bazel\external\lowrisc_opentitan_gh\hw\vendor\pulp_riscv_dbg\src\dm_mem.sv'
Analyzing Verilog file 'C:\Workspace\FPGA\coralnpu-nano20k\bazel\external\lowrisc_opentitan_gh\hw\vendor\pulp_riscv_dbg\src\dm_sba.sv'
Analyzing Verilog file 'C:\Workspace\FPGA\coralnpu-nano20k\bazel\external\lowrisc_opentitan_gh\hw\vendor\pulp_riscv_dbg\src\dm_top.sv'
Analyzing Verilog file 'C:\Workspace\FPGA\coralnpu-nano20k\bazel\external\lowrisc_opentitan_gh\hw\vendor\pulp_riscv_dbg\src\dmi_bscane_tap.sv'
Analyzing Verilog file 'C:\Workspace\FPGA\coralnpu-nano20k\bazel\external\lowrisc_opentitan_gh\hw\vendor\pulp_riscv_dbg\src\dmi_cdc.sv'
Analyzing Verilog file 'C:\Workspace\FPGA\coralnpu-nano20k\bazel\external\lowrisc_opentitan_gh\hw\vendor\pulp_riscv_dbg\src\dmi_intf.sv'
Analyzing Verilog file 'C:\Workspace\FPGA\coralnpu-nano20k\fpga\console60k\src\gowin_pll\gowin_pll.v'
Analyzing Verilog file 'C:\Workspace\FPGA\coralnpu-nano20k\fpga\console60k\src\gowin_pll\gowin_pll_mod.v'
Analyzing Verilog file 'C:\Workspace\FPGA\coralnpu-nano20k\fpga\console60k\src\pll_init.v'
Analyzing Verilog file 'C:\Workspace\FPGA\coralnpu-nano20k\fpga\ip\coralnpu_tlul\coralnpu_tlul_pkg_128.sv'
WARN  (EX2582) : Parameter 'ArbiterImpl' declared inside package 'coralnpu_tlul_pkg_128' shall be treated as localparam("C:\Workspace\FPGA\coralnpu-nano20k\fpga\ip\coralnpu_tlul\coralnpu_tlul_pkg_128.sv":19)
Analyzing Verilog file 'C:\Workspace\FPGA\coralnpu-nano20k\fpga\ip\coralnpu_tlul\coralnpu_tlul_pkg_32.sv'
Analyzing Verilog file 'C:\Workspace\FPGA\coralnpu-nano20k\fpga\ip\sram\Sram.sv'
Analyzing included file 'C:\Workspace\FPGA\coralnpu-nano20k\bazel\external\lowrisc_opentitan_gh\hw\ip\prim\rtl\prim_util_memload.svh'("C:\Workspace\FPGA\coralnpu-nano20k\fpga\ip\sram\Sram.sv":39)
Back to file 'C:\Workspace\FPGA\coralnpu-nano20k\fpga\ip\sram\Sram.sv'("C:\Workspace\FPGA\coralnpu-nano20k\fpga\ip\sram\Sram.sv":39)
Analyzing Verilog file 'C:\Workspace\FPGA\coralnpu-nano20k\fpga\rtl\coralnpu_soc.sv'
Analyzing Verilog file 'C:\Workspace\FPGA\coralnpu-nano20k\fpga\rtl\chip_console60k_Spi2TLUL.sv'
Compiling module 'chip_console60k_Spi2TLUL'("C:\Workspace\FPGA\coralnpu-nano20k\fpga\rtl\chip_console60k_Spi2TLUL.sv":19)
Compiling module 'Gowin_PLL'("C:\Workspace\FPGA\coralnpu-nano20k\fpga\console60k\src\gowin_pll\gowin_pll.v":1)
Compiling module 'Gowin_PLL_MOD'("C:\Workspace\FPGA\coralnpu-nano20k\fpga\console60k\src\gowin_pll\gowin_pll_mod.v":10)
Compiling module 'PLL_INIT(CLK_PERIOD=12,MULTI_FAC=50)'("C:\Workspace\FPGA\coralnpu-nano20k\fpga\console60k\src\pll_init.v":4)
Compiling module 'Spi2TLUL'("C:\Workspace\FPGA\coralnpu-nano20k\bazel\bazel-out\k8-fastbuild\bin\hdl\chisel\src\soc\CoralNPUChiselSubsystem.sv":28645)
Compiling module 'AsyncQueue_4'("C:\Workspace\FPGA\coralnpu-nano20k\bazel\bazel-out\k8-fastbuild\bin\hdl\chisel\src\soc\CoralNPUChiselSubsystem.sv":27898)
Compiling module 'AsyncQueueSource_UInt8'("C:\Workspace\FPGA\coralnpu-nano20k\bazel\bazel-out\k8-fastbuild\bin\hdl\chisel\src\soc\CoralNPUChiselSubsystem.sv":27714)
Compiling module 'AsyncResetSynchronizerShiftReg_w2_d3_i0'("C:\Workspace\FPGA\coralnpu-nano20k\bazel\bazel-out\k8-fastbuild\bin\hdl\chisel\src\soc\CoralNPUChiselSubsystem.sv":27690)
Compiling module 'AsyncResetSynchronizerPrimitiveShiftReg_d3_i0'("C:\Workspace\FPGA\coralnpu-nano20k\bazel\bazel-out\k8-fastbuild\bin\hdl\chisel\src\soc\CoralNPUChiselSubsystem.sv":1653)
Compiling module 'AsyncQueueSink_UInt8'("C:\Workspace\FPGA\coralnpu-nano20k\bazel\bazel-out\k8-fastbuild\bin\hdl\chisel\src\soc\CoralNPUChiselSubsystem.sv":27825)
Compiling module 'ClockCrossingReg_w8'("C:\Workspace\FPGA\coralnpu-nano20k\bazel\bazel-out\k8-fastbuild\bin\hdl\chisel\src\soc\CoralNPUChiselSubsystem.sv":27792)
Compiling module 'write_data_buffer_sram_256x128'("C:\Workspace\FPGA\coralnpu-nano20k\bazel\bazel-out\k8-fastbuild\bin\hdl\chisel\src\soc\CoralNPUChiselSubsystem.sv":28524)
Extracting RAM for identifier 'Memory'("C:\Workspace\FPGA\coralnpu-nano20k\bazel\bazel-out\k8-fastbuild\bin\hdl\chisel\src\soc\CoralNPUChiselSubsystem.sv":28543)
Compiling module 'read_data_buffer_sram_256x128'("C:\Workspace\FPGA\coralnpu-nano20k\bazel\bazel-out\k8-fastbuild\bin\hdl\chisel\src\soc\CoralNPUChiselSubsystem.sv":28598)
Extracting RAM for identifier 'Memory'("C:\Workspace\FPGA\coralnpu-nano20k\bazel\bazel-out\k8-fastbuild\bin\hdl\chisel\src\soc\CoralNPUChiselSubsystem.sv":28609)
Compiling module 'AsyncQueue_5'("C:\Workspace\FPGA\coralnpu-nano20k\bazel\bazel-out\k8-fastbuild\bin\hdl\chisel\src\soc\CoralNPUChiselSubsystem.sv":28126)
Compiling module 'AsyncQueueSource_UInt128'("C:\Workspace\FPGA\coralnpu-nano20k\bazel\bazel-out\k8-fastbuild\bin\hdl\chisel\src\soc\CoralNPUChiselSubsystem.sv":27939)
Compiling module 'AsyncQueueSink_UInt128'("C:\Workspace\FPGA\coralnpu-nano20k\bazel\bazel-out\k8-fastbuild\bin\hdl\chisel\src\soc\CoralNPUChiselSubsystem.sv":28054)
Compiling module 'ClockCrossingReg_w128'("C:\Workspace\FPGA\coralnpu-nano20k\bazel\bazel-out\k8-fastbuild\bin\hdl\chisel\src\soc\CoralNPUChiselSubsystem.sv":28019)
Compiling module 'Queue1_A_Channel'("C:\Workspace\FPGA\coralnpu-nano20k\bazel\bazel-out\k8-fastbuild\bin\hdl\chisel\src\soc\CoralNPUChiselSubsystem.sv":28165)
Compiling module 'Queue1_D_Channel'("C:\Workspace\FPGA\coralnpu-nano20k\bazel\bazel-out\k8-fastbuild\bin\hdl\chisel\src\soc\CoralNPUChiselSubsystem.sv":28252)
Compiling module 'RequestIntegrityGen_16'("C:\Workspace\FPGA\coralnpu-nano20k\bazel\bazel-out\k8-fastbuild\bin\hdl\chisel\src\soc\CoralNPUChiselSubsystem.sv":27188)
Compiling module 'SecdedEncoder_57'("C:\Workspace\FPGA\coralnpu-nano20k\bazel\bazel-out\k8-fastbuild\bin\hdl\chisel\src\soc\CoralNPUChiselSubsystem.sv":5)
Compiling module 'SecdedEncoder_128'("C:\Workspace\FPGA\coralnpu-nano20k\bazel\bazel-out\k8-fastbuild\bin\hdl\chisel\src\soc\CoralNPUChiselSubsystem.sv":60)
Compiling module 'AsyncQueue_6'("C:\Workspace\FPGA\coralnpu-nano20k\bazel\bazel-out\k8-fastbuild\bin\hdl\chisel\src\soc\CoralNPUChiselSubsystem.sv":28485)
Compiling module 'AsyncQueueSource_UInt8_1'("C:\Workspace\FPGA\coralnpu-nano20k\bazel\bazel-out\k8-fastbuild\bin\hdl\chisel\src\soc\CoralNPUChiselSubsystem.sv":28344)
Compiling module 'AsyncResetSynchronizerShiftReg_w1_d3_i0_32'("C:\Workspace\FPGA\coralnpu-nano20k\bazel\bazel-out\k8-fastbuild\bin\hdl\chisel\src\soc\CoralNPUChiselSubsystem.sv":28329)
Compiling module 'AsyncQueueSink_UInt8_1'("C:\Workspace\FPGA\coralnpu-nano20k\bazel\bazel-out\k8-fastbuild\bin\hdl\chisel\src\soc\CoralNPUChiselSubsystem.sv":28415)
WARN  (EX3670) : Actual bit length 1 differs from formal bit length 3 for port 'io_tl_a_bits_param'("C:\Workspace\FPGA\coralnpu-nano20k\fpga\rtl\chip_console60k_Spi2TLUL.sv":129)
WARN  (EX3670) : Actual bit length 1 differs from formal bit length 7 for port 'io_tl_a_bits_user_data_intg'("C:\Workspace\FPGA\coralnpu-nano20k\fpga\rtl\chip_console60k_Spi2TLUL.sv":138)
WARN  (EX3670) : Actual bit length 1 differs from formal bit length 3 for port 'io_tl_d_bits_param'("C:\Workspace\FPGA\coralnpu-nano20k\fpga\rtl\chip_console60k_Spi2TLUL.sv":142)
WARN  (EX3670) : Actual bit length 1 differs from formal bit length 7 for port 'io_tl_d_bits_user_data_intg'("C:\Workspace\FPGA\coralnpu-nano20k\fpga\rtl\chip_console60k_Spi2TLUL.sv":148)
WARN  (EX1998) : Net 'Spi2TLUL_io_tl_a_ready' does not have a driver("C:\Workspace\FPGA\coralnpu-nano20k\fpga\rtl\chip_console60k_Spi2TLUL.sv":73)
WARN  (EX1998) : Net 'Spi2TLUL_io_tl_d_valid' does not have a driver("C:\Workspace\FPGA\coralnpu-nano20k\fpga\rtl\chip_console60k_Spi2TLUL.sv":85)
WARN  (EX1998) : Net 'Spi2TLUL_io_tl_d_bits_opcode[2]' does not have a driver("C:\Workspace\FPGA\coralnpu-nano20k\fpga\rtl\chip_console60k_Spi2TLUL.sv":86)
WARN  (EX1998) : Net 'Spi2TLUL_io_tl_d_bits_data[127]' does not have a driver("C:\Workspace\FPGA\coralnpu-nano20k\fpga\rtl\chip_console60k_Spi2TLUL.sv":87)
WARN  (EX1998) : Net 'Spi2TLUL_io_tl_d_bits_error' does not have a driver("C:\Workspace\FPGA\coralnpu-nano20k\fpga\rtl\chip_console60k_Spi2TLUL.sv":88)
WARN  (EX1998) : Net 'Spi2TLUL_io_tl_d_bits_param' does not have a driver("C:\Workspace\FPGA\coralnpu-nano20k\fpga\rtl\chip_console60k_Spi2TLUL.sv":91)
WARN  (EX1998) : Net 'Spi2TLUL_io_tl_d_bits_size[3]' does not have a driver("C:\Workspace\FPGA\coralnpu-nano20k\fpga\rtl\chip_console60k_Spi2TLUL.sv":92)
WARN  (EX1998) : Net 'Spi2TLUL_io_tl_d_bits_source[5]' does not have a driver("C:\Workspace\FPGA\coralnpu-nano20k\fpga\rtl\chip_console60k_Spi2TLUL.sv":93)
WARN  (EX1998) : Net 'Spi2TLUL_io_tl_d_bits_sink' does not have a driver("C:\Workspace\FPGA\coralnpu-nano20k\fpga\rtl\chip_console60k_Spi2TLUL.sv":94)
WARN  (EX1998) : Net 'Spi2TLUL_io_tl_d_bits_user_rsp_intg[6]' does not have a driver("C:\Workspace\FPGA\coralnpu-nano20k\fpga\rtl\chip_console60k_Spi2TLUL.sv":95)
WARN  (EX1998) : Net 'Spi2TLUL_io_tl_d_bits_user_data_intg' does not have a driver("C:\Workspace\FPGA\coralnpu-nano20k\fpga\rtl\chip_console60k_Spi2TLUL.sv":96)
WARN  (EX2565) : Input 'mdclk' on this instance is undriven. Assigning to 0, simulation mismatch possible. Please assign the input or remove the declaration("C:\Workspace\FPGA\coralnpu-nano20k\fpga\rtl\chip_console60k_Spi2TLUL.sv":44)
NOTE  (EX0101) : Current top module is "chip_console60k_Spi2TLUL"
WARN  (EX0211) : The output port "uart_tx_o[1]" of module "chip_console60k_Spi2TLUL" has no driver, assigning undriven bits to Z, simulation mismatch possible("C:\Workspace\FPGA\coralnpu-nano20k\fpga\rtl\chip_console60k_Spi2TLUL.sv":26)
WARN  (EX0211) : The output port "uart_tx_o[0]" of module "chip_console60k_Spi2TLUL" has no driver, assigning undriven bits to Z, simulation mismatch possible("C:\Workspace\FPGA\coralnpu-nano20k\fpga\rtl\chip_console60k_Spi2TLUL.sv":26)
WARN  (NL0001) : Sweep user defined dangling instance "gowinPLL81MHz/u_pll/PLLA_inst"("C:\Workspace\FPGA\coralnpu-nano20k\fpga\console60k\src\gowin_pll\gowin_pll_mod.v":61)
[5%] Running netlist conversion ...
WARN  (CV0016) : Input uart_rx_i is unused("C:\Workspace\FPGA\coralnpu-nano20k\fpga\rtl\chip_console60k_Spi2TLUL.sv":27)
WARN  (CV0020) : Input o_pmod0[7:2] is unused("C:\Workspace\FPGA\coralnpu-nano20k\fpga\rtl\chip_console60k_Spi2TLUL.sv":29)
Running device independent optimization ...
[10%] Optimizing Phase 0 completed
[15%] Optimizing Phase 1 completed
[25%] Optimizing Phase 2 completed
Running inference ...
[30%] Inferring Phase 0 completed
[40%] Inferring Phase 1 completed
[50%] Inferring Phase 2 completed
[55%] Inferring Phase 3 completed
Running technical mapping ...
[60%] Tech-Mapping Phase 0 completed
[65%] Tech-Mapping Phase 1 completed
[75%] Tech-Mapping Phase 2 completed
[80%] Tech-Mapping Phase 3 completed
[90%] Tech-Mapping Phase 4 completed
WARN  (NL0002) : The module "Gowin_PLL" instantiated to "gowinPLL81MHz" is swept in optimizing("C:\Workspace\FPGA\coralnpu-nano20k\fpga\rtl\chip_console60k_Spi2TLUL.sv":44)
WARN  (NL0002) : The module "Gowin_PLL_MOD" instantiated to "u_pll" is swept in optimizing("C:\Workspace\FPGA\coralnpu-nano20k\fpga\console60k\src\gowin_pll\gowin_pll.v":31)
WARN  (NL0002) : The module "PLL_INIT" instantiated to "u_pll_init" is swept in optimizing("C:\Workspace\FPGA\coralnpu-nano20k\fpga\console60k\src\gowin_pll\gowin_pll.v":49)
WARN  (NL0002) : The module "Queue1_D_Channel" instantiated to "tl_d_q" is swept in optimizing("C:\Workspace\FPGA\coralnpu-nano20k\bazel\bazel-out\k8-fastbuild\bin\hdl\chisel\src\soc\CoralNPUChiselSubsystem.sv":29237)
WARN  (NL0002) : The module "ClockCrossingReg_w128" instantiated to "io_deq_bits_deq_bits_reg" is swept in optimizing("C:\Workspace\FPGA\coralnpu-nano20k\bazel\bazel-out\k8-fastbuild\bin\hdl\chisel\src\soc\CoralNPUChiselSubsystem.sv":28121)
WARN  (NL0002) : The module "AsyncResetSynchronizerShiftReg_w2_d3_i0" instantiated to "widx_widx_gray" is swept in optimizing("C:\Workspace\FPGA\coralnpu-nano20k\bazel\bazel-out\k8-fastbuild\bin\hdl\chisel\src\soc\CoralNPUChiselSubsystem.sv":28114)
WARN  (NL0002) : The module "AsyncResetSynchronizerPrimitiveShiftReg_d3_i0" instantiated to "output_chain" is swept in optimizing("C:\Workspace\FPGA\coralnpu-nano20k\bazel\bazel-out\k8-fastbuild\bin\hdl\chisel\src\soc\CoralNPUChiselSubsystem.sv":27704)
WARN  (NL0002) : The module "AsyncResetSynchronizerPrimitiveShiftReg_d3_i0" instantiated to "output_chain_1" is swept in optimizing("C:\Workspace\FPGA\coralnpu-nano20k\bazel\bazel-out\k8-fastbuild\bin\hdl\chisel\src\soc\CoralNPUChiselSubsystem.sv":27710)
WARN  (NL0002) : The module "AsyncQueueSource_UInt128" instantiated to "source" is swept in optimizing("C:\Workspace\FPGA\coralnpu-nano20k\bazel\bazel-out\k8-fastbuild\bin\hdl\chisel\src\soc\CoralNPUChiselSubsystem.sv":28152)
WARN  (NL0002) : The module "AsyncResetSynchronizerShiftReg_w2_d3_i0" instantiated to "ridx_ridx_gray" is swept in optimizing("C:\Workspace\FPGA\coralnpu-nano20k\bazel\bazel-out\k8-fastbuild\bin\hdl\chisel\src\soc\CoralNPUChiselSubsystem.sv":28012)
WARN  (NL0002) : The module "AsyncResetSynchronizerPrimitiveShiftReg_d3_i0" instantiated to "output_chain" is swept in optimizing("C:\Workspace\FPGA\coralnpu-nano20k\bazel\bazel-out\k8-fastbuild\bin\hdl\chisel\src\soc\CoralNPUChiselSubsystem.sv":27704)
WARN  (NL0002) : The module "AsyncResetSynchronizerPrimitiveShiftReg_d3_i0" instantiated to "output_chain_1" is swept in optimizing("C:\Workspace\FPGA\coralnpu-nano20k\bazel\bazel-out\k8-fastbuild\bin\hdl\chisel\src\soc\CoralNPUChiselSubsystem.sv":27710)
[95%] Generate netlist file "C:\Workspace\FPGA\coralnpu-nano20k\fpga\console60k\impl\gwsynthesis\console60k.vg" completed
[100%] Generate report file "C:\Workspace\FPGA\coralnpu-nano20k\fpga\console60k\impl\gwsynthesis\console60k_syn.rpt.html" completed
GowinSynthesis finish
